[2025-11-18 14:19:44.507] [3266] [HailoRT] [info] [device.cpp:49] [Device] OS Version: Linux 6.12.47+rpt-rpi-2712 #1 SMP PREEMPT Debian 1:6.12.47-1+rpt1~bookworm (2025-09-16) aarch64
[2025-11-18 14:19:44.508] [3266] [HailoRT] [info] [control.cpp:108] [control__parse_identify_results] firmware_version is: 4.20.0
[2025-11-18 14:19:44.509] [3266] [HailoRT] [info] [control.cpp:108] [control__parse_identify_results] firmware_version is: 4.20.0
[2025-11-18 14:19:44.564] [3274] [HailoRT] [info] [device.cpp:49] [Device] OS Version: Linux 6.12.47+rpt-rpi-2712 #1 SMP PREEMPT Debian 1:6.12.47-1+rpt1~bookworm (2025-09-16) aarch64
[2025-11-18 14:19:44.567] [3274] [HailoRT] [info] [control.cpp:108] [control__parse_identify_results] firmware_version is: 4.20.0
[2025-11-18 14:19:44.569] [3274] [HailoRT] [info] [control.cpp:108] [control__parse_identify_results] firmware_version is: 4.20.0
[2025-11-18 14:19:44.855] [3256] [HailoRT] [info] [vdevice.cpp:523] [create] Creating vdevice with params: device_count: 1, scheduling_algorithm: ROUND_ROBIN, multi_process_service: false
[2025-11-18 14:19:44.870] [3256] [HailoRT] [info] [device.cpp:49] [Device] OS Version: Linux 6.12.47+rpt-rpi-2712 #1 SMP PREEMPT Debian 1:6.12.47-1+rpt1~bookworm (2025-09-16) aarch64
[2025-11-18 14:19:44.872] [3256] [HailoRT] [info] [control.cpp:108] [control__parse_identify_results] firmware_version is: 4.20.0
[2025-11-18 14:19:44.875] [3256] [HailoRT] [info] [vdevice.cpp:651] [create] VDevice Infos: 0001:01:00.0
[2025-11-18 14:19:44.993] [3256] [HailoRT] [info] [hef.cpp:1929] [get_network_group_and_network_name] No name was given. Addressing all networks of default network_group: yolov11n
[2025-11-18 14:19:44.993] [3256] [HailoRT] [info] [hef.cpp:1929] [get_network_group_and_network_name] No name was given. Addressing all networks of default network_group: yolov11n
[2025-11-18 14:19:45.074] [3256] [HailoRT] [info] [internal_buffer_manager.cpp:204] [print_execution_results] Planned internal buffer memory: CMA memory 0, user memory 2772480. memory to edge layer usage factor is 1
[2025-11-18 14:19:45.074] [3256] [HailoRT] [info] [internal_buffer_manager.cpp:212] [print_execution_results] Default Internal buffer planner executed successfully
[2025-11-18 14:19:45.138] [3256] [HailoRT] [info] [device_internal.cpp:57] [configure] Configuring HEF took 80.433085 milliseconds
[2025-11-18 14:19:45.139] [3256] [HailoRT] [info] [vdevice.cpp:749] [configure] Configuring HEF on VDevice took 81.207994 milliseconds
[2025-11-18 14:19:45.139] [3256] [HailoRT] [info] [infer_model.cpp:436] [configure] Configuring network group 'yolov11n' with params: batch size: 2, power mode: PERFORMANCE, latency: NONE
[2025-11-18 14:19:45.143] [3256] [HailoRT] [info] [multi_io_elements.cpp:756] [create] Created (AsyncHwEl)
[2025-11-18 14:19:45.144] [3256] [HailoRT] [info] [queue_elements.cpp:450] [create] Created (EntryPushQEl0yolov11n/input_layer1 | timeout: 10s)
[2025-11-18 14:19:45.144] [3256] [HailoRT] [info] [filter_elements.cpp:101] [create] Created (PreInferEl3yolov11n/input_layer1 | Reorder - src_order: RGB4, src_shape: (640, 640, 3), dst_order: NHCW, dst_shape: (640, 640, 3))
[2025-11-18 14:19:45.144] [3256] [HailoRT] [info] [queue_elements.cpp:450] [create] Created (PushQEl3yolov11n/input_layer1 | timeout: 10s)
[2025-11-18 14:19:45.144] [3256] [HailoRT] [info] [multi_io_elements.cpp:135] [create] Created (NmsPPMuxEl0YOLOV8-Post-Process | Op YOLOV8, Name: YOLOV8-Post-Process, Score threshold: 0.300, IoU threshold: 0.45, Classes: 80, Cross classes: false, NMS results order: BY_CLASS, Max bboxes per class: 100, Image height: 640, Image width: 640)
[2025-11-18 14:19:45.145] [3256] [HailoRT] [info] [queue_elements.cpp:942] [create] Created (MultiPushQEl0YOLOV8-Post-Process | timeout: 10s)
[2025-11-18 14:19:45.145] [3256] [HailoRT] [info] [edge_elements.cpp:187] [create] Created (LastAsyncEl0NmsPPMuxEl0YOLOV8-Post-Process)
[2025-11-18 14:19:45.145] [3256] [HailoRT] [info] [pipeline.cpp:891] [print_deep_description] EntryPushQEl0yolov11n/input_layer1 | inputs: user | outputs: PreInferEl3yolov11n/input_layer1(running in thread_id: 3320)
[2025-11-18 14:19:45.145] [3256] [HailoRT] [info] [pipeline.cpp:891] [print_deep_description] PreInferEl3yolov11n/input_layer1 | inputs: EntryPushQEl0yolov11n/input_layer1[0] | outputs: PushQEl3yolov11n/input_layer1
[2025-11-18 14:19:45.145] [3256] [HailoRT] [info] [pipeline.cpp:891] [print_deep_description] PushQEl3yolov11n/input_layer1 | inputs: PreInferEl3yolov11n/input_layer1[0] | outputs: AsyncHwEl(running in thread_id: 3321)
[2025-11-18 14:19:45.145] [3256] [HailoRT] [info] [pipeline.cpp:891] [print_deep_description] AsyncHwEl | inputs: PushQEl3yolov11n/input_layer1[0] | outputs: MultiPushQEl0YOLOV8-Post-Process MultiPushQEl0YOLOV8-Post-Process MultiPushQEl0YOLOV8-Post-Process MultiPushQEl0YOLOV8-Post-Process MultiPushQEl0YOLOV8-Post-Process MultiPushQEl0YOLOV8-Post-Process
[2025-11-18 14:19:45.145] [3256] [HailoRT] [info] [pipeline.cpp:891] [print_deep_description] MultiPushQEl0YOLOV8-Post-Process | inputs: AsyncHwEl[0] AsyncHwEl[1] AsyncHwEl[2] AsyncHwEl[3] AsyncHwEl[4] AsyncHwEl[5] | outputs: NmsPPMuxEl0YOLOV8-Post-Process(running in thread_id: 3322)
[2025-11-18 14:19:45.145] [3256] [HailoRT] [info] [pipeline.cpp:891] [print_deep_description] NmsPPMuxEl0YOLOV8-Post-Process | inputs: MultiPushQEl0YOLOV8-Post-Process[0] | outputs: LastAsyncEl0NmsPPMuxEl0YOLOV8-Post-Process
[2025-11-18 14:19:45.145] [3256] [HailoRT] [info] [pipeline.cpp:891] [print_deep_description] LastAsyncEl0NmsPPMuxEl0YOLOV8-Post-Process | inputs: NmsPPMuxEl0YOLOV8-Post-Process[0] | outputs: user
[2025-11-18 14:19:45.949] [3307] [HailoRT] [info] [hef.cpp:1929] [get_network_group_and_network_name] No name was given. Addressing all networks of default network_group: yolov11n
[2025-11-18 14:20:53.347] [3418] [HailoRT] [info] [device.cpp:49] [Device] OS Version: Linux 6.12.47+rpt-rpi-2712 #1 SMP PREEMPT Debian 1:6.12.47-1+rpt1~bookworm (2025-09-16) aarch64
[2025-11-18 14:20:53.349] [3418] [HailoRT] [info] [control.cpp:108] [control__parse_identify_results] firmware_version is: 4.20.0
[2025-11-18 14:20:53.351] [3418] [HailoRT] [info] [control.cpp:108] [control__parse_identify_results] firmware_version is: 4.20.0
[2025-11-18 14:20:53.400] [3426] [HailoRT] [info] [device.cpp:49] [Device] OS Version: Linux 6.12.47+rpt-rpi-2712 #1 SMP PREEMPT Debian 1:6.12.47-1+rpt1~bookworm (2025-09-16) aarch64
[2025-11-18 14:20:53.402] [3426] [HailoRT] [info] [control.cpp:108] [control__parse_identify_results] firmware_version is: 4.20.0
[2025-11-18 14:20:53.404] [3426] [HailoRT] [info] [control.cpp:108] [control__parse_identify_results] firmware_version is: 4.20.0
[2025-11-18 14:20:53.485] [3408] [HailoRT] [info] [vdevice.cpp:523] [create] Creating vdevice with params: device_count: 1, scheduling_algorithm: ROUND_ROBIN, multi_process_service: false
[2025-11-18 14:20:53.496] [3408] [HailoRT] [info] [device.cpp:49] [Device] OS Version: Linux 6.12.47+rpt-rpi-2712 #1 SMP PREEMPT Debian 1:6.12.47-1+rpt1~bookworm (2025-09-16) aarch64
[2025-11-18 14:20:53.497] [3408] [HailoRT] [info] [control.cpp:108] [control__parse_identify_results] firmware_version is: 4.20.0
[2025-11-18 14:20:53.497] [3408] [HailoRT] [info] [vdevice.cpp:651] [create] VDevice Infos: 0001:01:00.0
[2025-11-18 14:20:53.525] [3408] [HailoRT] [info] [hef.cpp:1929] [get_network_group_and_network_name] No name was given. Addressing all networks of default network_group: yolov11n
[2025-11-18 14:20:53.525] [3408] [HailoRT] [info] [hef.cpp:1929] [get_network_group_and_network_name] No name was given. Addressing all networks of default network_group: yolov11n
[2025-11-18 14:20:53.574] [3408] [HailoRT] [info] [internal_buffer_manager.cpp:204] [print_execution_results] Planned internal buffer memory: CMA memory 0, user memory 2772480. memory to edge layer usage factor is 1
[2025-11-18 14:20:53.574] [3408] [HailoRT] [info] [internal_buffer_manager.cpp:212] [print_execution_results] Default Internal buffer planner executed successfully
[2025-11-18 14:20:53.640] [3408] [HailoRT] [info] [device_internal.cpp:57] [configure] Configuring HEF took 73.514367 milliseconds
[2025-11-18 14:20:53.640] [3408] [HailoRT] [info] [vdevice.cpp:749] [configure] Configuring HEF on VDevice took 74.04296 milliseconds
[2025-11-18 14:20:53.640] [3408] [HailoRT] [info] [infer_model.cpp:436] [configure] Configuring network group 'yolov11n' with params: batch size: 2, power mode: PERFORMANCE, latency: NONE
[2025-11-18 14:20:53.640] [3408] [HailoRT] [info] [multi_io_elements.cpp:756] [create] Created (AsyncHwEl)
[2025-11-18 14:20:53.664] [3408] [HailoRT] [info] [queue_elements.cpp:450] [create] Created (EntryPushQEl0yolov11n/input_layer1 | timeout: 10s)
[2025-11-18 14:20:53.664] [3408] [HailoRT] [info] [filter_elements.cpp:101] [create] Created (PreInferEl3yolov11n/input_layer1 | Reorder - src_order: RGB4, src_shape: (640, 640, 3), dst_order: NHCW, dst_shape: (640, 640, 3))
[2025-11-18 14:20:53.665] [3408] [HailoRT] [info] [queue_elements.cpp:450] [create] Created (PushQEl3yolov11n/input_layer1 | timeout: 10s)
[2025-11-18 14:20:53.665] [3408] [HailoRT] [info] [multi_io_elements.cpp:135] [create] Created (NmsPPMuxEl0YOLOV8-Post-Process | Op YOLOV8, Name: YOLOV8-Post-Process, Score threshold: 0.300, IoU threshold: 0.45, Classes: 80, Cross classes: false, NMS results order: BY_CLASS, Max bboxes per class: 100, Image height: 640, Image width: 640)
[2025-11-18 14:20:53.666] [3408] [HailoRT] [info] [queue_elements.cpp:942] [create] Created (MultiPushQEl0YOLOV8-Post-Process | timeout: 10s)
[2025-11-18 14:20:53.666] [3408] [HailoRT] [info] [edge_elements.cpp:187] [create] Created (LastAsyncEl0NmsPPMuxEl0YOLOV8-Post-Process)
[2025-11-18 14:20:53.666] [3408] [HailoRT] [info] [pipeline.cpp:891] [print_deep_description] EntryPushQEl0yolov11n/input_layer1 | inputs: user | outputs: PreInferEl3yolov11n/input_layer1(running in thread_id: 3471)
[2025-11-18 14:20:53.666] [3408] [HailoRT] [info] [pipeline.cpp:891] [print_deep_description] PreInferEl3yolov11n/input_layer1 | inputs: EntryPushQEl0yolov11n/input_layer1[0] | outputs: PushQEl3yolov11n/input_layer1
[2025-11-18 14:20:53.666] [3408] [HailoRT] [info] [pipeline.cpp:891] [print_deep_description] PushQEl3yolov11n/input_layer1 | inputs: PreInferEl3yolov11n/input_layer1[0] | outputs: AsyncHwEl(running in thread_id: 3472)
[2025-11-18 14:20:53.666] [3408] [HailoRT] [info] [pipeline.cpp:891] [print_deep_description] AsyncHwEl | inputs: PushQEl3yolov11n/input_layer1[0] | outputs: MultiPushQEl0YOLOV8-Post-Process MultiPushQEl0YOLOV8-Post-Process MultiPushQEl0YOLOV8-Post-Process MultiPushQEl0YOLOV8-Post-Process MultiPushQEl0YOLOV8-Post-Process MultiPushQEl0YOLOV8-Post-Process
[2025-11-18 14:20:53.666] [3408] [HailoRT] [info] [pipeline.cpp:891] [print_deep_description] MultiPushQEl0YOLOV8-Post-Process | inputs: AsyncHwEl[0] AsyncHwEl[1] AsyncHwEl[2] AsyncHwEl[3] AsyncHwEl[4] AsyncHwEl[5] | outputs: NmsPPMuxEl0YOLOV8-Post-Process(running in thread_id: 3473)
[2025-11-18 14:20:53.666] [3408] [HailoRT] [info] [pipeline.cpp:891] [print_deep_description] NmsPPMuxEl0YOLOV8-Post-Process | inputs: MultiPushQEl0YOLOV8-Post-Process[0] | outputs: LastAsyncEl0NmsPPMuxEl0YOLOV8-Post-Process
[2025-11-18 14:20:53.666] [3408] [HailoRT] [info] [pipeline.cpp:891] [print_deep_description] LastAsyncEl0NmsPPMuxEl0YOLOV8-Post-Process | inputs: NmsPPMuxEl0YOLOV8-Post-Process[0] | outputs: user
[2025-11-18 14:20:54.490] [3458] [HailoRT] [info] [hef.cpp:1929] [get_network_group_and_network_name] No name was given. Addressing all networks of default network_group: yolov11n
[2025-11-18 14:26:10.396] [3572] [HailoRT] [info] [device.cpp:49] [Device] OS Version: Linux 6.12.47+rpt-rpi-2712 #1 SMP PREEMPT Debian 1:6.12.47-1+rpt1~bookworm (2025-09-16) aarch64
[2025-11-18 14:26:10.397] [3572] [HailoRT] [info] [control.cpp:108] [control__parse_identify_results] firmware_version is: 4.20.0
[2025-11-18 14:26:10.399] [3572] [HailoRT] [info] [control.cpp:108] [control__parse_identify_results] firmware_version is: 4.20.0
[2025-11-18 14:26:10.444] [3580] [HailoRT] [info] [device.cpp:49] [Device] OS Version: Linux 6.12.47+rpt-rpi-2712 #1 SMP PREEMPT Debian 1:6.12.47-1+rpt1~bookworm (2025-09-16) aarch64
[2025-11-18 14:26:10.445] [3580] [HailoRT] [info] [control.cpp:108] [control__parse_identify_results] firmware_version is: 4.20.0
[2025-11-18 14:26:10.446] [3580] [HailoRT] [info] [control.cpp:108] [control__parse_identify_results] firmware_version is: 4.20.0
[2025-11-18 14:26:10.534] [3562] [HailoRT] [info] [vdevice.cpp:523] [create] Creating vdevice with params: device_count: 1, scheduling_algorithm: ROUND_ROBIN, multi_process_service: false
[2025-11-18 14:26:10.547] [3562] [HailoRT] [info] [device.cpp:49] [Device] OS Version: Linux 6.12.47+rpt-rpi-2712 #1 SMP PREEMPT Debian 1:6.12.47-1+rpt1~bookworm (2025-09-16) aarch64
[2025-11-18 14:26:10.548] [3562] [HailoRT] [info] [control.cpp:108] [control__parse_identify_results] firmware_version is: 4.20.0
[2025-11-18 14:26:10.548] [3562] [HailoRT] [info] [vdevice.cpp:651] [create] VDevice Infos: 0001:01:00.0
[2025-11-18 14:26:10.575] [3562] [HailoRT] [info] [hef.cpp:1929] [get_network_group_and_network_name] No name was given. Addressing all networks of default network_group: yolov11n
[2025-11-18 14:26:10.575] [3562] [HailoRT] [info] [hef.cpp:1929] [get_network_group_and_network_name] No name was given. Addressing all networks of default network_group: yolov11n
[2025-11-18 14:26:10.622] [3562] [HailoRT] [info] [internal_buffer_manager.cpp:204] [print_execution_results] Planned internal buffer memory: CMA memory 0, user memory 2772480. memory to edge layer usage factor is 1
[2025-11-18 14:26:10.622] [3562] [HailoRT] [info] [internal_buffer_manager.cpp:212] [print_execution_results] Default Internal buffer planner executed successfully
[2025-11-18 14:26:10.647] [3562] [HailoRT] [info] [device_internal.cpp:57] [configure] Configuring HEF took 32.353803 milliseconds
[2025-11-18 14:26:10.648] [3562] [HailoRT] [info] [vdevice.cpp:749] [configure] Configuring HEF on VDevice took 33.145824 milliseconds
[2025-11-18 14:26:10.648] [3562] [HailoRT] [info] [infer_model.cpp:436] [configure] Configuring network group 'yolov11n' with params: batch size: 2, power mode: PERFORMANCE, latency: NONE
[2025-11-18 14:26:10.648] [3562] [HailoRT] [info] [multi_io_elements.cpp:756] [create] Created (AsyncHwEl)
[2025-11-18 14:26:10.668] [3562] [HailoRT] [info] [queue_elements.cpp:450] [create] Created (EntryPushQEl0yolov11n/input_layer1 | timeout: 10s)
[2025-11-18 14:26:10.668] [3562] [HailoRT] [info] [filter_elements.cpp:101] [create] Created (PreInferEl3yolov11n/input_layer1 | Reorder - src_order: RGB4, src_shape: (640, 640, 3), dst_order: NHCW, dst_shape: (640, 640, 3))
[2025-11-18 14:26:10.669] [3562] [HailoRT] [info] [queue_elements.cpp:450] [create] Created (PushQEl3yolov11n/input_layer1 | timeout: 10s)
[2025-11-18 14:26:10.669] [3562] [HailoRT] [info] [multi_io_elements.cpp:135] [create] Created (NmsPPMuxEl0YOLOV8-Post-Process | Op YOLOV8, Name: YOLOV8-Post-Process, Score threshold: 0.300, IoU threshold: 0.45, Classes: 80, Cross classes: false, NMS results order: BY_CLASS, Max bboxes per class: 100, Image height: 640, Image width: 640)
[2025-11-18 14:26:10.670] [3562] [HailoRT] [info] [queue_elements.cpp:942] [create] Created (MultiPushQEl0YOLOV8-Post-Process | timeout: 10s)
[2025-11-18 14:26:10.670] [3562] [HailoRT] [info] [edge_elements.cpp:187] [create] Created (LastAsyncEl0NmsPPMuxEl0YOLOV8-Post-Process)
[2025-11-18 14:26:10.670] [3562] [HailoRT] [info] [pipeline.cpp:891] [print_deep_description] EntryPushQEl0yolov11n/input_layer1 | inputs: user | outputs: PreInferEl3yolov11n/input_layer1(running in thread_id: 3623)
[2025-11-18 14:26:10.670] [3562] [HailoRT] [info] [pipeline.cpp:891] [print_deep_description] PreInferEl3yolov11n/input_layer1 | inputs: EntryPushQEl0yolov11n/input_layer1[0] | outputs: PushQEl3yolov11n/input_layer1
[2025-11-18 14:26:10.670] [3562] [HailoRT] [info] [pipeline.cpp:891] [print_deep_description] PushQEl3yolov11n/input_layer1 | inputs: PreInferEl3yolov11n/input_layer1[0] | outputs: AsyncHwEl(running in thread_id: 3624)
[2025-11-18 14:26:10.670] [3562] [HailoRT] [info] [pipeline.cpp:891] [print_deep_description] AsyncHwEl | inputs: PushQEl3yolov11n/input_layer1[0] | outputs: MultiPushQEl0YOLOV8-Post-Process MultiPushQEl0YOLOV8-Post-Process MultiPushQEl0YOLOV8-Post-Process MultiPushQEl0YOLOV8-Post-Process MultiPushQEl0YOLOV8-Post-Process MultiPushQEl0YOLOV8-Post-Process
[2025-11-18 14:26:10.670] [3562] [HailoRT] [info] [pipeline.cpp:891] [print_deep_description] MultiPushQEl0YOLOV8-Post-Process | inputs: AsyncHwEl[0] AsyncHwEl[1] AsyncHwEl[2] AsyncHwEl[3] AsyncHwEl[4] AsyncHwEl[5] | outputs: NmsPPMuxEl0YOLOV8-Post-Process(running in thread_id: 3625)
[2025-11-18 14:26:10.670] [3562] [HailoRT] [info] [pipeline.cpp:891] [print_deep_description] NmsPPMuxEl0YOLOV8-Post-Process | inputs: MultiPushQEl0YOLOV8-Post-Process[0] | outputs: LastAsyncEl0NmsPPMuxEl0YOLOV8-Post-Process
[2025-11-18 14:26:10.670] [3562] [HailoRT] [info] [pipeline.cpp:891] [print_deep_description] LastAsyncEl0NmsPPMuxEl0YOLOV8-Post-Process | inputs: NmsPPMuxEl0YOLOV8-Post-Process[0] | outputs: user
[2025-11-18 14:26:11.536] [3613] [HailoRT] [info] [hef.cpp:1929] [get_network_group_and_network_name] No name was given. Addressing all networks of default network_group: yolov11n
[2025-11-18 14:27:10.493] [3562] [HailoRT] [info] [async_infer_runner.cpp:86] [shutdown] Pipeline was aborted. Shutting it down
[2025-11-18 14:27:10.494] [3562] [HailoRT] [info] [queue_elements.cpp:1131] [execute_deactivate] enqueue() in element MultiPushQEl0YOLOV8-Post-Process was aborted, got status = HAILO_SHUTDOWN_EVENT_SIGNALED(57)
[2025-11-18 14:27:10.494] [3562] [HailoRT] [info] [queue_elements.cpp:1131] [execute_deactivate] enqueue() in element MultiPushQEl0YOLOV8-Post-Process was aborted, got status = HAILO_SHUTDOWN_EVENT_SIGNALED(57)
[2025-11-18 14:27:10.494] [3562] [HailoRT] [info] [queue_elements.cpp:1131] [execute_deactivate] enqueue() in element MultiPushQEl0YOLOV8-Post-Process was aborted, got status = HAILO_SHUTDOWN_EVENT_SIGNALED(57)
[2025-11-18 14:27:10.494] [3562] [HailoRT] [info] [queue_elements.cpp:1131] [execute_deactivate] enqueue() in element MultiPushQEl0YOLOV8-Post-Process was aborted, got status = HAILO_SHUTDOWN_EVENT_SIGNALED(57)
[2025-11-18 14:27:10.494] [3562] [HailoRT] [info] [queue_elements.cpp:1131] [execute_deactivate] enqueue() in element MultiPushQEl0YOLOV8-Post-Process was aborted, got status = HAILO_SHUTDOWN_EVENT_SIGNALED(57)
[2025-11-18 14:27:10.494] [3562] [HailoRT] [info] [queue_elements.cpp:1131] [execute_deactivate] enqueue() in element MultiPushQEl0YOLOV8-Post-Process was aborted, got status = HAILO_SHUTDOWN_EVENT_SIGNALED(57)
[2025-11-18 14:27:10.494] [3562] [HailoRT] [info] [queue_elements.cpp:570] [execute_deactivate] enqueue() in element PushQEl3yolov11n/input_layer1 was aborted, got status = HAILO_SHUTDOWN_EVENT_SIGNALED(57)
[2025-11-18 14:27:10.494] [3562] [HailoRT] [info] [queue_elements.cpp:570] [execute_deactivate] enqueue() in element EntryPushQEl0yolov11n/input_layer1 was aborted, got status = HAILO_SHUTDOWN_EVENT_SIGNALED(57)
[2025-11-18 14:27:10.494] [3562] [HailoRT] [info] [queue_elements.cpp:46] [~BaseQueueElement] Queue element EntryPushQEl0yolov11n/input_layer1 has 0 frames in his Queue on destruction
[2025-11-18 14:27:10.494] [3562] [HailoRT] [info] [queue_elements.cpp:46] [~BaseQueueElement] Queue element PushQEl3yolov11n/input_layer1 has 0 frames in his Queue on destruction
[2025-11-18 14:30:30.744] [3760] [HailoRT] [info] [device.cpp:49] [Device] OS Version: Linux 6.12.47+rpt-rpi-2712 #1 SMP PREEMPT Debian 1:6.12.47-1+rpt1~bookworm (2025-09-16) aarch64
[2025-11-18 14:30:30.746] [3760] [HailoRT] [info] [control.cpp:108] [control__parse_identify_results] firmware_version is: 4.20.0
[2025-11-18 14:30:30.747] [3760] [HailoRT] [info] [control.cpp:108] [control__parse_identify_results] firmware_version is: 4.20.0
[2025-11-18 14:30:30.803] [3768] [HailoRT] [info] [device.cpp:49] [Device] OS Version: Linux 6.12.47+rpt-rpi-2712 #1 SMP PREEMPT Debian 1:6.12.47-1+rpt1~bookworm (2025-09-16) aarch64
[2025-11-18 14:30:30.806] [3768] [HailoRT] [info] [control.cpp:108] [control__parse_identify_results] firmware_version is: 4.20.0
[2025-11-18 14:30:30.808] [3768] [HailoRT] [info] [control.cpp:108] [control__parse_identify_results] firmware_version is: 4.20.0
[2025-11-18 14:30:30.905] [3750] [HailoRT] [info] [vdevice.cpp:523] [create] Creating vdevice with params: device_count: 1, scheduling_algorithm: ROUND_ROBIN, multi_process_service: false
[2025-11-18 14:30:30.916] [3750] [HailoRT] [info] [device.cpp:49] [Device] OS Version: Linux 6.12.47+rpt-rpi-2712 #1 SMP PREEMPT Debian 1:6.12.47-1+rpt1~bookworm (2025-09-16) aarch64
[2025-11-18 14:30:30.918] [3750] [HailoRT] [info] [control.cpp:108] [control__parse_identify_results] firmware_version is: 4.20.0
[2025-11-18 14:30:30.918] [3750] [HailoRT] [info] [vdevice.cpp:651] [create] VDevice Infos: 0001:01:00.0
[2025-11-18 14:30:30.951] [3750] [HailoRT] [info] [hef.cpp:1929] [get_network_group_and_network_name] No name was given. Addressing all networks of default network_group: yolov11n
[2025-11-18 14:30:30.951] [3750] [HailoRT] [info] [hef.cpp:1929] [get_network_group_and_network_name] No name was given. Addressing all networks of default network_group: yolov11n
[2025-11-18 14:30:31.010] [3750] [HailoRT] [info] [internal_buffer_manager.cpp:204] [print_execution_results] Planned internal buffer memory: CMA memory 0, user memory 2772480. memory to edge layer usage factor is 1
[2025-11-18 14:30:31.010] [3750] [HailoRT] [info] [internal_buffer_manager.cpp:212] [print_execution_results] Default Internal buffer planner executed successfully
[2025-11-18 14:30:31.087] [3750] [HailoRT] [info] [device_internal.cpp:57] [configure] Configuring HEF took 88.403836 milliseconds
[2025-11-18 14:30:31.087] [3750] [HailoRT] [info] [vdevice.cpp:749] [configure] Configuring HEF on VDevice took 89.761766 milliseconds
[2025-11-18 14:30:31.087] [3750] [HailoRT] [info] [infer_model.cpp:436] [configure] Configuring network group 'yolov11n' with params: batch size: 2, power mode: PERFORMANCE, latency: NONE
[2025-11-18 14:30:31.087] [3750] [HailoRT] [info] [multi_io_elements.cpp:756] [create] Created (AsyncHwEl)
[2025-11-18 14:30:31.087] [3750] [HailoRT] [info] [queue_elements.cpp:450] [create] Created (EntryPushQEl0yolov11n/input_layer1 | timeout: 10s)
[2025-11-18 14:30:31.087] [3750] [HailoRT] [info] [filter_elements.cpp:101] [create] Created (PreInferEl3yolov11n/input_layer1 | Reorder - src_order: RGB4, src_shape: (640, 640, 3), dst_order: NHCW, dst_shape: (640, 640, 3))
[2025-11-18 14:30:31.087] [3750] [HailoRT] [info] [queue_elements.cpp:450] [create] Created (PushQEl3yolov11n/input_layer1 | timeout: 10s)
[2025-11-18 14:30:31.088] [3750] [HailoRT] [info] [multi_io_elements.cpp:135] [create] Created (NmsPPMuxEl0YOLOV8-Post-Process | Op YOLOV8, Name: YOLOV8-Post-Process, Score threshold: 0.300, IoU threshold: 0.45, Classes: 80, Cross classes: false, NMS results order: BY_CLASS, Max bboxes per class: 100, Image height: 640, Image width: 640)
[2025-11-18 14:30:31.088] [3750] [HailoRT] [info] [queue_elements.cpp:942] [create] Created (MultiPushQEl0YOLOV8-Post-Process | timeout: 10s)
[2025-11-18 14:30:31.088] [3750] [HailoRT] [info] [edge_elements.cpp:187] [create] Created (LastAsyncEl0NmsPPMuxEl0YOLOV8-Post-Process)
[2025-11-18 14:30:31.088] [3750] [HailoRT] [info] [pipeline.cpp:891] [print_deep_description] EntryPushQEl0yolov11n/input_layer1 | inputs: user | outputs: PreInferEl3yolov11n/input_layer1(running in thread_id: 3813)
[2025-11-18 14:30:31.088] [3750] [HailoRT] [info] [pipeline.cpp:891] [print_deep_description] PreInferEl3yolov11n/input_layer1 | inputs: EntryPushQEl0yolov11n/input_layer1[0] | outputs: PushQEl3yolov11n/input_layer1
[2025-11-18 14:30:31.088] [3750] [HailoRT] [info] [pipeline.cpp:891] [print_deep_description] PushQEl3yolov11n/input_layer1 | inputs: PreInferEl3yolov11n/input_layer1[0] | outputs: AsyncHwEl(running in thread_id: 3814)
[2025-11-18 14:30:31.088] [3750] [HailoRT] [info] [pipeline.cpp:891] [print_deep_description] AsyncHwEl | inputs: PushQEl3yolov11n/input_layer1[0] | outputs: MultiPushQEl0YOLOV8-Post-Process MultiPushQEl0YOLOV8-Post-Process MultiPushQEl0YOLOV8-Post-Process MultiPushQEl0YOLOV8-Post-Process MultiPushQEl0YOLOV8-Post-Process MultiPushQEl0YOLOV8-Post-Process
[2025-11-18 14:30:31.088] [3750] [HailoRT] [info] [pipeline.cpp:891] [print_deep_description] MultiPushQEl0YOLOV8-Post-Process | inputs: AsyncHwEl[0] AsyncHwEl[1] AsyncHwEl[2] AsyncHwEl[3] AsyncHwEl[4] AsyncHwEl[5] | outputs: NmsPPMuxEl0YOLOV8-Post-Process(running in thread_id: 3815)
[2025-11-18 14:30:31.088] [3750] [HailoRT] [info] [pipeline.cpp:891] [print_deep_description] NmsPPMuxEl0YOLOV8-Post-Process | inputs: MultiPushQEl0YOLOV8-Post-Process[0] | outputs: LastAsyncEl0NmsPPMuxEl0YOLOV8-Post-Process
[2025-11-18 14:30:31.088] [3750] [HailoRT] [info] [pipeline.cpp:891] [print_deep_description] LastAsyncEl0NmsPPMuxEl0YOLOV8-Post-Process | inputs: NmsPPMuxEl0YOLOV8-Post-Process[0] | outputs: user
[2025-11-18 14:30:31.885] [3800] [HailoRT] [info] [hef.cpp:1929] [get_network_group_and_network_name] No name was given. Addressing all networks of default network_group: yolov11n
[2025-11-18 15:48:03.322] [2792] [HailoRT] [info] [device.cpp:49] [Device] OS Version: Linux 6.12.47+rpt-rpi-2712 #1 SMP PREEMPT Debian 1:6.12.47-1+rpt1~bookworm (2025-09-16) aarch64
[2025-11-18 15:48:03.324] [2792] [HailoRT] [info] [control.cpp:108] [control__parse_identify_results] firmware_version is: 4.20.0
[2025-11-18 15:48:03.326] [2792] [HailoRT] [info] [control.cpp:108] [control__parse_identify_results] firmware_version is: 4.20.0
[2025-11-18 15:48:03.370] [2800] [HailoRT] [info] [device.cpp:49] [Device] OS Version: Linux 6.12.47+rpt-rpi-2712 #1 SMP PREEMPT Debian 1:6.12.47-1+rpt1~bookworm (2025-09-16) aarch64
[2025-11-18 15:48:03.373] [2800] [HailoRT] [info] [control.cpp:108] [control__parse_identify_results] firmware_version is: 4.20.0
[2025-11-18 15:48:03.374] [2800] [HailoRT] [info] [control.cpp:108] [control__parse_identify_results] firmware_version is: 4.20.0
[2025-11-18 15:48:03.457] [2779] [HailoRT] [info] [vdevice.cpp:523] [create] Creating vdevice with params: device_count: 1, scheduling_algorithm: ROUND_ROBIN, multi_process_service: false
[2025-11-18 15:48:03.470] [2779] [HailoRT] [info] [device.cpp:49] [Device] OS Version: Linux 6.12.47+rpt-rpi-2712 #1 SMP PREEMPT Debian 1:6.12.47-1+rpt1~bookworm (2025-09-16) aarch64
[2025-11-18 15:48:03.471] [2779] [HailoRT] [info] [control.cpp:108] [control__parse_identify_results] firmware_version is: 4.20.0
[2025-11-18 15:48:03.471] [2779] [HailoRT] [info] [vdevice.cpp:651] [create] VDevice Infos: 0001:01:00.0
[2025-11-18 15:48:03.498] [2779] [HailoRT] [info] [hef.cpp:1929] [get_network_group_and_network_name] No name was given. Addressing all networks of default network_group: yolov11n
[2025-11-18 15:48:03.498] [2779] [HailoRT] [info] [hef.cpp:1929] [get_network_group_and_network_name] No name was given. Addressing all networks of default network_group: yolov11n
[2025-11-18 15:48:03.549] [2779] [HailoRT] [info] [internal_buffer_manager.cpp:204] [print_execution_results] Planned internal buffer memory: CMA memory 0, user memory 2772480. memory to edge layer usage factor is 1
[2025-11-18 15:48:03.549] [2779] [HailoRT] [info] [internal_buffer_manager.cpp:212] [print_execution_results] Default Internal buffer planner executed successfully
[2025-11-18 15:48:03.570] [2779] [HailoRT] [info] [device_internal.cpp:57] [configure] Configuring HEF took 27.723137 milliseconds
[2025-11-18 15:48:03.571] [2779] [HailoRT] [info] [vdevice.cpp:749] [configure] Configuring HEF on VDevice took 28.102622 milliseconds
[2025-11-18 15:48:03.571] [2779] [HailoRT] [info] [infer_model.cpp:436] [configure] Configuring network group 'yolov11n' with params: batch size: 2, power mode: PERFORMANCE, latency: NONE
[2025-11-18 15:48:03.582] [2779] [HailoRT] [info] [multi_io_elements.cpp:756] [create] Created (AsyncHwEl)
[2025-11-18 15:48:03.583] [2779] [HailoRT] [info] [queue_elements.cpp:450] [create] Created (EntryPushQEl0yolov11n/input_layer1 | timeout: 10s)
[2025-11-18 15:48:03.583] [2779] [HailoRT] [info] [filter_elements.cpp:101] [create] Created (PreInferEl3yolov11n/input_layer1 | Reorder - src_order: RGB4, src_shape: (640, 640, 3), dst_order: NHCW, dst_shape: (640, 640, 3))
[2025-11-18 15:48:03.583] [2779] [HailoRT] [info] [queue_elements.cpp:450] [create] Created (PushQEl3yolov11n/input_layer1 | timeout: 10s)
[2025-11-18 15:48:03.583] [2779] [HailoRT] [info] [multi_io_elements.cpp:135] [create] Created (NmsPPMuxEl0YOLOV8-Post-Process | Op YOLOV8, Name: YOLOV8-Post-Process, Score threshold: 0.300, IoU threshold: 0.45, Classes: 80, Cross classes: false, NMS results order: BY_CLASS, Max bboxes per class: 100, Image height: 640, Image width: 640)
[2025-11-18 15:48:03.584] [2779] [HailoRT] [info] [queue_elements.cpp:942] [create] Created (MultiPushQEl0YOLOV8-Post-Process | timeout: 10s)
[2025-11-18 15:48:03.585] [2779] [HailoRT] [info] [edge_elements.cpp:187] [create] Created (LastAsyncEl0NmsPPMuxEl0YOLOV8-Post-Process)
[2025-11-18 15:48:03.585] [2779] [HailoRT] [info] [pipeline.cpp:891] [print_deep_description] EntryPushQEl0yolov11n/input_layer1 | inputs: user | outputs: PreInferEl3yolov11n/input_layer1(running in thread_id: 2844)
[2025-11-18 15:48:03.585] [2779] [HailoRT] [info] [pipeline.cpp:891] [print_deep_description] PreInferEl3yolov11n/input_layer1 | inputs: EntryPushQEl0yolov11n/input_layer1[0] | outputs: PushQEl3yolov11n/input_layer1
[2025-11-18 15:48:03.585] [2779] [HailoRT] [info] [pipeline.cpp:891] [print_deep_description] PushQEl3yolov11n/input_layer1 | inputs: PreInferEl3yolov11n/input_layer1[0] | outputs: AsyncHwEl(running in thread_id: 2845)
[2025-11-18 15:48:03.585] [2779] [HailoRT] [info] [pipeline.cpp:891] [print_deep_description] AsyncHwEl | inputs: PushQEl3yolov11n/input_layer1[0] | outputs: MultiPushQEl0YOLOV8-Post-Process MultiPushQEl0YOLOV8-Post-Process MultiPushQEl0YOLOV8-Post-Process MultiPushQEl0YOLOV8-Post-Process MultiPushQEl0YOLOV8-Post-Process MultiPushQEl0YOLOV8-Post-Process
[2025-11-18 15:48:03.585] [2779] [HailoRT] [info] [pipeline.cpp:891] [print_deep_description] MultiPushQEl0YOLOV8-Post-Process | inputs: AsyncHwEl[0] AsyncHwEl[1] AsyncHwEl[2] AsyncHwEl[3] AsyncHwEl[4] AsyncHwEl[5] | outputs: NmsPPMuxEl0YOLOV8-Post-Process(running in thread_id: 2846)
[2025-11-18 15:48:03.585] [2779] [HailoRT] [info] [pipeline.cpp:891] [print_deep_description] NmsPPMuxEl0YOLOV8-Post-Process | inputs: MultiPushQEl0YOLOV8-Post-Process[0] | outputs: LastAsyncEl0NmsPPMuxEl0YOLOV8-Post-Process
[2025-11-18 15:48:03.585] [2779] [HailoRT] [info] [pipeline.cpp:891] [print_deep_description] LastAsyncEl0NmsPPMuxEl0YOLOV8-Post-Process | inputs: NmsPPMuxEl0YOLOV8-Post-Process[0] | outputs: user
[2025-11-18 15:48:04.417] [2826] [HailoRT] [info] [hef.cpp:1929] [get_network_group_and_network_name] No name was given. Addressing all networks of default network_group: yolov11n
[2025-11-18 15:48:27.040] [2880] [HailoRT] [info] [device.cpp:49] [Device] OS Version: Linux 6.12.47+rpt-rpi-2712 #1 SMP PREEMPT Debian 1:6.12.47-1+rpt1~bookworm (2025-09-16) aarch64
[2025-11-18 15:48:27.042] [2880] [HailoRT] [info] [control.cpp:108] [control__parse_identify_results] firmware_version is: 4.20.0
[2025-11-18 15:48:27.044] [2880] [HailoRT] [info] [control.cpp:108] [control__parse_identify_results] firmware_version is: 4.20.0
[2025-11-18 15:48:27.098] [2888] [HailoRT] [info] [device.cpp:49] [Device] OS Version: Linux 6.12.47+rpt-rpi-2712 #1 SMP PREEMPT Debian 1:6.12.47-1+rpt1~bookworm (2025-09-16) aarch64
[2025-11-18 15:48:27.100] [2888] [HailoRT] [info] [control.cpp:108] [control__parse_identify_results] firmware_version is: 4.20.0
[2025-11-18 15:48:27.101] [2888] [HailoRT] [info] [control.cpp:108] [control__parse_identify_results] firmware_version is: 4.20.0
[2025-11-18 15:48:27.198] [2867] [HailoRT] [info] [vdevice.cpp:523] [create] Creating vdevice with params: device_count: 1, scheduling_algorithm: ROUND_ROBIN, multi_process_service: false
[2025-11-18 15:48:27.210] [2867] [HailoRT] [info] [device.cpp:49] [Device] OS Version: Linux 6.12.47+rpt-rpi-2712 #1 SMP PREEMPT Debian 1:6.12.47-1+rpt1~bookworm (2025-09-16) aarch64
[2025-11-18 15:48:27.212] [2867] [HailoRT] [info] [control.cpp:108] [control__parse_identify_results] firmware_version is: 4.20.0
[2025-11-18 15:48:27.212] [2867] [HailoRT] [info] [vdevice.cpp:651] [create] VDevice Infos: 0001:01:00.0
[2025-11-18 15:48:27.239] [2867] [HailoRT] [info] [hef.cpp:1929] [get_network_group_and_network_name] No name was given. Addressing all networks of default network_group: yolov11n
[2025-11-18 15:48:27.239] [2867] [HailoRT] [info] [hef.cpp:1929] [get_network_group_and_network_name] No name was given. Addressing all networks of default network_group: yolov11n
[2025-11-18 15:48:27.285] [2867] [HailoRT] [info] [internal_buffer_manager.cpp:204] [print_execution_results] Planned internal buffer memory: CMA memory 0, user memory 2772480. memory to edge layer usage factor is 1
[2025-11-18 15:48:27.286] [2867] [HailoRT] [info] [internal_buffer_manager.cpp:212] [print_execution_results] Default Internal buffer planner executed successfully
[2025-11-18 15:48:27.316] [2867] [HailoRT] [info] [device_internal.cpp:57] [configure] Configuring HEF took 37.758117 milliseconds
[2025-11-18 15:48:27.317] [2867] [HailoRT] [info] [vdevice.cpp:749] [configure] Configuring HEF on VDevice took 38.237177 milliseconds
[2025-11-18 15:48:27.317] [2867] [HailoRT] [info] [infer_model.cpp:436] [configure] Configuring network group 'yolov11n' with params: batch size: 2, power mode: PERFORMANCE, latency: NONE
[2025-11-18 15:48:27.317] [2867] [HailoRT] [info] [multi_io_elements.cpp:756] [create] Created (AsyncHwEl)
[2025-11-18 15:48:27.317] [2867] [HailoRT] [info] [queue_elements.cpp:450] [create] Created (EntryPushQEl0yolov11n/input_layer1 | timeout: 10s)
[2025-11-18 15:48:27.317] [2867] [HailoRT] [info] [filter_elements.cpp:101] [create] Created (PreInferEl3yolov11n/input_layer1 | Reorder - src_order: RGB4, src_shape: (640, 640, 3), dst_order: NHCW, dst_shape: (640, 640, 3))
[2025-11-18 15:48:27.318] [2867] [HailoRT] [info] [queue_elements.cpp:450] [create] Created (PushQEl3yolov11n/input_layer1 | timeout: 10s)
[2025-11-18 15:48:27.318] [2867] [HailoRT] [info] [multi_io_elements.cpp:135] [create] Created (NmsPPMuxEl0YOLOV8-Post-Process | Op YOLOV8, Name: YOLOV8-Post-Process, Score threshold: 0.300, IoU threshold: 0.45, Classes: 80, Cross classes: false, NMS results order: BY_CLASS, Max bboxes per class: 100, Image height: 640, Image width: 640)
[2025-11-18 15:48:27.318] [2867] [HailoRT] [info] [queue_elements.cpp:942] [create] Created (MultiPushQEl0YOLOV8-Post-Process | timeout: 10s)
[2025-11-18 15:48:27.318] [2867] [HailoRT] [info] [edge_elements.cpp:187] [create] Created (LastAsyncEl0NmsPPMuxEl0YOLOV8-Post-Process)
[2025-11-18 15:48:27.318] [2867] [HailoRT] [info] [pipeline.cpp:891] [print_deep_description] EntryPushQEl0yolov11n/input_layer1 | inputs: user | outputs: PreInferEl3yolov11n/input_layer1(running in thread_id: 2932)
[2025-11-18 15:48:27.318] [2867] [HailoRT] [info] [pipeline.cpp:891] [print_deep_description] PreInferEl3yolov11n/input_layer1 | inputs: EntryPushQEl0yolov11n/input_layer1[0] | outputs: PushQEl3yolov11n/input_layer1
[2025-11-18 15:48:27.318] [2867] [HailoRT] [info] [pipeline.cpp:891] [print_deep_description] PushQEl3yolov11n/input_layer1 | inputs: PreInferEl3yolov11n/input_layer1[0] | outputs: AsyncHwEl(running in thread_id: 2933)
[2025-11-18 15:48:27.318] [2867] [HailoRT] [info] [pipeline.cpp:891] [print_deep_description] AsyncHwEl | inputs: PushQEl3yolov11n/input_layer1[0] | outputs: MultiPushQEl0YOLOV8-Post-Process MultiPushQEl0YOLOV8-Post-Process MultiPushQEl0YOLOV8-Post-Process MultiPushQEl0YOLOV8-Post-Process MultiPushQEl0YOLOV8-Post-Process MultiPushQEl0YOLOV8-Post-Process
[2025-11-18 15:48:27.319] [2867] [HailoRT] [info] [pipel[2025-11-18 15:51:41.268] [3096] [HailoRT] [info] [device.cpp:49] [Device] OS Version: Linux 6.12.47+rpt-rpi-2712 #1 SMP PREEMPT Debian 1:6.12.47-1+rpt1~bookworm (2025-09-16) aarch64
[2025-11-18 15:51:41.272] [3096] [HailoRT] [info] [control.cpp:108] [control__parse_identify_results] firmware_version is: 4.20.0
[2025-11-18 15:51:41.274] [3096] [HailoRT] [info] [control.cpp:108] [control__parse_identify_results] firmware_version is: 4.20.0
[2025-11-18 15:51:41.328] [3104] [HailoRT] [info] [device.cpp:49] [Device] OS Version: Linux 6.12.47+rpt-rpi-2712 #1 SMP PREEMPT Debian 1:6.12.47-1+rpt1~bookworm (2025-09-16) aarch64
[2025-11-18 15:51:41.330] [3104] [HailoRT] [info] [control.cpp:108] [control__parse_identify_results] firmware_version is: 4.20.0
[2025-11-18 15:51:41.332] [3104] [HailoRT] [info] [control.cpp:108] [control__parse_identify_results] firmware_version is: 4.20.0
[2025-11-18 15:51:41.453] [3081] [HailoRT] [info] [vdevice.cpp:523] [create] Creating vdevice with params: device_count: 1, scheduling_algorithm: ROUND_ROBIN, multi_process_service: false
[2025-11-18 15:51:41.466] [3081] [HailoRT] [info] [device.cpp:49] [Device] OS Version: Linux 6.12.47+rpt-rpi-2712 #1 SMP PREEMPT Debian 1:6.12.47-1+rpt1~bookworm (2025-09-16) aarch64
[2025-11-18 15:51:41.472] [3081] [HailoRT] [info] [control.cpp:108] [control__parse_identify_results] firmware_version is: 4.20.0
[2025-11-18 15:51:41.472] [3081] [HailoRT] [info] [vdevice.cpp:651] [create] VDevice Infos: 0001:01:00.0
[2025-11-18 15:51:41.520] [3081] [HailoRT] [info] [hef.cpp:1929] [get_network_group_and_network_name] No name was given. Addressing all networks of default network_group: yolov11n
[2025-11-18 15:51:41.520] [3081] [HailoRT] [info] [hef.cpp:1929] [get_network_group_and_network_name] No name was given. Addressing all networks of default network_group: yolov11n
[2025-11-18 15:51:41.582] [3081] [HailoRT] [info] [internal_buffer_manager.cpp:204] [print_execution_results] Planned internal buffer memory: CMA memory 0, user memory 2772480. memory to edge layer usage factor is 1
[2025-11-18 15:51:41.582] [3081] [HailoRT] [info] [internal_buffer_manager.cpp:212] [print_execution_results] Default Internal buffer planner executed successfully
[2025-11-18 15:51:41.662] [3081] [HailoRT] [info] [device_internal.cpp:57] [configure] Configuring HEF took 91.075097 milliseconds
[2025-11-18 15:51:41.663] [3081] [HailoRT] [info] [vdevice.cpp:749] [configure] Configuring HEF on VDevice took 91.444472 milliseconds
[2025-11-18 15:51:41.663] [3081] [HailoRT] [info] [infer_model.cpp:436] [configure] Configuring network group 'yolov11n' with params: batch size: 2, power mode: PERFORMANCE, latency: NONE
[2025-11-18 15:51:41.663] [3081] [HailoRT] [info] [multi_io_elements.cpp:756] [create] Created (AsyncHwEl)
[2025-11-18 15:51:41.663] [3081] [HailoRT] [info] [queue_elements.cpp:450] [create] Created (EntryPushQEl0yolov11n/input_layer1 | timeout: 10s)
[2025-11-18 15:51:41.663] [3081] [HailoRT] [info] [filter_elements.cpp:101] [create] Created (PreInferEl3yolov11n/input_layer1 | Reorder - src_order: RGB4, src_shape: (640, 640, 3), dst_order: NHCW, dst_shape: (640, 640, 3))
[2025-11-18 15:51:41.663] [3081] [HailoRT] [info] [queue_elements.cpp:450] [create] Created (PushQEl3yolov11n/input_layer1 | timeout: 10s)
[2025-11-18 15:51:41.663] [3081] [HailoRT] [info] [multi_io_elements.cpp:135] [create] Created (NmsPPMuxEl0YOLOV8-Post-Process | Op YOLOV8, Name: YOLOV8-Post-Process, Score threshold: 0.300, IoU threshold: 0.45, Classes: 80, Cross classes: false, NMS results order: BY_CLASS, Max bboxes per class: 100, Image height: 640, Image width: 640)
[2025-11-18 15:51:41.663] [3081] [HailoRT] [info] [queue_elements.cpp:942] [create] Created (MultiPushQEl0YOLOV8-Post-Process | timeout: 10s)
[2025-11-18 15:51:41.663] [3081] [HailoRT] [info] [edge_elements.cpp:187] [create] Created (LastAsyncEl0NmsPPMuxEl0YOLOV8-Post-Process)
[2025-11-18 15:51:41.664] [3081] [HailoRT] [info] [pipeline.cpp:891] [print_deep_description] EntryPushQEl0yolov11n/input_layer1 | inputs: user | outputs: PreInferEl3yolov11n/input_layer1(running in thread_id: 3151)
[2025-11-18 15:51:41.664] [3081] [HailoRT] [info] [pipeline.cpp:891] [print_deep_description] PreInferEl3yolov11n/input_layer1 | inputs: EntryPushQEl0yolov11n/input_layer1[0] | outputs: PushQEl3yolov11n/input_layer1
[2025-11-18 15:51:41.664] [3081] [HailoRT] [info] [pipeline.cpp:891] [print_deep_description] PushQEl3yolov11n/input_layer1 | inputs: PreInferEl3yolov11n/input_layer1[0] | outputs: AsyncHwEl(running in thread_id: 3152)
[2025-11-18 15:51:41.664] [3081] [HailoRT] [info] [pipeline.cpp:891] [print_deep_description] AsyncHwEl | inputs: PushQEl3yolov11n/input_layer1[0] | outputs: MultiPushQEl0YOLOV8-Post-Process MultiPushQEl0YOLOV8-Post-Process MultiPushQEl0YOLOV8-Post-Process MultiPushQEl0YOLOV8-Post-Process MultiPushQEl0YOLOV8-Post-Process MultiPushQEl0YOLOV8-Post-Process
[2025-11-18 15:51:41.664] [3081] [HailoRT] [info] [pipeline.cpp:891] [print_deep_description] MultiPushQEl0YOLOV8-Post-Process | inputs: AsyncHwEl[0] AsyncHwEl[1] AsyncHwEl[2] AsyncHwEl[3] AsyncHwEl[4] AsyncHwEl[5] | outputs: NmsPPMuxEl0YOLOV8-Post-Process(running in thread_id: 3153)
[2025-11-18 15:51:41.664] [3081] [HailoRT] [info] [pipeline.cpp:891] [print_deep_description] NmsPPMuxEl0YOLOV8-Post-Process | inputs: MultiPushQEl0YOLOV8-Post-Process[0] | outputs: LastAsyncEl0NmsPPMuxEl0YOLOV8-Post-Process
[2025-11-18 15:51:41.664] [3081] [HailoRT] [info] [pipeline.cpp:891] [print_deep_description] LastAsyncEl0NmsPPMuxEl0YOLOV8-Post-Process | inputs: NmsPPMuxEl0YOLOV8-Post-Process[0] | outputs: user
[2025-11-18 15:51:42.494] [3137] [HailoRT] [info] [hef.cpp:1929] [get_network_group_and_network_name] No name was given. Addressing all networks of default network_group: yolov11n
[2025-11-18 15:56:18.025] [3587] [HailoRT] [info] [device.cpp:49] [Device] OS Version: Linux 6.12.47+rpt-rpi-2712 #1 SMP PREEMPT Debian 1:6.12.47-1+rpt1~bookworm (2025-09-16) aarch64
[2025-11-18 15:56:18.028] [3587] [HailoRT] [info] [control.cpp:108] [control__parse_identify_results] firmware_version is: 4.20.0
[2025-11-18 15:56:18.029] [3587] [HailoRT] [info] [control.cpp:108] [control__parse_identify_results] firmware_version is: 4.20.0
[2025-11-18 15:56:18.052] [3596] [HailoRT] [info] [device.cpp:49] [Device] OS Version: Linux 6.12.47+rpt-rpi-2712 #1 SMP PREEMPT Debian 1:6.12.47-1+rpt1~bookworm (2025-09-16) aarch64
[2025-11-18 15:56:18.054] [3596] [HailoRT] [info] [control.cpp:108] [control__parse_identify_results] firmware_version is: 4.20.0
[2025-11-18 15:56:18.055] [3596] [HailoRT] [info] [control.cpp:108] [control__parse_identify_results] firmware_version is: 4.20.0
[2025-11-18 15:56:18.154] [3574] [HailoRT] [info] [vdevice.cpp:523] [create] Creating vdevice with params: device_count: 1, scheduling_algorithm: ROUND_ROBIN, multi_process_service: false
[2025-11-18 15:56:18.159] [3574] [HailoRT] [info] [device.cpp:49] [Device] OS Version: Linux 6.12.47+rpt-rpi-2712 #1 SMP PREEMPT Debian 1:6.12.47-1+rpt1~bookworm (2025-09-16) aarch64
[2025-11-18 15:56:18.161] [3574] [HailoRT] [info] [control.cpp:108] [control__parse_identify_results] firmware_version is: 4.20.0
[2025-11-18 15:56:18.178] [3574] [HailoRT] [error] [vdevice.cpp:820] [create_devices] CHECK failed - Failed to create vdevice. there are not enough free devices. requested: 1, found: 0
[2025-11-18 15:56:18.178] [3574] [HailoRT] [error] [vdevice.cpp:631] [create] CHECK_SUCCESS failed with status=HAILO_OUT_OF_PHYSICAL_DEVICES(74)
[2025-11-18 15:56:18.178] [3574] [HailoRT] [error] [shared_resource_manager.hpp:81] [register_resource] CHECK_SUCCESS failed with status=HAILO_OUT_OF_PHYSICAL_DEVICES(74)
[2025-11-18 15:56:18.178] [3574] [HailoRT] [error] [vdevice.cpp:132] [create] CHECK_SUCCESS failed with status=HAILO_OUT_OF_PHYSICAL_DEVICES(74)
[2025-11-18 15:56:18.179] [3574] [HailoRT] [error] [vdevice.cpp:554] [create] CHECK_SUCCESS failed with status=HAILO_OUT_OF_PHYSICAL_DEVICES(74)
[2025-11-18 15:56:56.126] [3691] [HailoRT] [info] [device.cpp:49] [Device] OS Version: Linux 6.12.47+rpt-rpi-2712 #1 SMP PREEMPT Debian 1:6.12.47-1+rpt1~bookworm (2025-09-16) aarch64
[2025-11-18 15:56:56.128] [3691] [HailoRT] [info] [control.cpp:108] [control__parse_identify_results] firmware_version is: 4.20.0
[2025-11-18 15:56:56.130] [3691] [HailoRT] [info] [control.cpp:108] [control__parse_identify_results] firmware_version is: 4.20.0
[2025-11-18 15:56:56.175] [3700] [HailoRT] [info] [device.cpp:49] [Device] OS Version: Linux 6.12.47+rpt-rpi-2712 #1 SMP PREEMPT Debian 1:6.12.47-1+rpt1~bookworm (2025-09-16) aarch64
[2025-11-18 15:56:56.180] [3700] [HailoRT] [info] [control.cpp:108] [control__parse_identify_results] firmware_version is: 4.20.0
[2025-11-18 15:56:56.182] [3700] [HailoRT] [info] [control.cpp:108] [control__parse_identify_results] firmware_version is: 4.20.0
[2025-11-18 15:56:56.291] [3678] [HailoRT] [info] [vdevice.cpp:523] [create] Creating vdevice with params: device_count: 1, scheduling_algorithm: ROUND_ROBIN, multi_process_service: false
[2025-11-18 15:56:56.291] [3678] [HailoRT] [info] [device.cpp:49] [Device] OS Version: Linux 6.12.47+rpt-rpi-2712 #1 SMP PREEMPT Debian 1:6.12.47-1+rpt1~bookworm (2025-09-16) aarch64
[2025-11-18 15:56:56.299] [3678] [HailoRT] [info] [control.cpp:108] [control__parse_identify_results] firmware_version is: 4.20.0
[2025-11-18 15:56:56.330] [3678] [HailoRT] [error] [vdevice.cpp:820] [create_devices] CHECK failed - Failed to create vdevice. there are not enough free devices. requested: 1, found: 0
[2025-11-18 15:56:56.330] [3678] [HailoRT] [error] [vdevice.cpp:631] [create] CHECK_SUCCESS failed with status=HAILO_OUT_OF_PHYSICAL_DEVICES(74)
[2025-11-18 15:56:56.330] [3678] [HailoRT] [error] [shared_resource_manager.hpp:81] [register_resource] CHECK_SUCCESS failed with status=HAILO_OUT_OF_PHYSICAL_DEVICES(74)
[2025-11-18 15:56:56.330] [3678] [HailoRT] [error] [vdevice.cpp:132] [create] CHECK_SUCCESS failed with status=HAILO_OUT_OF_PHYSICAL_DEVICES(74)
[2025-11-18 15:56:56.330] [3678] [HailoRT] [error] [vdevice.cpp:554] [create] CHECK_SUCCESS failed with status=HAILO_OUT_OF_PHYSICAL_DEVICES(74)
[2025-11-18 15:57:18.626] [3764] [HailoRT] [info] [device.cpp:49] [Device] OS Version: Linux 6.12.47+rpt-rpi-2712 #1 SMP PREEMPT Debian 1:6.12.47-1+rpt1~bookworm (2025-09-16) aarch64
[2025-11-18 15:57:18.629] [3764] [HailoRT] [info] [control.cpp:108] [control__parse_identify_results] firmware_version is: 4.20.0
[2025-11-18 15:57:18.630] [3764] [HailoRT] [info] [control.cpp:108] [control__parse_identify_results] firmware_version is: 4.20.0
[2025-11-18 15:57:18.662] [3772] [HailoRT] [info] [device.cpp:49] [Device] OS Version: Linux 6.12.47+rpt-rpi-2712 #1 SMP PREEMPT Debian 1:6.12.47-1+rpt1~bookworm (2025-09-16) aarch64
[2025-11-18 15:57:18.672] [3772] [HailoRT] [info] [control.cpp:108] [control__parse_identify_results] firmware_version is: 4.20.0
[2025-11-18 15:57:18.674] [3772] [HailoRT] [info] [control.cpp:108] [control__parse_identify_results] firmware_version is: 4.20.0
[2025-11-18 15:57:18.775] [3751] [HailoRT] [info] [vdevice.cpp:523] [create] Creating vdevice with params: device_count: 1, scheduling_algorithm: ROUND_ROBIN, multi_process_service: false
[2025-11-18 15:57:18.779] [3751] [HailoRT] [info] [device.cpp:49] [Device] OS Version: Linux 6.12.47+rpt-rpi-2712 #1 SMP PREEMPT Debian 1:6.12.47-1+rpt1~bookworm (2025-09-16) aarch64
[2025-11-18 15:57:18.787] [3751] [HailoRT] [info] [control.cpp:108] [control__parse_identify_results] firmware_version is: 4.20.0
[2025-11-18 15:57:18.826] [3751] [HailoRT] [error] [vdevice.cpp:820] [create_devices] CHECK failed - Failed to create vdevice. there are not enough free devices. requested: 1, found: 0
[2025-11-18 15:57:18.827] [3751] [HailoRT] [error] [vdevice.cpp:631] [create] CHECK_SUCCESS failed with status=HAILO_OUT_OF_PHYSICAL_DEVICES(74)
[2025-11-18 15:57:18.827] [3751] [HailoRT] [error] [shared_resource_manager.hpp:81] [register_resource] CHECK_SUCCESS failed with status=HAILO_OUT_OF_PHYSICAL_DEVICES(74)
[2025-11-18 15:57:18.827] [3751] [HailoRT] [error] [vdevice.cpp:132] [create] CHECK_SUCCESS failed with status=HAILO_OUT_OF_PHYSICAL_DEVICES(74)
[2025-11-18 15:57:18.827] [3751] [HailoRT] [error] [vdevice.cpp:554] [create] CHECK_SUCCESS failed with status=HAILO_OUT_OF_PHYSICAL_DEVICES(74)
[2025-11-18 15:58:21.907] [1787] [HailoRT] [info] [device.cpp:49] [Device] OS Version: Linux 6.12.47+rpt-rpi-2712 #1 SMP PREEMPT Debian 1:6.12.47-1+rpt1~bookworm (2025-09-16) aarch64
[2025-11-18 15:58:21.910] [1787] [HailoRT] [info] [control.cpp:108] [control__parse_identify_results] firmware_version is: 4.20.0
[2025-11-18 15:58:21.911] [1787] [HailoRT] [info] [control.cpp:108] [control__parse_identify_results] firmware_version is: 4.20.0
[2025-11-18 15:58:21.972] [1795] [HailoRT] [info] [device.cpp:49] [Device] OS Version: Linux 6.12.47+rpt-rpi-2712 #1 SMP PREEMPT Debian 1:6.12.47-1+rpt1~bookworm (2025-09-16) aarch64
[2025-11-18 15:58:21.974] [1795] [HailoRT] [info] [control.cpp:108] [control__parse_identify_results] firmware_version is: 4.20.0
[2025-11-18 15:58:21.975] [1795] [HailoRT] [info] [control.cpp:108] [control__parse_identify_results] firmware_version is: 4.20.0
[2025-11-18 15:58:22.337] [1774] [HailoRT] [info] [vdevice.cpp:523] [create] Creating vdevice with params: device_count: 1, scheduling_algorithm: ROUND_ROBIN, multi_process_service: false
[2025-11-18 15:58:22.351] [1774] [HailoRT] [info] [device.cpp:49] [Device] OS Version: Linux 6.12.47+rpt-rpi-2712 #1 SMP PREEMPT Debian 1:6.12.47-1+rpt1~bookworm (2025-09-16) aarch64
[2025-11-18 15:58:22.353] [1774] [HailoRT] [info] [control.cpp:108] [control__parse_identify_results] firmware_version is: 4.20.0
[2025-11-18 15:58:22.357] [1774] [HailoRT] [info] [vdevice.cpp:651] [create] VDevice Infos: 0001:01:00.0
[2025-11-18 15:58:22.481] [1774] [HailoRT] [info] [hef.cpp:1929] [get_network_group_and_network_name] No name was given. Addressing all networks of default network_group: yolov11n
[2025-11-18 15:58:22.481] [1774] [HailoRT] [info] [hef.cpp:1929] [get_network_group_and_network_name] No name was given. Addressing all networks of default network_group: yolov11n
[2025-11-18 15:58:22.612] [1774] [HailoRT] [info] [internal_buffer_manager.cpp:204] [print_execution_results] Planned internal buffer memory: CMA memory 0, user memory 2772480. memory to edge layer usage factor is 1
[2025-11-18 15:58:22.612] [1774] [HailoRT] [info] [internal_buffer_manager.cpp:212] [print_execution_results] Default Internal buffer planner executed successfully
[2025-11-18 15:58:22.632] [1774] [HailoRT] [info] [device_internal.cpp:57] [configure] Configuring HEF took 27.538814 milliseconds
[2025-11-18 15:58:22.633] [1774] [HailoRT] [info] [vdevice.cpp:749] [configure] Configuring HEF on VDevice took 28.464497 milliseconds
[2025-11-18 15:58:22.633] [1774] [HailoRT] [info] [infer_model.cpp:436] [configure] Configuring network group 'yolov11n' with params: batch size: 2, power mode: PERFORMANCE, latency: NONE
[2025-11-18 15:58:22.637] [1774] [HailoRT] [info] [multi_io_elements.cpp:756] [create] Created (AsyncHwEl)
[2025-11-18 15:58:22.638] [1774] [HailoRT] [info] [queue_elements.cpp:450] [create] Created (EntryPushQEl0yolov11n/input_layer1 | timeout: 10s)
[2025-11-18 15:58:22.638] [1774] [HailoRT] [info] [filter_elements.cpp:101] [create] Created (PreInferEl3yolov11n/input_layer1 | Reorder - src_order: RGB4, src_shape: (640, 640, 3), dst_order: NHCW, dst_shape: (640, 640, 3))
[2025-11-18 15:58:22.638] [1774] [HailoRT] [info] [queue_elements.cpp:450] [create] Created (PushQEl3yolov11n/input_layer1 | timeout: 10s)
[2025-11-18 15:58:22.638] [1774] [HailoRT] [info] [multi_io_elements.cpp:135] [create] Created (NmsPPMuxEl0YOLOV8-Post-Process | Op YOLOV8, Name: YOLOV8-Post-Process, Score threshold: 0.300, IoU threshold: 0.45, Classes: 80, Cross classes: false, NMS results order: BY_CLASS, Max bboxes per class: 100, Image height: 640, Image width: 640)
[2025-11-18 15:58:22.638] [1774] [HailoRT] [info] [queue_elements.cpp:942] [create] Created (MultiPushQEl0YOLOV8-Post-Process | timeout: 10s)
[2025-11-18 15:58:22.638] [1774] [HailoRT] [info] [edge_elements.cpp:187] [create] Created (LastAsyncEl0NmsPPMuxEl0YOLOV8-Post-Process)
[2025-11-18 15:58:22.638] [1774] [HailoRT] [info] [pipeline.cpp:891] [print_deep_description] EntryPushQEl0yolov11n/input_layer1 | inputs: user | outputs: PreInferEl3yolov11n/input_layer1(running in thread_id: 1842)
[2025-11-18 15:58:22.639] [1774] [HailoRT] [info] [pipeline.cpp:891] [print_deep_description] PreInferEl3yolov11n/input_layer1 | inputs: EntryPushQEl0yolov11n/input_layer1[0] | outputs: PushQEl3yolov11n/input_layer1
[2025-11-18 15:58:22.639] [1774] [HailoRT] [info] [pipeline.cpp:891] [print_deep_description] PushQEl3yolov11n/input_layer1 | inputs: PreInferEl3yolov11n/input_layer1[0] | outputs: AsyncHwEl(running in thread_id: 1843)
[2025-11-18 15:58:22.639] [1774] [HailoRT] [info] [pipeline.cpp:891] [print_deep_description] AsyncHwEl | inputs: PushQEl3yolov11n/input_layer1[0] | outputs: MultiPushQEl0YOLOV8-Post-Process MultiPushQEl0YOLOV8-Post-Process MultiPushQEl0YOLOV8-Post-Process MultiPushQEl0YOLOV8-Post-Process MultiPushQEl0YOLOV8-Post-Process MultiPushQEl0YOLOV8-Post-Process
[2025-11-18 15:58:22.639] [1774] [HailoRT] [info] [pipeline.cpp:891] [print_deep_description] MultiPushQEl0YOLOV8-Post-Process | inputs: AsyncHwEl[0] AsyncHwEl[1] AsyncHwEl[2] AsyncHwEl[3] AsyncHwEl[4] AsyncHwEl[5] | outputs: NmsPPMuxEl0YOLOV8-Post-Process(running in thread_id: 1844)
[2025-11-18 15:58:22.639] [1774] [HailoRT] [info] [pipeline.cpp:891] [print_deep_description] NmsPPMuxEl0YOLOV8-Post-Process | inputs: MultiPushQEl0YOLOV8-Post-Process[0] | outputs: LastAsyncEl0NmsPPMuxEl0YOLOV8-Post-Process
[2025-11-18 15:58:22.639] [1774] [HailoRT] [info] [pipeline.cpp:891] [print_deep_description] LastAsyncEl0NmsPPMuxEl0YOLOV8-Post-Process | inputs: NmsPPMuxEl0YOLOV8-Post-Process[0] | outputs: user
[2025-11-18 15:58:23.421] [1831] [HailoRT] [info] [hef.cpp:1929] [get_network_group_and_network_name] No name was given. Addressing all networks of default network_group: yolov11n
[2025-11-18 16:00:34.366] [2326] [HailoRT] [info] [device.cpp:49] [Device] OS Version: Linux 6.12.47+rpt-rpi-2712 #1 SMP PREEMPT Debian 1:6.12.47-1+rpt1~bookworm (2025-09-16) aarch64
[2025-11-18 16:00:34.368] [2326] [HailoRT] [info] [control.cpp:108] [control__parse_identify_results] firmware_version is: 4.20.0
[2025-11-18 16:00:34.369] [2326] [HailoRT] [info] [control.cpp:108] [control__parse_identify_results] firmware_version is: 4.20.0
[2025-11-18 16:00:34.390] [2334] [HailoRT] [info] [device.cpp:49] [Device] OS Version: Linux 6.12.47+rpt-rpi-2712 #1 SMP PREEMPT Debian 1:6.12.47-1+rpt1~bookworm (2025-09-16) aarch64
[2025-11-18 16:00:34.392] [2334] [HailoRT] [info] [control.cpp:108] [control__parse_identify_results] firmware_version is: 4.20.0
[2025-11-18 16:00:34.393] [2334] [HailoRT] [info] [control.cpp:108] [control__parse_identify_results] firmware_version is: 4.20.0
[2025-11-18 16:00:34.467] [2305] [HailoRT] [info] [vdevice.cpp:523] [create] Creating vdevice with params: device_count: 1, scheduling_algorithm: ROUND_ROBIN, multi_process_service: false
[2025-11-18 16:00:34.471] [2305] [HailoRT] [info] [device.cpp:49] [Device] OS Version: Linux 6.12.47+rpt-rpi-2712 #1 SMP PREEMPT Debian 1:6.12.47-1+rpt1~bookworm (2025-09-16) aarch64
[2025-11-18 16:00:34.472] [2305] [HailoRT] [info] [control.cpp:108] [control__parse_identify_results] firmware_version is: 4.20.0
[2025-11-18 16:00:34.495] [2305] [HailoRT] [error] [vdevice.cpp:820] [create_devices] CHECK failed - Failed to create vdevice. there are not enough free devices. requested: 1, found: 0
[2025-11-18 16:00:34.495] [2305] [HailoRT] [error] [vdevice.cpp:631] [create] CHECK_SUCCESS failed with status=HAILO_OUT_OF_PHYSICAL_DEVICES(74)
[2025-11-18 16:00:34.495] [2305] [HailoRT] [error] [shared_resource_manager.hpp:81] [register_resource] CHECK_SUCCESS failed with status=HAILO_OUT_OF_PHYSICAL_DEVICES(74)
[2025-11-18 16:00:34.495] [2305] [HailoRT] [error] [vdevice.cpp:132] [create] CHECK_SUCCESS failed with status=HAILO_OUT_OF_PHYSICAL_DEVICES(74)
[2025-11-18 16:00:34.495] [2305] [HailoRT] [error] [vdevice.cpp:554] [create] CHECK_SUCCESS failed with status=HAILO_OUT_OF_PHYSICAL_DEVICES(74)
[2025-11-18 16:03:18.702] [1791] [HailoRT] [info] [device.cpp:49] [Device] OS Version: Linux 6.12.47+rpt-rpi-2712 #1 SMP PREEMPT Debian 1:6.12.47-1+rpt1~bookworm (2025-09-16) aarch64
[2025-11-18 16:03:18.703] [1791] [HailoRT] [info] [control.cpp:108] [control__parse_identify_results] firmware_version is: 4.20.0
[2025-11-18 16:03:18.704] [1791] [HailoRT] [info] [control.cpp:108] [control__parse_identify_results] firmware_version is: 4.20.0
[2025-11-18 16:03:18.760] [1799] [HailoRT] [info] [device.cpp:49] [Device] OS Version: Linux 6.12.47+rpt-rpi-2712 #1 SMP PREEMPT Debian 1:6.12.47-1+rpt1~bookworm (2025-09-16) aarch64
[2025-11-18 16:03:18.762] [1799] [HailoRT] [info] [control.cpp:108] [control__parse_identify_results] firmware_version is: 4.20.0
[2025-11-18 16:03:18.763] [1799] [HailoRT] [info] [control.cpp:108] [control__parse_identify_results] firmware_version is: 4.20.0
[2025-11-18 16:03:19.207] [1778] [HailoRT] [info] [vdevice.cpp:523] [create] Creating vdevice with params: device_count: 1, scheduling_algorithm: ROUND_ROBIN, multi_process_service: false
[2025-11-18 16:03:19.220] [1778] [HailoRT] [info] [device.cpp:49] [Device] OS Version: Linux 6.12.47+rpt-rpi-2712 #1 SMP PREEMPT Debian 1:6.12.47-1+rpt1~bookworm (2025-09-16) aarch64
[2025-11-18 16:03:19.222] [1778] [HailoRT] [info] [control.cpp:108] [control__parse_identify_results] firmware_version is: 4.20.0
[2025-11-18 16:03:19.225] [1778] [HailoRT] [info] [vdevice.cpp:651] [create] VDevice Infos: 0001:01:00.0
[2025-11-18 16:03:19.340] [1778] [HailoRT] [info] [hef.cpp:1929] [get_network_group_and_network_name] No name was given. Addressing all networks of default network_group: yolov11n
[2025-11-18 16:03:19.340] [1778] [HailoRT] [info] [hef.cpp:1929] [get_network_group_and_network_name] No name was given. Addressing all networks of default network_group: yolov11n
[2025-11-18 16:03:19.458] [1778] [HailoRT] [info] [internal_buffer_manager.cpp:204] [print_execution_results] Planned internal buffer memory: CMA memory 0, user memory 2772480. memory to edge layer usage factor is 1
[2025-11-18 16:03:19.458] [1778] [HailoRT] [info] [internal_buffer_manager.cpp:212] [print_execution_results] Default Internal buffer planner executed successfully
[2025-11-18 16:03:19.478] [1778] [HailoRT] [info] [device_internal.cpp:57] [configure] Configuring HEF took 27.15007 milliseconds
[2025-11-18 16:03:19.478] [1778] [HailoRT] [info] [vdevice.cpp:749] [configure] Configuring HEF on VDevice took 28.142138 milliseconds
[2025-11-18 16:03:19.478] [1778] [HailoRT] [info] [infer_model.cpp:436] [configure] Configuring network group 'yolov11n' with params: batch size: 2, power mode: PERFORMANCE, latency: NONE
[2025-11-18 16:03:19.482] [1778] [HailoRT] [info] [multi_io_elements.cpp:756] [create] Created (AsyncHwEl)
[2025-11-18 16:03:19.483] [1778] [HailoRT] [info] [queue_elements.cpp:450] [create] Created (EntryPushQEl0yolov11n/input_layer1 | timeout: 10s)
[2025-11-18 16:03:19.483] [1778] [HailoRT] [info] [filter_elements.cpp:101] [create] Created (PreInferEl3yolov11n/input_layer1 | Reorder - src_order: RGB4, src_shape: (640, 640, 3), dst_order: NHCW, dst_shape: (640, 640, 3))
[2025-11-18 16:03:19.483] [1778] [HailoRT] [info] [queue_elements.cpp:450] [create] Created (PushQEl3yolov11n/input_layer1 | timeout: 10s)
[2025-11-18 16:03:19.483] [1778] [HailoRT] [info] [multi_io_elements.cpp:135] [create] Created (NmsPPMuxEl0YOLOV8-Post-Process | Op YOLOV8, Name: YOLOV8-Post-Process, Score threshold: 0.300, IoU threshold: 0.45, Classes: 80, Cross classes: false, NMS results order: BY_CLASS, Max bboxes per class: 100, Image height: 640, Image width: 640)
[2025-11-18 16:03:19.483] [1778] [HailoRT] [info] [queue_elements.cpp:942] [create] Created (MultiPushQEl0YOLOV8-Post-Process | timeout: 10s)
[2025-11-18 16:03:19.483] [1778] [HailoRT] [info] [edge_elements.cpp:187] [create] Created (LastAsyncEl0NmsPPMuxEl0YOLOV8-Post-Process)
[2025-11-18 16:03:19.483] [1778] [HailoRT] [info] [pipeline.cpp:891] [print_deep_description] EntryPushQEl0yolov11n/input_layer1 | inputs: user | outputs: PreInferEl3yolov11n/input_layer1(running in thread_id: 1846)
[2025-11-18 16:03:19.484] [1778] [HailoRT] [info] [pipeline.cpp:891] [print_deep_description] PreInferEl3yolov11n/input_layer1 | inputs: EntryPushQEl0yolov11n/input_layer1[0] | outputs: PushQEl3yolov11n/input_layer1
[2025-11-18 16:03:19.484] [1778] [HailoRT] [info] [pipeline.cpp:891] [print_deep_description] PushQEl3yolov11n/input_layer1 | inputs: PreInferEl3yolov11n/input_layer1[0] | outputs: AsyncHwEl(running in thread_id: 1847)
[2025-11-18 16:03:19.484] [1778] [HailoRT] [info] [pipeline.cpp:891] [print_deep_description] AsyncHwEl | inputs: PushQEl3yolov11n/input_layer1[0] | outputs: MultiPushQEl0YOLOV8-Post-Process MultiPushQEl0YOLOV8-Post-Process MultiPushQEl0YOLOV8-Post-Process MultiPushQEl0YOLOV8-Post-Process MultiPushQEl0YOLOV8-Post-Process MultiPushQEl0YOLOV8-Post-Process
[2025-11-18 16:03:19.484] [1778] [HailoRT] [info] [pipeline.cpp:891] [print_deep_description] MultiPushQEl0YOLOV8-Post-Process | inputs: AsyncHwEl[0] AsyncHwEl[1] AsyncHwEl[2] AsyncHwEl[3] AsyncHwEl[4] AsyncHwEl[5] | outputs: NmsPPMuxEl0YOLOV8-Post-Process(running in thread_id: 1848)
[2025-11-18 16:03:19.484] [1778] [HailoRT] [info] [pipeline.cpp:891] [print_deep_description] NmsPPMuxEl0YOLOV8-Post-Process | inputs: MultiPushQEl0YOLOV8-Post-Process[0] | outputs: LastAsyncEl0NmsPPMuxEl0YOLOV8-Post-Process
[2025-11-18 16:03:19.484] [1778] [HailoRT] [info] [pipeline.cpp:891] [print_deep_description] LastAsyncEl0NmsPPMuxEl0YOLOV8-Post-Process | inputs: NmsPPMuxEl0YOLOV8-Post-Process[0] | outputs: user
[2025-11-18 16:03:20.259] [1837] [HailoRT] [info] [hef.cpp:1929] [get_network_group_and_network_name] No name was given. Addressing all networks of default network_group: yolov11n
[2025-11-18 16:03:34.399] [1847] [HailoRT] [warning] [pipeline.cpp:441] [acquire_buffer] Failed to acquire buffer because the buffer pool is empty. This could be caused by uneven reading and writing speeds, with a short user-defined timeout. (timeout=10000ms)
[2025-11-18 16:03:34.399] [1847] [HailoRT] [error] [pipeline_internal.cpp:26] [handle_non_recoverable_async_error] Non-recoverable Async Infer Pipeline error. status error code: HAILO_TIMEOUT(4)
[2025-11-18 16:03:34.399] [1847] [HailoRT] [error] [async_infer_runner.cpp:88] [shutdown] Shutting down the pipeline with status HAILO_TIMEOUT(4)
[2025-11-18 16:03:34.399] [1846] [HailoRT] [info] [queue_elements.cpp:497] [operator()] Thread in element EntryPushQEl0yolov11n/input_layer1 is not running anymore, exiting..
[2025-11-18 16:03:34.399] [1816] [HailoRT] [error] [driver_os_specific.cpp:176] [convert_errno_to_hailo_status] Ioctl HAILO_FW_CONTROL failed with 19. Read dmesg log for more info
[2025-11-18 16:03:34.399] [1816] [HailoRT] [error] [hailort_driver.cpp:524] [fw_control] CHECK_SUCCESS failed with status=HAILO_DRIVER_OPERATION_FAILED(36) - Failed in fw_control
[2025-11-18 16:03:34.399] [1816] [HailoRT] [error] [vdma_device.cpp:88] [fw_interact_impl] CHECK_SUCCESS failed with status=HAILO_DRIVER_OPERATION_FAILED(36) - Failed to send fw control
[2025-11-18 16:03:34.399] [1816] [HailoRT] [error] [device.cpp:504] [fw_interact] CHECK_SUCCESS failed with status=HAILO_DRIVER_OPERATION_FAILED(36)
[2025-11-18 16:03:34.399] [1816] [HailoRT] [error] [resource_manager.cpp:669] [reset_state_machine] CHECK_SUCCESS failed with status=HAILO_DRIVER_OPERATION_FAILED(36)
[2025-11-18 16:03:34.399] [1816] [HailoRT] [error] [vdma_config_manager.cpp:63] [set_state_machine] CHECK_SUCCESS failed with status=HAILO_DRIVER_OPERATION_FAILED(36) - Failed to disable state machine
[2025-11-18 16:03:34.399] [1816] [HailoRT] [error] [vdma_config_manager.cpp:84] [switch_core_op] CHECK_SUCCESS failed with status=HAILO_DRIVER_OPERATION_FAILED(36) - Failed to set state machine
[2025-11-18 16:03:34.399] [1816] [HailoRT] [error] [scheduler.cpp:151] [deactivate_core_op] CHECK_SUCCESS failed with status=HAILO_DRIVER_OPERATION_FAILED(36) - Scheduler failed deactivate core op on 0001:01:00.0
[2025-11-18 16:03:34.399] [1816] [HailoRT] [error] [scheduler.cpp:391] [shutdown_core_op] Scheduler failed deactivate core op on 0001:01:00.0
[2025-11-18 16:03:34.624] [1837] [HailoRT] [error] [infer_model.cpp:818] [wait_for_async_ready] CHECK failed - Got timeout in `wait_for_async_ready` (10000ms) - the edge 'yolov11n/yolov8_nms_postprocess' could not receive 1 transfer-requests
[2025-11-18 16:03:43.874] [1778] [HailoRT] [info] [async_infer_runner.cpp:86] [shutdown] Pipeline was aborted. Shutting it down
[2025-11-18 16:03:43.874] [1778] [HailoRT] [info] [queue_elements.cpp:1131] [execute_deactivate] enqueue() in element MultiPushQEl0YOLOV8-Post-Process was aborted, got status = HAILO_SHUTDOWN_EVENT_SIGNALED(57)
[2025-11-18 16:03:43.874] [1778] [HailoRT] [info] [queue_elements.cpp:1131] [execute_deactivate] enqueue() in element MultiPushQEl0YOLOV8-Post-Process was aborted, got status = HAILO_SHUTDOWN_EVENT_SIGNALED(57)
[2025-11-18 16:03:43.874] [1778] [HailoRT] [info] [queue_elements.cpp:1131] [execute_deactivate] enqueue() in element MultiPushQEl0YOLOV8-Post-Process was aborted, got status = HAILO_SHUTDOWN_EVENT_SIGNALED(57)
[2025-11-18 16:03:43.874] [1778] [HailoRT] [info] [queue_elements.cpp:1131] [execute_deactivate] enqueue() in element MultiPushQEl0YOLOV8-Post-Process was aborted, got status = HAILO_SHUTDOWN_EVENT_SIGNALED(57)
[2025-11-18 16:03:43.874] [1778] [HailoRT] [info] [queue_elements.cpp:1131] [execute_deactivate] enqueue() in element MultiPushQEl0YOLOV8-Post-Process was aborted, got status = HAILO_SHUTDOWN_EVENT_SIGNALED(57)
[2025-11-18 16:03:43.874] [1778] [HailoRT] [info] [queue_elements.cpp:1131] [execute_deactivate] enqueue() in element MultiPushQEl0YOLOV8-Post-Process was aborted, got status = HAILO_SHUTDOWN_EVENT_SIGNALED(57)
[2025-11-18 16:03:43.874] [1778] [HailoRT] [info] [queue_elements.cpp:570] [execute_deactivate] enqueue() in element PushQEl3yolov11n/input_layer1 was aborted, got status = HAILO_SHUTDOWN_EVENT_SIGNALED(57)
[2025-11-18 16:03:43.874] [1778] [HailoRT] [info] [queue_elements.cpp:570] [execute_deactivate] enqueue() in element EntryPushQEl0yolov11n/input_layer1 was aborted, got status = HAILO_SHUTDOWN_EVENT_SIGNALED(57)
[2025-11-18 16:06:40.642] [2191] [HailoRT] [error] [driver_os_specific.cpp:34] [open_device_file] CHECK failed - Failed to open device file /dev/hailo0 with error 6
[2025-11-18 16:06:40.642] [2191] [HailoRT] [error] [hailort_driver.cpp:176] [create] CHECK_SUCCESS failed with status=HAILO_DRIVER_OPERATION_FAILED(36)
[2025-11-18 16:06:40.642] [2191] [HailoRT] [error] [pcie_device.cpp:91] [create] CHECK_SUCCESS failed with status=HAILO_DRIVER_OPERATION_FAILED(36)
[2025-11-18 16:06:40.642] [2191] [HailoRT] [error] [device.cpp:128] [create_pcie] CHECK_SUCCESS failed with status=HAILO_DRIVER_OPERATION_FAILED(36)
[2025-11-18 16:08:18.254] [1802] [HailoRT] [info] [device.cpp:49] [Device] OS Version: Linux 6.12.47+rpt-rpi-2712 #1 SMP PREEMPT Debian 1:6.12.47-1+rpt1~bookworm (2025-09-16) aarch64
[2025-11-18 16:08:18.256] [1802] [HailoRT] [info] [control.cpp:108] [control__parse_identify_results] firmware_version is: 4.20.0
[2025-11-18 16:08:18.257] [1802] [HailoRT] [info] [control.cpp:108] [control__parse_identify_results] firmware_version is: 4.20.0
[2025-11-18 16:08:18.319] [1818] [HailoRT] [info] [device.cpp:49] [Device] OS Version: Linux 6.12.47+rpt-rpi-2712 #1 SMP PREEMPT Debian 1:6.12.47-1+rpt1~bookworm (2025-09-16) aarch64
[2025-11-18 16:08:18.321] [1818] [HailoRT] [info] [control.cpp:108] [control__parse_identify_results] firmware_version is: 4.20.0
[2025-11-18 16:08:18.323] [1818] [HailoRT] [info] [control.cpp:108] [control__parse_identify_results] firmware_version is: 4.20.0
[2025-11-18 16:08:18.967] [1770] [HailoRT] [info] [vdevice.cpp:523] [create] Creating vdevice with params: device_count: 1, scheduling_algorithm: ROUND_ROBIN, multi_process_service: false
[2025-11-18 16:08:18.983] [1770] [HailoRT] [info] [device.cpp:49] [Device] OS Version: Linux 6.12.47+rpt-rpi-2712 #1 SMP PREEMPT Debian 1:6.12.47-1+rpt1~bookworm (2025-09-16) aarch64
[2025-11-18 16:08:18.984] [1770] [HailoRT] [info] [control.cpp:108] [control__parse_identify_results] firmware_version is: 4.20.0
[2025-11-18 16:08:18.989] [1770] [HailoRT] [info] [vdevice.cpp:651] [create] VDevice Infos: 0001:01:00.0
[2025-11-18 16:08:19.135] [1770] [HailoRT] [info] [hef.cpp:1929] [get_network_group_and_network_name] No name was given. Addressing all networks of default network_group: yolov11n
[2025-11-18 16:08:19.135] [1770] [HailoRT] [info] [hef.cpp:1929] [get_network_group_and_network_name] No name was given. Addressing all networks of default network_group: yolov11n
[2025-11-18 16:08:19.249] [1770] [HailoRT] [info] [internal_buffer_manager.cpp:204] [print_execution_results] Planned internal buffer memory: CMA memory 0, user memory 2772480. memory to edge layer usage factor is 1
[2025-11-18 16:08:19.249] [1770] [HailoRT] [info] [internal_buffer_manager.cpp:212] [print_execution_results] Default Internal buffer planner executed successfully
[2025-11-18 16:08:19.285] [1770] [HailoRT] [info] [device_internal.cpp:57] [configure] Configuring HEF took 47.25776 milliseconds
[2025-11-18 16:08:19.285] [1770] [HailoRT] [info] [vdevice.cpp:749] [configure] Configuring HEF on VDevice took 48.085371 milliseconds
[2025-11-18 16:08:19.285] [1770] [HailoRT] [info] [infer_model.cpp:436] [configure] Configuring network group 'yolov11n' with params: batch size: 2, power mode: PERFORMANCE, latency: NONE
[2025-11-18 16:08:19.290] [1770] [HailoRT] [info] [multi_io_elements.cpp:756] [create] Created (AsyncHwEl)
[2025-11-18 16:08:19.291] [1770] [HailoRT] [info] [queue_elements.cpp:450] [create] Created (EntryPushQEl0yolov11n/input_layer1 | timeout: 10s)
[2025-11-18 16:08:19.291] [1770] [HailoRT] [info] [filter_elements.cpp:101] [create] Created (PreInferEl3yolov11n/input_layer1 | Reorder - src_order: RGB4, src_shape: (640, 640, 3), dst_order: NHCW, dst_shape: (640, 640, 3))
[2025-11-18 16:08:19.291] [1770] [HailoRT] [info] [queue_elements.cpp:450] [create] Created (PushQEl3yolov11n/input_layer1 | timeout: 10s)
[2025-11-18 16:08:19.291] [1770] [HailoRT] [info] [multi_io_elements.cpp:135] [create] Created (NmsPPMuxEl0YOLOV8-Post-Process | Op YOLOV8, Name: YOLOV8-Post-Process, Score threshold: 0.300, IoU threshold: 0.45, Classes: 80, Cross classes: false, NMS results order: BY_CLASS, Max bboxes per class: 100, Image height: 640, Image width: 640)
[2025-11-18 16:08:19.292] [1770] [HailoRT] [info] [queue_elements.cpp:942] [create] Created (MultiPushQEl0YOLOV8-Post-Process | timeout: 10s)
[2025-11-18 16:08:19.292] [1770] [HailoRT] [info] [edge_elements.cpp:187] [create] Created (LastAsyncEl0NmsPPMuxEl0YOLOV8-Post-Process)
[2025-11-18 16:08:19.292] [1770] [HailoRT] [info] [pipeline.cpp:891] [print_deep_description] EntryPushQEl0yolov11n/input_layer1 | inputs: user | outputs: PreInferEl3yolov11n/input_layer1(running in thread_id: 1882)
[2025-11-18 16:08:19.292] [1770] [HailoRT] [info] [pipeline.cpp:891] [print_deep_description] PreInferEl3yolov11n/input_layer1 | inputs: EntryPushQEl0yolov11n/input_layer1[0] | outputs: PushQEl3yolov11n/input_layer1
[2025-11-18 16:08:19.292] [1770] [HailoRT] [info] [pipeline.cpp:891] [print_deep_description] PushQEl3yolov11n/input_layer1 | inputs: PreInferEl3yolov11n/input_layer1[0] | outputs: AsyncHwEl(running in thread_id: 1883)
[2025-11-18 16:08:19.292] [1770] [HailoRT] [info] [pipeline.cpp:891] [print_deep_description] AsyncHwEl | inputs: PushQEl3yolov11n/input_layer1[0] | outputs: MultiPushQEl0YOLOV8-Post-Process MultiPushQEl0YOLOV8-Post-Process MultiPushQEl0YOLOV8-Post-Process MultiPushQEl0YOLOV8-Post-Process MultiPushQEl0YOLOV8-Post-Process MultiPushQEl0YOLOV8-Post-Process
[2025-11-18 16:08:19.292] [1770] [HailoRT] [info] [pipeline.cpp:891] [print_deep_description] MultiPushQEl0YOLOV8-Post-Process | inputs: AsyncHwEl[0] AsyncHwEl[1] AsyncHwEl[2] AsyncHwEl[3] AsyncHwEl[4] AsyncHwEl[5] | outputs: NmsPPMuxEl0YOLOV8-Post-Process(running in thread_id: 1884)
[2025-11-18 16:08:19.292] [1770] [HailoRT] [info] [pipeline.cpp:891] [print_deep_description] NmsPPMuxEl0YOLOV8-Post-Process | inputs: MultiPushQEl0YOLOV8-Post-Process[0] | outputs: LastAsyncEl0NmsPPMuxEl0YOLOV8-Post-Process
[2025-11-18 16:08:19.292] [1770] [HailoRT] [info] [pipeline.cpp:891] [print_deep_description] LastAsyncEl0NmsPPMuxEl0YOLOV8-Post-Process | inputs: NmsPPMuxEl0YOLOV8-Post-Process[0] | outputs: user
[2025-11-18 16:08:20.128] [1866] [HailoRT] [info] [hef.cpp:1929] [get_network_group_and_network_name] No name was given. Addressing all networks of default network_group: yolov11n
[2025-11-18 16:10:36.022] [1875] [HailoRT] [warning] [boundary_channel.cpp:97] [get_callback_status] Channel 0:16 completed with errors: host_error 255 device_error 255
[2025-11-18 16:10:36.023] [1875] [HailoRT] [warning] [boundary_channel.cpp:97] [get_callback_status] Channel 0:17 completed with errors: host_error 255 device_error 255
[2025-11-18 16:10:36.023] [1875] [HailoRT] [warning] [boundary_channel.cpp:97] [get_callback_status] Channel 0:18 completed with errors: host_error 255 device_error 255
[2025-11-18 16:10:36.024] [1875] [HailoRT] [warning] [boundary_channel.cpp:97] [get_callback_status] Channel 0:19 completed with errors: host_error 255 device_error 255
[2025-11-18 16:10:46.064] [1883] [HailoRT] [warning] [pipeline.cpp:441] [acquire_buffer] Failed to acquire buffer because the buffer pool is empty. This could be caused by uneven reading and writing speeds, with a short user-defined timeout. (timeout=10000ms)
[2025-11-18 16:10:46.065] [1883] [HailoRT] [error] [pipeline_internal.cpp:26] [handle_non_recoverable_async_error] Non-recoverable Async Infer Pipeline error. status error code: HAILO_TIMEOUT(4)
[2025-11-18 16:10:46.065] [1883] [HailoRT] [error] [async_infer_runner.cpp:88] [shutdown] Shutting down the pipeline with status HAILO_TIMEOUT(4)
[2025-11-18 16:10:46.065] [1882] [HailoRT] [info] [queue_elements.cpp:497] [operator()] Thread in element EntryPushQEl0yolov11n/input_layer1 is not running anymore, exiting..
[2025-11-18 16:10:46.065] [1844] [HailoRT] [error] [driver_os_specific.cpp:176] [convert_errno_to_hailo_status] Ioctl HAILO_FW_CONTROL failed with 19. Read dmesg log for more info
[2025-11-18 16:10:46.065] [1844] [HailoRT] [error] [hailort_driver.cpp:524] [fw_control] CHECK_SUCCESS failed with status=HAILO_DRIVER_OPERATION_FAILED(36) - Failed in fw_control
[2025-11-18 16:10:46.065] [1844] [HailoRT] [error] [vdma_device.cpp:88] [fw_interact_impl] CHECK_SUCCESS failed with status=HAILO_DRIVER_OPERATION_FAILED(36) - Failed to send fw control
[2025-11-18 16:10:46.065] [1844] [HailoRT] [error] [device.cpp:504] [fw_interact] CHECK_SUCCESS failed with status=HAILO_DRIVER_OPERATION_FAILED(36)
[2025-11-18 16:10:46.065] [1844] [HailoRT] [error] [resource_manager.cpp:669] [reset_state_machine] CHECK_SUCCESS failed with status=HAILO_DRIVER_OPERATION_FAILED(36)
[2025-11-18 16:10:46.065] [1844] [HailoRT] [error] [vdma_config_manager.cpp:63] [set_state_machine] CHECK_SUCCESS failed with status=HAILO_DRIVER_OPERATION_FAILED(36) - Failed to disable state machine
[2025-11-18 16:10:46.065] [1844] [HailoRT] [error] [vdma_config_manager.cpp:84] [switch_core_op] CHECK_SUCCESS failed with status=HAILO_DRIVER_OPERATION_FAILED(36) - Failed to set state machine
[2025-11-18 16:10:46.065] [1844] [HailoRT] [error] [scheduler.cpp:151] [deactivate_core_op] CHECK_SUCCESS failed with status=HAILO_DRIVER_OPERATION_FAILED(36) - Scheduler failed deactivate core op on 0001:01:00.0
[2025-11-18 16:10:46.065] [1844] [HailoRT] [error] [scheduler.cpp:391] [shutdown_core_op] Scheduler failed deactivate core op on 0001:01:00.0
[2025-11-18 16:10:46.256] [1866] [HailoRT] [error] [infer_model.cpp:818] [wait_for_async_ready] CHECK failed - Got timeout in `wait_for_async_ready` (10000ms) - the edge 'yolov11n/yolov8_nms_postprocess' could not receive 1 transfer-requests
[2025-11-18 16:25:06.049] [3113] [HailoRT] [error] [driver_os_specific.cpp:34] [open_device_file] CHECK failed - Failed to open device file /dev/hailo0 with error 6
[2025-11-18 16:25:06.049] [3113] [HailoRT] [error] [hailort_driver.cpp:176] [create] CHECK_SUCCESS failed with status=HAILO_DRIVER_OPERATION_FAILED(36)
[2025-11-18 16:25:06.049] [3113] [HailoRT] [error] [pcie_device.cpp:91] [create] CHECK_SUCCESS failed with status=HAILO_DRIVER_OPERATION_FAILED(36)
[2025-11-18 16:25:06.049] [3113] [HailoRT] [error] [device.cpp:128] [create_pcie] CHECK_SUCCESS failed with status=HAILO_DRIVER_OPERATION_FAILED(36)
[2025-11-18 16:25:59.045] [1785] [HailoRT] [info] [device.cpp:49] [Device] OS Version: Linux 6.12.47+rpt-rpi-2712 #1 SMP PREEMPT Debian 1:6.12.47-1+rpt1~bookworm (2025-09-16) aarch64
[2025-11-18 16:25:59.047] [1785] [HailoRT] [info] [control.cpp:108] [control__parse_identify_results] firmware_version is: 4.20.0
[2025-11-18 16:25:59.050] [1785] [HailoRT] [info] [control.cpp:108] [control__parse_identify_results] firmware_version is: 4.20.0
[2025-11-18 16:25:59.109] [1805] [HailoRT] [info] [device.cpp:49] [Device] OS Version: Linux 6.12.47+rpt-rpi-2712 #1 SMP PREEMPT Debian 1:6.12.47-1+rpt1~bookworm (2025-09-16) aarch64
[2025-11-18 16:25:59.110] [1805] [HailoRT] [info] [control.cpp:108] [control__parse_identify_results] firmware_version is: 4.20.0
[2025-11-18 16:25:59.111] [1805] [HailoRT] [info] [control.cpp:108] [control__parse_identify_results] firmware_version is: 4.20.0
[2025-11-18 16:26:00.007] [1772] [HailoRT] [info] [vdevice.cpp:523] [create] Creating vdevice with params: device_count: 1, scheduling_algorithm: ROUND_ROBIN, multi_process_service: false
[2025-11-18 16:26:00.025] [1772] [HailoRT] [info] [device.cpp:49] [Device] OS Version: Linux 6.12.47+rpt-rpi-2712 #1 SMP PREEMPT Debian 1:6.12.47-1+rpt1~bookworm (2025-09-16) aarch64
[2025-11-18 16:26:00.028] [1772] [HailoRT] [info] [control.cpp:108] [control__parse_identify_results] firmware_version is: 4.20.0
[2025-11-18 16:26:00.032] [1772] [HailoRT] [info] [vdevice.cpp:651] [create] VDevice Infos: 0001:01:00.0
[2025-11-18 16:26:00.152] [1772] [HailoRT] [info] [hef.cpp:1929] [get_network_group_and_network_name] No name was given. Addressing all networks of default network_group: yolov11n
[2025-11-18 16:26:00.152] [1772] [HailoRT] [info] [hef.cpp:1929] [get_network_group_and_network_name] No name was given. Addressing all networks of default network_group: yolov11n
[2025-11-18 16:26:00.278] [1772] [HailoRT] [info] [internal_buffer_manager.cpp:204] [print_execution_results] Planned internal buffer memory: CMA memory 0, user memory 2772480. memory to edge layer usage factor is 1
[2025-11-18 16:26:00.278] [1772] [HailoRT] [info] [internal_buffer_manager.cpp:212] [print_execution_results] Default Internal buffer planner executed successfully
[2025-11-18 16:26:00.320] [1772] [HailoRT] [info] [device_internal.cpp:57] [configure] Configuring HEF took 54.845204 milliseconds
[2025-11-18 16:26:00.321] [1772] [HailoRT] [info] [vdevice.cpp:749] [configure] Configuring HEF on VDevice took 55.743666 milliseconds
[2025-11-18 16:26:00.321] [1772] [HailoRT] [info] [infer_model.cpp:436] [configure] Configuring network group 'yolov11n' with params: batch size: 2, power mode: PERFORMANCE, latency: NONE
[2025-11-18 16:26:00.325] [1772] [HailoRT] [info] [multi_io_elements.cpp:756] [create] Created (AsyncHwEl)
[2025-11-18 16:26:00.326] [1772] [HailoRT] [info] [queue_elements.cpp:450] [create] Created (EntryPushQEl0yolov11n/input_layer1 | timeout: 10s)
[2025-11-18 16:26:00.326] [1772] [HailoRT] [info] [filter_elements.cpp:101] [create] Created (PreInferEl3yolov11n/input_layer1 | Reorder - src_order: RGB4, src_shape: (640, 640, 3), dst_order: NHCW, dst_shape: (640, 640, 3))
[2025-11-18 16:26:00.326] [1772] [HailoRT] [info] [queue_elements.cpp:450] [create] Created (PushQEl3yolov11n/input_layer1 | timeout: 10s)
[2025-11-18 16:26:00.326] [1772] [HailoRT] [info] [multi_io_elements.cpp:135] [create] Created (NmsPPMuxEl0YOLOV8-Post-Process | Op YOLOV8, Name: YOLOV8-Post-Process, Score threshold: 0.300, IoU threshold: 0.45, Classes: 80, Cross classes: false, NMS results order: BY_CLASS, Max bboxes per class: 100, Image height: 640, Image width: 640)
[2025-11-18 16:26:00.326] [1772] [HailoRT] [info] [queue_elements.cpp:942] [create] Created (MultiPushQEl0YOLOV8-Post-Process | timeout: 10s)
[2025-11-18 16:26:00.326] [1772] [HailoRT] [info] [edge_elements.cpp:187] [create] Created (LastAsyncEl0NmsPPMuxEl0YOLOV8-Post-Process)
[2025-11-18 16:26:00.326] [1772] [HailoRT] [info] [pipeline.cpp:891] [print_deep_description] EntryPushQEl0yolov11n/input_layer1 | inputs: user | outputs: PreInferEl3yolov11n/input_layer1(running in thread_id: 1951)
[2025-11-18 16:26:00.327] [1772] [HailoRT] [info] [pipeline.cpp:891] [print_deep_description] PreInferEl3yolov11n/input_layer1 | inputs: EntryPushQEl0yolov11n/input_layer1[0] | outputs: PushQEl3yolov11n/input_layer1
[2025-11-18 16:26:00.327] [1772] [HailoRT] [info] [pipeline.cpp:891] [print_deep_description] PushQEl3yolov11n/input_layer1 | inputs: PreInferEl3yolov11n/input_layer1[0] | outputs: AsyncHwEl(running in thread_id: 1952)
[2025-11-18 16:26:00.327] [1772] [HailoRT] [info] [pipeline.cpp:891] [print_deep_description] AsyncHwEl | inputs: PushQEl3yolov11n/input_layer1[0] | outputs: MultiPushQEl0YOLOV8-Post-Process MultiPushQEl0YOLOV8-Post-Process MultiPushQEl0YOLOV8-Post-Process MultiPushQEl0YOLOV8-Post-Process MultiPushQEl0YOLOV8-Post-Process MultiPushQEl0YOLOV8-Post-Process
[2025-11-18 16:26:00.327] [1772] [HailoRT] [info] [pipeline.cpp:891] [print_deep_description] MultiPushQEl0YOLOV8-Post-Process | inputs: AsyncHwEl[0] AsyncHwEl[1] AsyncHwEl[2] AsyncHwEl[3] AsyncHwEl[4] AsyncHwEl[5] | outputs: NmsPPMuxEl0YOLOV8-Post-Process(running in thread_id: 1953)
[2025-11-18 16:26:00.327] [1772] [HailoRT] [info] [pipeline.cpp:891] [print_deep_description] NmsPPMuxEl0YOLOV8-Post-Process | inputs: MultiPushQEl0YOLOV8-Post-Process[0] | outputs: LastAsyncEl0NmsPPMuxEl0YOLOV8-Post-Process
[2025-11-18 16:26:00.327] [1772] [HailoRT] [info] [pipeline.cpp:891] [print_deep_description] LastAsyncEl0NmsPPMuxEl0YOLOV8-Post-Process | inputs: NmsPPMuxEl0YOLOV8-Post-Process[0] | outputs: user
[2025-11-18 16:26:01.161] [1934] [HailoRT] [info] [hef.cpp:1929] [get_network_group_and_network_name] No name was given. Addressing all networks of default network_group: yolov11n
[2025-11-18 16:30:31.652] [3547] [HailoRT] [info] [device.cpp:49] [Device] OS Version: Linux 6.12.47+rpt-rpi-2712 #1 SMP PREEMPT Debian 1:6.12.47-1+rpt1~bookworm (2025-09-16) aarch64
[2025-11-18 16:30:31.653] [3547] [HailoRT] [info] [control.cpp:108] [control__parse_identify_results] firmware_version is: 4.20.0
[2025-11-18 16:30:31.654] [3547] [HailoRT] [info] [control.cpp:108] [control__parse_identify_results] firmware_version is: 4.20.0
[2025-11-18 16:30:31.682] [3556] [HailoRT] [info] [device.cpp:49] [Device] OS Version: Linux 6.12.47+rpt-rpi-2712 #1 SMP PREEMPT Debian 1:6.12.47-1+rpt1~bookworm (2025-09-16) aarch64
[2025-11-18 16:30:31.684] [3556] [HailoRT] [info] [control.cpp:108] [control__parse_identify_results] firmware_version is: 4.20.0
[2025-11-18 16:30:31.685] [3556] [HailoRT] [info] [control.cpp:108] [control__parse_identify_results] firmware_version is: 4.20.0
[2025-11-18 16:30:31.758] [3532] [HailoRT] [info] [vdevice.cpp:523] [create] Creating vdevice with params: device_count: 1, scheduling_algorithm: ROUND_ROBIN, multi_process_service: false
[2025-11-18 16:30:31.758] [3532] [HailoRT] [info] [device.cpp:49] [Device] OS Version: Linux 6.12.47+rpt-rpi-2712 #1 SMP PREEMPT Debian 1:6.12.47-1+rpt1~bookworm (2025-09-16) aarch64
[2025-11-18 16:30:31.763] [3532] [HailoRT] [info] [control.cpp:108] [control__parse_identify_results] firmware_version is: 4.20.0
[2025-11-18 16:30:31.786] [3532] [HailoRT] [error] [vdevice.cpp:820] [create_devices] CHECK failed - Failed to create vdevice. there are not enough free devices. requested: 1, found: 0
[2025-11-18 16:30:31.786] [3532] [HailoRT] [error] [vdevice.cpp:631] [create] CHECK_SUCCESS failed with status=HAILO_OUT_OF_PHYSICAL_DEVICES(74)
[2025-11-18 16:30:31.786] [3532] [HailoRT] [error] [shared_resource_manager.hpp:81] [register_resource] CHECK_SUCCESS failed with status=HAILO_OUT_OF_PHYSICAL_DEVICES(74)
[2025-11-18 16:30:31.786] [3532] [HailoRT] [error] [vdevice.cpp:132] [create] CHECK_SUCCESS failed with status=HAILO_OUT_OF_PHYSICAL_DEVICES(74)
[2025-11-18 16:30:31.786] [3532] [HailoRT] [error] [vdevice.cpp:554] [create] CHECK_SUCCESS failed with status=HAILO_OUT_OF_PHYSICAL_DEVICES(74)
[2025-11-18 16:38:59.199] [3735] [HailoRT] [info] [device.cpp:49] [Device] OS Version: Linux 6.12.47+rpt-rpi-2712 #1 SMP PREEMPT Debian 1:6.12.47-1+rpt1~bookworm (2025-09-16) aarch64
[2025-11-18 16:38:59.205] [3735] [HailoRT] [info] [control.cpp:108] [control__parse_identify_results] firmware_version is: 4.20.0
[2025-11-18 16:38:59.206] [3735] [HailoRT] [info] [control.cpp:108] [control__parse_identify_results] firmware_version is: 4.20.0
[2025-11-18 16:38:59.236] [3743] [HailoRT] [info] [device.cpp:49] [Device] OS Version: Linux 6.12.47+rpt-rpi-2712 #1 SMP PREEMPT Debian 1:6.12.47-1+rpt1~bookworm (2025-09-16) aarch64
[2025-11-18 16:38:59.238] [3743] [HailoRT] [info] [control.cpp:108] [control__parse_identify_results] firmware_version is: 4.20.0
[2025-11-18 16:38:59.244] [3743] [HailoRT] [info] [control.cpp:108] [control__parse_identify_results] firmware_version is: 4.20.0
[2025-11-18 16:38:59.358] [3722] [HailoRT] [info] [vdevice.cpp:523] [create] Creating vdevice with params: device_count: 1, scheduling_algorithm: ROUND_ROBIN, multi_process_service: false
[2025-11-18 16:38:59.359] [3722] [HailoRT] [info] [device.cpp:49] [Device] OS Version: Linux 6.12.47+rpt-rpi-2712 #1 SMP PREEMPT Debian 1:6.12.47-1+rpt1~bookworm (2025-09-16) aarch64
[2025-11-18 16:38:59.366] [3722] [HailoRT] [info] [control.cpp:108] [control__parse_identify_results] firmware_version is: 4.20.0
[2025-11-18 16:38:59.390] [3722] [HailoRT] [error] [vdevice.cpp:820] [create_devices] CHECK failed - Failed to create vdevice. there are not enough free devices. requested: 1, found: 0
[2025-11-18 16:38:59.390] [3722] [HailoRT] [error] [vdevice.cpp:631] [create] CHECK_SUCCESS failed with status=HAILO_OUT_OF_PHYSICAL_DEVICES(74)
[2025-11-18 16:38:59.390] [3722] [HailoRT] [error] [shared_resource_manager.hpp:81] [register_resource] CHECK_SUCCESS failed with status=HAILO_OUT_OF_PHYSICAL_DEVICES(74)
[2025-11-18 16:38:59.390] [3722] [HailoRT] [error] [vdevice.cpp:132] [create] CHECK_SUCCESS failed with status=HAILO_OUT_OF_PHYSICAL_DEVICES(74)
[2025-11-18 16:38:59.390] [3722] [HailoRT] [error] [vdevice.cpp:554] [create] CHECK_SUCCESS failed with status=HAILO_OUT_OF_PHYSICAL_DEVICES(74)
[2025-11-18 16:40:07.646] [1807] [HailoRT] [info] [device.cpp:49] [Device] OS Version: Linux 6.12.47+rpt-rpi-2712 #1 SMP PREEMPT Debian 1:6.12.47-1+rpt1~bookworm (2025-09-16) aarch64
[2025-11-18 16:40:07.648] [1807] [HailoRT] [info] [control.cpp:108] [control__parse_identify_results] firmware_version is: 4.20.0
[2025-11-18 16:40:07.649] [1807] [HailoRT] [info] [control.cpp:108] [control__parse_identify_results] firmware_version is: 4.20.0
[2025-11-18 16:40:07.715] [1815] [HailoRT] [info] [device.cpp:49] [Device] OS Version: Linux 6.12.47+rpt-rpi-2712 #1 SMP PREEMPT Debian 1:6.12.47-1+rpt1~bookworm (2025-09-16) aarch64
[2025-11-18 16:40:07.716] [1815] [HailoRT] [info] [control.cpp:108] [control__parse_identify_results] firmware_version is: 4.20.0
[2025-11-18 16:40:07.717] [1815] [HailoRT] [info] [control.cpp:108] [control__parse_identify_results] firmware_version is: 4.20.0
[2025-11-18 16:40:08.098] [1794] [HailoRT] [info] [vdevice.cpp:523] [create] Creating vdevice with params: device_count: 1, scheduling_algorithm: ROUND_ROBIN, multi_process_service: false
[2025-11-18 16:40:08.118] [1794] [HailoRT] [info] [device.cpp:49] [Device] OS Version: Linux 6.12.47+rpt-rpi-2712 #1 SMP PREEMPT Debian 1:6.12.47-1+rpt1~bookworm (2025-09-16) aarch64
[2025-11-18 16:40:08.120] [1794] [HailoRT] [info] [control.cpp:108] [control__parse_identify_results] firmware_version is: 4.20.0
[2025-11-18 16:40:08.124] [1794] [HailoRT] [info] [vdevice.cpp:651] [create] VDevice Infos: 0001:01:00.0
[2025-11-18 16:40:08.246] [1794] [HailoRT] [info] [hef.cpp:1929] [get_network_group_and_network_name] No name was given. Addressing all networks of default network_group: yolov11n
[2025-11-18 16:40:08.246] [1794] [HailoRT] [info] [hef.cpp:1929] [get_network_group_and_network_name] No name was given. Addressing all networks of default network_group: yolov11n
[2025-11-18 16:40:08.385] [1794] [HailoRT] [info] [internal_buffer_manager.cpp:204] [print_execution_results] Planned internal buffer memory: CMA memory 0, user memory 2772480. memory to edge layer usage factor is 1
[2025-11-18 16:40:08.385] [1794] [HailoRT] [info] [internal_buffer_manager.cpp:212] [print_execution_results] Default Internal buffer planner executed successfully
[2025-11-18 16:40:08.436] [1794] [HailoRT] [info] [device_internal.cpp:57] [configure] Configuring HEF took 62.528093 milliseconds
[2025-11-18 16:40:08.437] [1794] [HailoRT] [info] [vdevice.cpp:749] [configure] Configuring HEF on VDevice took 63.98263 milliseconds
[2025-11-18 16:40:08.437] [1794] [HailoRT] [info] [infer_model.cpp:436] [configure] Configuring network group 'yolov11n' with params: batch size: 2, power mode: PERFORMANCE, latency: NONE
[2025-11-18 16:40:08.441] [1794] [HailoRT] [info] [multi_io_elements.cpp:756] [create] Created (AsyncHwEl)
[2025-11-18 16:40:08.442] [1794] [HailoRT] [info] [queue_elements.cpp:450] [create] Created (EntryPushQEl0yolov11n/input_layer1 | timeout: 10s)
[2025-11-18 16:40:08.442] [1794] [HailoRT] [info] [filter_elements.cpp:101] [create] Created (PreInferEl3yolov11n/input_layer1 | Reorder - src_order: RGB4, src_shape: (640, 640, 3), dst_order: NHCW, dst_shape: (640, 640, 3))
[2025-11-18 16:40:08.442] [1794] [HailoRT] [info] [queue_elements.cpp:450] [create] Created (PushQEl3yolov11n/input_layer1 | timeout: 10s)
[2025-11-18 16:40:08.443] [1794] [HailoRT] [info] [multi_io_elements.cpp:135] [create] Created (NmsPPMuxEl0YOLOV8-Post-Process | Op YOLOV8, Name: YOLOV8-Post-Process, Score threshold: 0.300, IoU threshold: 0.45, Classes: 80, Cross classes: false, NMS results order: BY_CLASS, Max bboxes per class: 100, Image height: 640, Image width: 640)
[2025-11-18 16:40:08.445] [1794] [HailoRT] [info] [queue_elements.cpp:942] [create] Created (MultiPushQEl0YOLOV8-Post-Process | timeout: 10s)
[2025-11-18 16:40:08.445] [1794] [HailoRT] [info] [edge_elements.cpp:187] [create] Created (LastAsyncEl0NmsPPMuxEl0YOLOV8-Post-Process)
[2025-11-18 16:40:08.445] [1794] [HailoRT] [info] [pipeline.cpp:891] [print_deep_description] EntryPushQEl0yolov11n/input_layer1 | inputs: user | outputs: PreInferEl3yolov11n/input_layer1(running in thread_id: 1950)
[2025-11-18 16:40:08.446] [1794] [HailoRT] [info] [pipeline.cpp:891] [print_deep_description] PreInferEl3yolov11n/input_layer1 | inputs: EntryPushQEl0yolov11n/input_layer1[0] | outputs: PushQEl3yolov11n/input_layer1
[2025-11-18 16:40:08.446] [1794] [HailoRT] [info] [pipeline.cpp:891] [print_deep_description] PushQEl3yolov11n/input_layer1 | inputs: PreInferEl3yolov11n/input_layer1[0] | outputs: AsyncHwEl(running in thread_id: 1951)
[2025-11-18 16:40:08.446] [1794] [HailoRT] [info] [pipeline.cpp:891] [print_deep_description] AsyncHwEl | inputs: PushQEl3yolov11n/input_layer1[0] | outputs: MultiPushQEl0YOLOV8-Post-Process MultiPushQEl0YOLOV8-Post-Process MultiPushQEl0YOLOV8-Post-Process MultiPushQEl0YOLOV8-Post-Process MultiPushQEl0YOLOV8-Post-Process MultiPushQEl0YOLOV8-Post-Process
[2025-11-18 16:40:08.446] [1794] [HailoRT] [info] [pipeline.cpp:891] [print_deep_description] MultiPushQEl0YOLOV8-Post-Process | inputs: AsyncHwEl[0] AsyncHwEl[1] AsyncHwEl[2] AsyncHwEl[3] AsyncHwEl[4] AsyncHwEl[5] | outputs: NmsPPMuxEl0YOLOV8-Post-Process(running in thread_id: 1952)
[2025-11-18 16:40:08.446] [1794] [HailoRT] [info] [pipeline.cpp:891] [print_deep_description] NmsPPMuxEl0YOLOV8-Post-Process | inputs: MultiPushQEl0YOLOV8-Post-Process[0] | outputs: LastAsyncEl0NmsPPMuxEl0YOLOV8-Post-Process
[2025-11-18 16:40:08.446] [1794] [HailoRT] [info] [pipeline.cpp:891] [print_deep_description] LastAsyncEl0NmsPPMuxEl0YOLOV8-Post-Process | inputs: NmsPPMuxEl0YOLOV8-Post-Process[0] | outputs: user
[2025-11-18 16:40:09.277] [1930] [HailoRT] [info] [hef.cpp:1929] [get_network_group_and_network_name] No name was given. Addressing all networks of default network_group: yolov11n
[2025-11-19 09:06:05.266] [1836] [HailoRT] [info] [device.cpp:49] [Device] OS Version: Linux 6.12.47+rpt-rpi-2712 #1 SMP PREEMPT Debian 1:6.12.47-1+rpt1~bookworm (2025-09-16) aarch64
[2025-11-19 09:06:05.268] [1836] [HailoRT] [info] [control.cpp:108] [control__parse_identify_results] firmware_version is: 4.20.0
[2025-11-19 09:06:05.269] [1836] [HailoRT] [info] [control.cpp:108] [control__parse_identify_results] firmware_version is: 4.20.0
[2025-11-19 09:06:05.633] [1844] [HailoRT] [info] [device.cpp:49] [Device] OS Version: Linux 6.12.47+rpt-rpi-2712 #1 SMP PREEMPT Debian 1:6.12.47-1+rpt1~bookworm (2025-09-16) aarch64
[2025-11-19 09:06:05.633] [1844] [HailoRT] [warning] [pcie_device.cpp:180] [PcieDevice] FW is not loaded to the device. Please load FW before using the device.
[2025-11-19 09:06:05.633] [1844] [HailoRT] [error] [driver_os_specific.cpp:176] [convert_errno_to_hailo_status] Ioctl HAILO_FW_CONTROL failed with 19. Read dmesg log for more info
[2025-11-19 09:06:05.637] [1844] [HailoRT] [error] [hailort_driver.cpp:524] [fw_control] CHECK_SUCCESS failed with status=HAILO_DRIVER_OPERATION_FAILED(36) - Failed in fw_control
[2025-11-19 09:06:05.637] [1844] [HailoRT] [error] [vdma_device.cpp:88] [fw_interact_impl] CHECK_SUCCESS failed with status=HAILO_DRIVER_OPERATION_FAILED(36) - Failed to send fw control
[2025-11-19 09:06:05.637] [1844] [HailoRT] [error] [device.cpp:504] [fw_interact] CHECK_SUCCESS failed with status=HAILO_DRIVER_OPERATION_FAILED(36)
[2025-11-19 09:06:05.637] [1844] [HailoRT] [error] [control.cpp:334] [identify] CHECK_SUCCESS failed with status=HAILO_DRIVER_OPERATION_FAILED(36)
[2025-11-19 09:06:05.999] [1823] [HailoRT] [info] [vdevice.cpp:523] [create] Creating vdevice with params: device_count: 1, scheduling_algorithm: ROUND_ROBIN, multi_process_service: false
[2025-11-19 09:06:06.023] [1823] [HailoRT] [error] [driver_os_specific.cpp:34] [open_device_file] CHECK failed - Failed to open device file /dev/hailo0 with error 6
[2025-11-19 09:06:06.023] [1823] [HailoRT] [error] [hailort_driver.cpp:176] [create] CHECK_SUCCESS failed with status=HAILO_DRIVER_OPERATION_FAILED(36)
[2025-11-19 09:06:06.023] [1823] [HailoRT] [error] [pcie_device.cpp:91] [create] CHECK_SUCCESS failed with status=HAILO_DRIVER_OPERATION_FAILED(36)
[2025-11-19 09:06:06.023] [1823] [HailoRT] [error] [device.cpp:128] [create_pcie] CHECK_SUCCESS failed with status=HAILO_DRIVER_OPERATION_FAILED(36)
[2025-11-19 09:06:06.023] [1823] [HailoRT] [error] [vdevice.cpp:794] [create_devices] CHECK_SUCCESS failed with status=HAILO_DRIVER_OPERATION_FAILED(36)
[2025-11-19 09:06:06.023] [1823] [HailoRT] [error] [vdevice.cpp:631] [create] CHECK_SUCCESS failed with status=HAILO_DRIVER_OPERATION_FAILED(36)
[2025-11-19 09:06:06.023] [1823] [HailoRT] [error] [shared_resource_manager.hpp:81] [register_resource] CHECK_SUCCESS failed with status=HAILO_DRIVER_OPERATION_FAILED(36)
[2025-11-19 09:06:06.023] [1823] [HailoRT] [error] [vdevice.cpp:132] [create] CHECK_SUCCESS failed with status=HAILO_DRIVER_OPERATION_FAILED(36)
[2025-11-19 09:06:06.023] [1823] [HailoRT] [error] [vdevice.cpp:554] [create] CHECK_SUCCESS failed with status=HAILO_DRIVER_OPERATION_FAILED(36)
[2025-11-19 09:07:54.190] [1788] [HailoRT] [info] [device.cpp:49] [Device] OS Version: Linux 6.12.47+rpt-rpi-2712 #1 SMP PREEMPT Debian 1:6.12.47-1+rpt1~bookworm (2025-09-16) aarch64
[2025-11-19 09:07:54.192] [1788] [HailoRT] [info] [control.cpp:108] [control__parse_identify_results] firmware_version is: 4.20.0
[2025-11-19 09:07:54.193] [1788] [HailoRT] [info] [control.cpp:108] [control__parse_identify_results] firmware_version is: 4.20.0
[2025-11-19 09:07:54.248] [1796] [HailoRT] [info] [device.cpp:49] [Device] OS Version: Linux 6.12.47+rpt-rpi-2712 #1 SMP PREEMPT Debian 1:6.12.47-1+rpt1~bookworm (2025-09-16) aarch64
[2025-11-19 09:07:54.249] [1796] [HailoRT] [info] [control.cpp:108] [control__parse_identify_results] firmware_version is: 4.20.0
[2025-11-19 09:07:54.251] [1796] [HailoRT] [info] [control.cpp:108] [control__parse_identify_results] firmware_version is: 4.20.0
[2025-11-19 09:07:54.595] [1775] [HailoRT] [info] [vdevice.cpp:523] [create] Creating vdevice with params: device_count: 1, scheduling_algorithm: ROUND_ROBIN, multi_process_service: false
[2025-11-19 09:07:54.608] [1775] [HailoRT] [info] [device.cpp:49] [Device] OS Version: Linux 6.12.47+rpt-rpi-2712 #1 SMP PREEMPT Debian 1:6.12.47-1+rpt1~bookworm (2025-09-16) aarch64
[2025-11-19 09:07:54.610] [1775] [HailoRT] [info] [control.cpp:108] [control__parse_identify_results] firmware_version is: 4.20.0
[2025-11-19 09:07:54.613] [1775] [HailoRT] [info] [vdevice.cpp:651] [create] VDevice Infos: 0001:01:00.0
[2025-11-19 09:07:54.729] [1775] [HailoRT] [info] [hef.cpp:1929] [get_network_group_and_network_name] No name was given. Addressing all networks of default network_group: yolov11n
[2025-11-19 09:07:54.729] [1775] [HailoRT] [info] [hef.cpp:1929] [get_network_group_and_network_name] No name was given. Addressing all networks of default network_group: yolov11n
[2025-11-19 09:07:54.845] [1775] [HailoRT] [info] [internal_buffer_manager.cpp:204] [print_execution_results] Planned internal buffer memory: CMA memory 0, user memory 2772480. memory to edge layer usage factor is 1
[2025-11-19 09:07:54.845] [1775] [HailoRT] [info] [internal_buffer_manager.cpp:212] [print_execution_results] Default Internal buffer planner executed successfully
[2025-11-19 09:07:54.863] [1775] [HailoRT] [info] [device_internal.cpp:57] [configure] Configuring HEF took 28.603781 milliseconds
[2025-11-19 09:07:54.863] [1775] [HailoRT] [info] [vdevice.cpp:749] [configure] Configuring HEF on VDevice took 29.80821 milliseconds
[2025-11-19 09:07:54.863] [1775] [HailoRT] [info] [infer_model.cpp:436] [configure] Configuring network group 'yolov11n' with params: batch size: 2, power mode: PERFORMANCE, latency: NONE
[2025-11-19 09:07:54.868] [1775] [HailoRT] [info] [multi_io_elements.cpp:756] [create] Created (AsyncHwEl)
[2025-11-19 09:07:54.868] [1775] [HailoRT] [info] [queue_elements.cpp:450] [create] Created (EntryPushQEl0yolov11n/input_layer1 | timeout: 10s)
[2025-11-19 09:07:54.868] [1775] [HailoRT] [info] [filter_elements.cpp:101] [create] Created (PreInferEl3yolov11n/input_layer1 | Reorder - src_order: RGB4, src_shape: (640, 640, 3), dst_order: NHCW, dst_shape: (640, 640, 3))
[2025-11-19 09:07:54.868] [1775] [HailoRT] [info] [queue_elements.cpp:450] [create] Created (PushQEl3yolov11n/input_layer1 | timeout: 10s)
[2025-11-19 09:07:54.868] [1775] [HailoRT] [info] [multi_io_elements.cpp:135] [create] Created (NmsPPMuxEl0YOLOV8-Post-Process | Op YOLOV8, Name: YOLOV8-Post-Process, Score threshold: 0.300, IoU threshold: 0.45, Classes: 80, Cross classes: false, NMS results order: BY_CLASS, Max bboxes per class: 100, Image height: 640, Image width: 640)
[2025-11-19 09:07:54.869] [1775] [HailoRT] [info] [queue_elements.cpp:942] [create] Created (MultiPushQEl0YOLOV8-Post-Process | timeout: 10s)
[2025-11-19 09:07:54.869] [1775] [HailoRT] [info] [edge_elements.cpp:187] [create] Created (LastAsyncEl0NmsPPMuxEl0YOLOV8-Post-Process)
[2025-11-19 09:07:54.869] [1775] [HailoRT] [info] [pipeline.cpp:891] [print_deep_description] EntryPushQEl0yolov11n/input_layer1 | inputs: user | outputs: PreInferEl3yolov11n/input_layer1(running in thread_id: 1843)
[2025-11-19 09:07:54.869] [1775] [HailoRT] [info] [pipeline.cpp:891] [print_deep_description] PreInferEl3yolov11n/input_layer1 | inputs: EntryPushQEl0yolov11n/input_layer1[0] | outputs: PushQEl3yolov11n/input_layer1
[2025-11-19 09:07:54.869] [1775] [HailoRT] [info] [pipeline.cpp:891] [print_deep_description] PushQEl3yolov11n/input_layer1 | inputs: PreInferEl3yolov11n/input_layer1[0] | outputs: AsyncHwEl(running in thread_id: 1844)
[2025-11-19 09:07:54.869] [1775] [HailoRT] [info] [pipeline.cpp:891] [print_deep_description] AsyncHwEl | inputs: PushQEl3yolov11n/input_layer1[0] | outputs: MultiPushQEl0YOLOV8-Post-Process MultiPushQEl0YOLOV8-Post-Process MultiPushQEl0YOLOV8-Post-Process MultiPushQEl0YOLOV8-Post-Process MultiPushQEl0YOLOV8-Post-Process MultiPushQEl0YOLOV8-Post-Process
[2025-11-19 09:07:54.869] [1775] [HailoRT] [info] [pipeline.cpp:891] [print_deep_description] MultiPushQEl0YOLOV8-Post-Process | inputs: AsyncHwEl[0] AsyncHwEl[1] AsyncHwEl[2] AsyncHwEl[3] AsyncHwEl[4] AsyncHwEl[5] | outputs: NmsPPMuxEl0YOLOV8-Post-Process(running in thread_id: 1845)
[2025-11-19 09:07:54.869] [1775] [HailoRT] [info] [pipeline.cpp:891] [print_deep_description] NmsPPMuxEl0YOLOV8-Post-Process | inputs: MultiPushQEl0YOLOV8-Post-Process[0] | outputs: LastAsyncEl0NmsPPMuxEl0YOLOV8-Post-Process
[2025-11-19 09:07:54.869] [1775] [HailoRT] [info] [pipeline.cpp:891] [print_deep_description] LastAsyncEl0NmsPPMuxEl0YOLOV8-Post-Process | inputs: NmsPPMuxEl0YOLOV8-Post-Process[0] | outputs: user
[2025-11-19 09:07:55.685] [1833] [HailoRT] [info] [hef.cpp:1929] [get_network_group_and_network_name] No name was given. Addressing all networks of default network_group: yolov11n
[2025-11-19 09:37:45.040] [3058] [HailoRT] [info] [device.cpp:49] [Device] OS Version: Linux 6.12.47+rpt-rpi-2712 #1 SMP PREEMPT Debian 1:6.12.47-1+rpt1~bookworm (2025-09-16) aarch64
[2025-11-19 09:37:45.042] [3058] [HailoRT] [info] [control.cpp:108] [control__parse_identify_results] firmware_version is: 4.20.0
[2025-11-19 09:37:45.045] [3058] [HailoRT] [info] [control.cpp:108] [control__parse_identify_results] firmware_version is: 4.20.0
[2025-11-19 09:37:45.096] [3066] [HailoRT] [info] [device.cpp:49] [Device] OS Version: Linux 6.12.47+rpt-rpi-2712 #1 SMP PREEMPT Debian 1:6.12.47-1+rpt1~bookworm (2025-09-16) aarch64
[2025-11-19 09:37:45.098] [3066] [HailoRT] [info] [control.cpp:108] [control__parse_identify_results] firmware_version is: 4.20.0
[2025-11-19 09:37:45.099] [3066] [HailoRT] [info] [control.cpp:108] [control__parse_identify_results] firmware_version is: 4.20.0
[2025-11-19 09:37:45.179] [3045] [HailoRT] [info] [vdevice.cpp:523] [create] Creating vdevice with params: device_count: 1, scheduling_algorithm: ROUND_ROBIN, multi_process_service: false
[2025-11-19 09:37:45.191] [3045] [HailoRT] [info] [device.cpp:49] [Device] OS Version: Linux 6.12.47+rpt-rpi-2712 #1 SMP PREEMPT Debian 1:6.12.47-1+rpt1~bookworm (2025-09-16) aarch64
[2025-11-19 09:37:45.193] [3045] [HailoRT] [info] [control.cpp:108] [control__parse_identify_results] firmware_version is: 4.20.0
[2025-11-19 09:37:45.193] [3045] [HailoRT] [info] [vdevice.cpp:651] [create] VDevice Infos: 0001:01:00.0
[2025-11-19 09:37:45.219] [3045] [HailoRT] [info] [hef.cpp:1929] [get_network_group_and_network_name] No name was given. Addressing all networks of default network_group: yolov11n
[2025-11-19 09:37:45.220] [3045] [HailoRT] [info] [hef.cpp:1929] [get_network_group_and_network_name] No name was given. Addressing all networks of default network_group: yolov11n
[2025-11-19 09:37:45.259] [3045] [HailoRT] [info] [internal_buffer_manager.cpp:204] [print_execution_results] Planned internal buffer memory: CMA memory 0, user memory 2772480. memory to edge layer usage factor is 1
[2025-11-19 09:37:45.259] [3045] [HailoRT] [info] [internal_buffer_manager.cpp:212] [print_execution_results] Default Internal buffer planner executed successfully
[2025-11-19 09:37:45.312] [3045] [HailoRT] [info] [device_internal.cpp:57] [configure] Configuring HEF took 58.580989 milliseconds
[2025-11-19 09:37:45.312] [3045] [HailoRT] [info] [vdevice.cpp:749] [configure] Configuring HEF on VDevice took 58.952557 milliseconds
[2025-11-19 09:37:45.312] [3045] [HailoRT] [info] [infer_model.cpp:436] [configure] Configuring network group 'yolov11n' with params: batch size: 2, power mode: PERFORMANCE, latency: NONE
[2025-11-19 09:37:45.336] [3045] [HailoRT] [info] [multi_io_elements.cpp:756] [create] Created (AsyncHwEl)
[2025-11-19 09:37:45.336] [3045] [HailoRT] [info] [queue_elements.cpp:450] [create] Created (EntryPushQEl0yolov11n/input_layer1 | timeout: 10s)
[2025-11-19 09:37:45.336] [3045] [HailoRT] [info] [filter_elements.cpp:101] [create] Created (PreInferEl3yolov11n/input_layer1 | Reorder - src_order: RGB4, src_shape: (640, 640, 3), dst_order: NHCW, dst_shape: (640, 640, 3))
[2025-11-19 09:37:45.337] [3045] [HailoRT] [info] [queue_elements.cpp:450] [create] Created (PushQEl3yolov11n/input_layer1 | timeout: 10s)
[2025-11-19 09:37:45.337] [3045] [HailoRT] [info] [multi_io_elements.cpp:135] [create] Created (NmsPPMuxEl0YOLOV8-Post-Process | Op YOLOV8, Name: YOLOV8-Post-Process, Score threshold: 0.300, IoU threshold: 0.45, Classes: 80, Cross classes: false, NMS results order: BY_CLASS, Max bboxes per class: 100, Image height: 640, Image width: 640)
[2025-11-19 09:37:45.337] [3045] [HailoRT] [info] [queue_elements.cpp:942] [create] Created (MultiPushQEl0YOLOV8-Post-Process | timeout: 10s)
[2025-11-19 09:37:45.338] [3045] [HailoRT] [info] [edge_elements.cpp:187] [create] Created (LastAsyncEl0NmsPPMuxEl0YOLOV8-Post-Process)
[2025-11-19 09:37:45.338] [3045] [HailoRT] [info] [pipeline.cpp:891] [print_deep_description] EntryPushQEl0yolov11n/input_layer1 | inputs: user | outputs: PreInferEl3yolov11n/input_layer1(running in thread_id: 3112)
[2025-11-19 09:37:45.338] [3045] [HailoRT] [info] [pipeline.cpp:891] [print_deep_description] PreInferEl3yolov11n/input_layer1 | inputs: EntryPushQEl0yolov11n/input_layer1[0] | outputs: PushQEl3yolov11n/input_layer1
[2025-11-19 09:37:45.338] [3045] [HailoRT] [info] [pipeline.cpp:891] [print_deep_description] PushQEl3yolov11n/input_layer1 | inputs: PreInferEl3yolov11n/input_layer1[0] | outputs: AsyncHwEl(running in thread_id: 3113)
[2025-11-19 09:37:45.338] [3045] [HailoRT] [info] [pipeline.cpp:891] [print_deep_description] AsyncHwEl | inputs: PushQEl3yolov11n/input_layer1[0] | outputs: MultiPushQEl0YOLOV8-Post-Process MultiPushQEl0YOLOV8-Post-Process MultiPushQEl0YOLOV8-Post-Process MultiPushQEl0YOLOV8-Post-Process MultiPushQEl0YOLOV8-Post-Process MultiPushQEl0YOLOV8-Post-Process
[2025-11-19 09:37:45.338] [3045] [HailoRT] [info] [pipeline.cpp:891] [print_deep_description] MultiPushQEl0YOLOV8-Post-Process | inputs: AsyncHwEl[0] AsyncHwEl[1] AsyncHwEl[2] AsyncHwEl[3] AsyncHwEl[4] AsyncHwEl[5] | outputs: NmsPPMuxEl0YOLOV8-Post-Process(running in thread_id: 3114)
[2025-11-19 09:37:45.338] [3045] [HailoRT] [info] [pipeline.cpp:891] [print_deep_description] NmsPPMuxEl0YOLOV8-Post-Process | inputs: MultiPushQEl0YOLOV8-Post-Process[0] | outputs: LastAsyncEl0NmsPPMuxEl0YOLOV8-Post-Process
[2025-11-19 09:37:45.338] [3045] [HailoRT] [info] [pipeline.cpp:891] [print_deep_description] LastAsyncEl0NmsPPMuxEl0YOLOV8-Post-Process | inputs: NmsPPMuxEl0YOLOV8-Post-Process[0] | outputs: user
[2025-11-19 09:37:46.145] [3098] [HailoRT] [info] [hef.cpp:1929] [get_network_group_and_network_name] No name was given. Addressing all networks of default network_group: yolov11n
[2025-11-19 09:48:41.646] [3258] [HailoRT] [info] [device.cpp:49] [Device] OS Version: Linux 6.12.47+rpt-rpi-2712 #1 SMP PREEMPT Debian 1:6.12.47-1+rpt1~bookworm (2025-09-16) aarch64
[2025-11-19 09:48:41.648] [3258] [HailoRT] [info] [control.cpp:108] [control__parse_identify_results] firmware_version is: 4.20.0
[2025-11-19 09:48:41.650] [3258] [HailoRT] [info] [control.cpp:108] [control__parse_identify_results] firmware_version is: 4.20.0
[2025-11-19 09:48:41.706] [3266] [HailoRT] [info] [device.cpp:49] [Device] OS Version: Linux 6.12.47+rpt-rpi-2712 #1 SMP PREEMPT Debian 1:6.12.47-1+rpt1~bookworm (2025-09-16) aarch64
[2025-11-19 09:48:41.708] [3266] [HailoRT] [info] [control.cpp:108] [control__parse_identify_results] firmware_version is: 4.20.0
[2025-11-19 09:48:41.709] [3266] [HailoRT] [info] [control.cpp:108] [control__parse_identify_results] firmware_version is: 4.20.0
[2025-11-19 09:48:41.789] [3245] [HailoRT] [info] [vdevice.cpp:523] [create] Creating vdevice with params: device_count: 1, scheduling_algorithm: ROUND_ROBIN, multi_process_service: false
[2025-11-19 09:48:41.800] [3245] [HailoRT] [info] [device.cpp:49] [Device] OS Version: Linux 6.12.47+rpt-rpi-2712 #1 SMP PREEMPT Debian 1:6.12.47-1+rpt1~bookworm (2025-09-16) aarch64
[2025-11-19 09:48:41.802] [3245] [HailoRT] [info] [control.cpp:108] [control__parse_identify_results] firmware_version is: 4.20.0
[2025-11-19 09:48:41.802] [3245] [HailoRT] [info] [vdevice.cpp:651] [create] VDevice Infos: 0001:01:00.0
[2025-11-19 09:48:41.828] [3245] [HailoRT] [info] [hef.cpp:1929] [get_network_group_and_network_name] No name was given. Addressing all networks of default network_group: yolov11n
[2025-11-19 09:48:41.828] [3245] [HailoRT] [info] [hef.cpp:1929] [get_network_group_and_network_name] No name was given. Addressing all networks of default network_group: yolov11n
[2025-11-19 09:48:41.881] [3245] [HailoRT] [info] [internal_buffer_manager.cpp:204] [print_execution_results] Planned internal buffer memory: CMA memory 0, user memory 2772480. memory to edge layer usage factor is 1
[2025-11-19 09:48:41.881] [3245] [HailoRT] [info] [internal_buffer_manager.cpp:212] [print_execution_results] Default Internal buffer planner executed successfully
[2025-11-19 09:48:41.927] [3245] [HailoRT] [info] [device_internal.cpp:57] [configure] Configuring HEF took 52.907541 milliseconds
[2025-11-19 09:48:41.927] [3245] [HailoRT] [info] [vdevice.cpp:749] [configure] Configuring HEF on VDevice took 53.256725 milliseconds
[2025-11-19 09:48:41.927] [3245] [HailoRT] [info] [infer_model.cpp:436] [configure] Configuring network group 'yolov11n' with params: batch size: 2, power mode: PERFORMANCE, latency: NONE
[2025-11-19 09:48:41.948] [3245] [HailoRT] [info] [multi_io_elements.cpp:756] [create] Created (AsyncHwEl)
[2025-11-19 09:48:41.948] [3245] [HailoRT] [info] [queue_elements.cpp:450] [create] Created (EntryPushQEl0yolov11n/input_layer1 | timeout: 10s)
[2025-11-19 09:48:41.948] [3245] [HailoRT] [info] [filter_elements.cpp:101] [create] Created (PreInferEl3yolov11n/input_layer1 | Reorder - src_order: RGB4, src_shape: (640, 640, 3), dst_order: NHCW, dst_shape: (640, 640, 3))
[2025-11-19 09:48:41.949] [3245] [HailoRT] [info] [queue_elements.cpp:450] [create] Created (PushQEl3yolov11n/input_layer1 | timeout: 10s)
[2025-11-19 09:48:41.949] [3245] [HailoRT] [info] [multi_io_elements.cpp:135] [create] Created (NmsPPMuxEl0YOLOV8-Post-Process | Op YOLOV8, Name: YOLOV8-Post-Process, Score threshold: 0.300, IoU threshold: 0.45, Classes: 80, Cross classes: false, NMS results order: BY_CLASS, Max bboxes per class: 100, Image height: 640, Image width: 640)
[2025-11-19 09:48:41.949] [3245] [HailoRT] [info] [queue_elements.cpp:942] [create] Created (MultiPushQEl0YOLOV8-Post-Process | timeout: 10s)
[2025-11-19 09:48:41.950] [3245] [HailoRT] [info] [edge_elements.cpp:187] [create] Created (LastAsyncEl0NmsPPMuxEl0YOLOV8-Post-Process)
[2025-11-19 09:48:41.950] [3245] [HailoRT] [info] [pipeline.cpp:891] [print_deep_description] EntryPushQEl0yolov11n/input_layer1 | inputs: user | outputs: PreInferEl3yolov11n/input_layer1(running in thread_id: 3312)
[2025-11-19 09:48:41.950] [3245] [HailoRT] [info] [pipeline.cpp:891] [print_deep_description] PreInferEl3yolov11n/input_layer1 | inputs: EntryPushQEl0yolov11n/input_layer1[0] | outputs: PushQEl3yolov11n/input_layer1
[2025-11-19 09:48:41.950] [3245] [HailoRT] [info] [pipeline.cpp:891] [print_deep_description] PushQEl3yolov11n/input_layer1 | inputs: PreInferEl3yolov11n/input_layer1[0] | outputs: AsyncHwEl(running in thread_id: 3313)
[2025-11-19 09:48:41.950] [3245] [HailoRT] [info] [pipeline.cpp:891] [print_deep_description] AsyncHwEl | inputs: PushQEl3yolov11n/input_layer1[0] | outputs: MultiPushQEl0YOLOV8-Post-Process MultiPushQEl0YOLOV8-Post-Process MultiPushQEl0YOLOV8-Post-Process MultiPushQEl0YOLOV8-Post-Process MultiPushQEl0YOLOV8-Post-Process MultiPushQEl0YOLOV8-Post-Process
[2025-11-19 09:48:41.950] [3245] [HailoRT] [info] [pipeline.cpp:891] [print_deep_description] MultiPushQEl0YOLOV8-Post-Process | inputs: AsyncHwEl[0] AsyncHwEl[1] AsyncHwEl[2] AsyncHwEl[3] AsyncHwEl[4] AsyncHwEl[5] | outputs: NmsPPMuxEl0YOLOV8-Post-Process(running in thread_id: 3314)
[2025-11-19 09:48:41.950] [3245] [HailoRT] [info] [pipeline.cpp:891] [print_deep_description] NmsPPMuxEl0YOLOV8-Post-Process | inputs: MultiPushQEl0YOLOV8-Post-Process[0] | outputs: LastAsyncEl0NmsPPMuxEl0YOLOV8-Post-Process
[2025-11-19 09:48:41.950] [3245] [HailoRT] [info] [pipeline.cpp:891] [print_deep_description] LastAsyncEl0NmsPPMuxEl0YOLOV8-Post-Process | inputs: NmsPPMuxEl0YOLOV8-Post-Process[0] | outputs: user
[2025-11-19 09:48:42.753] [3295] [HailoRT] [info] [hef.cpp:1929] [get_network_group_and_network_name] No name was given. Addressing all networks of default network_group: yolov11n
[2025-11-19 10:16:16.350] [4140] [HailoRT] [info] [device.cpp:49] [Device] OS Version: Linux 6.12.47+rpt-rpi-2712 #1 SMP PREEMPT Debian 1:6.12.47-1+rpt1~bookworm (2025-09-16) aarch64
[2025-11-19 10:16:16.356] [4140] [HailoRT] [info] [control.cpp:108] [control__parse_identify_results] firmware_version is: 4.20.0
[2025-11-19 10:16:16.361] [4140] [HailoRT] [info] [control.cpp:108] [control__parse_identify_results] firmware_version is: 4.20.0
[2025-11-19 10:16:16.416] [4149] [HailoRT] [info] [device.cpp:49] [Device] OS Version: Linux 6.12.47+rpt-rpi-2712 #1 SMP PREEMPT Debian 1:6.12.47-1+rpt1~bookworm (2025-09-16) aarch64
[2025-11-19 10:16:16.419] [4149] [HailoRT] [info] [control.cpp:108] [control__parse_identify_results] firmware_version is: 4.20.0
[2025-11-19 10:16:16.421] [4149] [HailoRT] [info] [control.cpp:108] [control__parse_identify_results] firmware_version is: 4.20.0
[2025-11-19 10:16:16.517] [4127] [HailoRT] [info] [vdevice.cpp:523] [create] Creating vdevice with params: device_count: 1, scheduling_algorithm: ROUND_ROBIN, multi_process_service: false
[2025-11-19 10:16:16.531] [4127] [HailoRT] [info] [device.cpp:49] [Device] OS Version: Linux 6.12.47+rpt-rpi-2712 #1 SMP PREEMPT Debian 1:6.12.47-1+rpt1~bookworm (2025-09-16) aarch64
[2025-11-19 10:16:16.533] [4127] [HailoRT] [info] [control.cpp:108] [control__parse_identify_results] firmware_version is: 4.20.0
[2025-11-19 10:16:16.533] [4127] [HailoRT] [info] [vdevice.cpp:651] [create] VDevice Infos: 0001:01:00.0
[2025-11-19 10:16:16.574] [4127] [HailoRT] [info] [hef.cpp:1929] [get_network_group_and_network_name] No name was given. Addressing all networks of default network_group: yolov11n
[2025-11-19 10:16:16.574] [4127] [HailoRT] [info] [hef.cpp:1929] [get_network_group_and_network_name] No name was given. Addressing all networks of default network_group: yolov11n
[2025-11-19 10:16:16.635] [4127] [HailoRT] [info] [internal_buffer_manager.cpp:204] [print_execution_results] Planned internal buffer memory: CMA memory 0, user memory 2772480. memory to edge layer usage factor is 1
[2025-11-19 10:16:16.635] [4127] [HailoRT] [info] [internal_buffer_manager.cpp:212] [print_execution_results] Default Internal buffer planner executed successfully
[2025-11-19 10:16:16.702] [4127] [HailoRT] [info] [device_internal.cpp:57] [configure] Configuring HEF took 73.039233 milliseconds
[2025-11-19 10:16:16.702] [4127] [HailoRT] [info] [vdevice.cpp:749] [configure] Configuring HEF on VDevice took 73.420371 milliseconds
[2025-11-19 10:16:16.702] [4127] [HailoRT] [info] [infer_model.cpp:436] [configure] Configuring network group 'yolov11n' with params: batch size: 2, power mode: PERFORMANCE, latency: NONE
[2025-11-19 10:16:16.720] [4127] [HailoRT] [info] [multi_io_elements.cpp:756] [create] Created (AsyncHwEl)
[2025-11-19 10:16:16.721] [4127] [HailoRT] [info] [queue_elements.cpp:450] [create] Created (EntryPushQEl0yolov11n/input_layer1 | timeout: 10s)
[2025-11-19 10:16:16.721] [4127] [HailoRT] [info] [filter_elements.cpp:101] [create] Created (PreInferEl3yolov11n/input_layer1 | Reorder - src_order: RGB4, src_shape: (640, 640, 3), dst_order: NHCW, dst_shape: (640, 640, 3))
[2025-11-19 10:16:16.722] [4127] [HailoRT] [info] [queue_elements.cpp:450] [create] Created (PushQEl3yolov11n/input_layer1 | timeout: 10s)
[2025-11-19 10:16:16.722] [4127] [HailoRT] [info] [multi_io_elements.cpp:135] [create] Created (NmsPPMuxEl0YOLOV8-Post-Process | Op YOLOV8, Name: YOLOV8-Post-Process, Score threshold: 0.300, IoU threshold: 0.45, Classes: 80, Cross classes: false, NMS results order: BY_CLASS, Max bboxes per class: 100, Image height: 640, Image width: 640)
[2025-11-19 10:16:16.723] [4127] [HailoRT] [info] [queue_elements.cpp:942] [create] Created (MultiPushQEl0YOLOV8-Post-Process | timeout: 10s)
[2025-11-19 10:16:16.723] [4127] [HailoRT] [info] [edge_elements.cpp:187] [create] Created (LastAsyncEl0NmsPPMuxEl0YOLOV8-Post-Process)
[2025-11-19 10:16:16.723] [4127] [HailoRT] [info] [pipeline.cpp:891] [print_deep_description] EntryPushQEl0yolov11n/input_layer1 | inputs: user | outputs: PreInferEl3yolov11n/input_layer1(running in thread_id: 4195)
[2025-11-19 10:16:16.723] [4127] [HailoRT] [info] [pipeline.cpp:891] [print_deep_description] PreInferEl3yolov11n/input_layer1 | inputs: EntryPushQEl0yolov11n/input_layer1[0] | outputs: PushQEl3yolov11n/input_layer1
[2025-11-19 10:16:16.723] [4127] [HailoRT] [info] [pipeline.cpp:891] [print_deep_description] PushQEl3yolov11n/input_layer1 | inputs: PreInferEl3yolov11n/input_layer1[0] | outputs: AsyncHwEl(running in thread_id: 4196)
[2025-11-19 10:16:16.723] [4127] [HailoRT] [info] [pipeline.cpp:891] [print_deep_description] AsyncHwEl | inputs: PushQEl3yolov11n/input_layer1[0] | outputs: MultiPushQEl0YOLOV8-Post-Process MultiPushQEl0YOLOV8-Post-Process MultiPushQEl0YOLOV8-Post-Process MultiPushQEl0YOLOV8-Post-Process MultiPushQEl0YOLOV8-Post-Process MultiPushQEl0YOLOV8-Post-Process
[2025-11-19 10:16:16.723] [4127] [HailoRT] [info] [pipeline.cpp:891] [print_deep_description] MultiPushQEl0YOLOV8-Post-Process | inputs: AsyncHwEl[0] AsyncHwEl[1] AsyncHwEl[2] AsyncHwEl[3] AsyncHwEl[4] AsyncHwEl[5] | outputs: NmsPPMuxEl0YOLOV8-Post-Process(running in thread_id: 4197)
[2025-11-19 10:16:16.723] [4127] [HailoRT] [info] [pipeline.cpp:891] [print_deep_description] NmsPPMuxEl0YOLOV8-Post-Process | inputs: MultiPushQEl0YOLOV8-Post-Process[0] | outputs: LastAsyncEl0NmsPPMuxEl0YOLOV8-Post-Process
[2025-11-19 10:16:16.723] [4127] [HailoRT] [info] [pipeline.cpp:891] [print_deep_description] LastAsyncEl0NmsPPMuxEl0YOLOV8-Post-Process | inputs: NmsPPMuxEl0YOLOV8-Post-Process[0] | outputs: user
[2025-11-19 10:16:17.555] [4181] [HailoRT] [info] [hef.cpp:1929] [get_network_group_and_network_name] No name was given. Addressing all networks of default network_group: yolov11n
[2025-11-19 10:18:10.993] [4314] [HailoRT] [info] [device.cpp:49] [Device] OS Version: Linux 6.12.47+rpt-rpi-2712 #1 SMP PREEMPT Debian 1:6.12.47-1+rpt1~bookworm (2025-09-16) aarch64
[2025-11-19 10:18:10.996] [4314] [HailoRT] [info] [control.cpp:108] [control__parse_identify_results] firmware_version is: 4.20.0
[2025-11-19 10:18:11.005] [4314] [HailoRT] [info] [control.cpp:108] [control__parse_identify_results] firmware_version is: 4.20.0
[2025-11-19 10:18:11.040] [4323] [HailoRT] [info] [device.cpp:49] [Device] OS Version: Linux 6.12.47+rpt-rpi-2712 #1 SMP PREEMPT Debian 1:6.12.47-1+rpt1~bookworm (2025-09-16) aarch64
[2025-11-19 10:18:11.044] [4323] [HailoRT] [info] [control.cpp:108] [control__parse_identify_results] firmware_version is: 4.20.0
[2025-11-19 10:18:11.047] [4323] [HailoRT] [info] [control.cpp:108] [control__parse_identify_results] firmware_version is: 4.20.0
[2025-11-19 10:18:11.172] [4299] [HailoRT] [info] [vdevice.cpp:523] [create] Creating vdevice with params: device_count: 1, scheduling_algorithm: ROUND_ROBIN, multi_process_service: false
[2025-11-19 10:18:11.173] [4299] [HailoRT] [info] [device.cpp:49] [Device] OS Version: Linux 6.12.47+rpt-rpi-2712 #1 SMP PREEMPT Debian 1:6.12.47-1+rpt1~bookworm (2025-09-16) aarch64
[2025-11-19 10:18:11.176] [4299] [HailoRT] [info] [control.cpp:108] [control__parse_identify_results] firmware_version is: 4.20.0
[2025-11-19 10:18:11.196] [4299] [HailoRT] [error] [vdevice.cpp:820] [create_devices] CHECK failed - Failed to create vdevice. there are not enough free devices. requested: 1, found: 0
[2025-11-19 10:18:11.197] [4299] [HailoRT] [error] [vdevice.cpp:631] [create] CHECK_SUCCESS failed with status=HAILO_OUT_OF_PHYSICAL_DEVICES(74)
[2025-11-19 10:18:11.197] [4299] [HailoRT] [error] [shared_resource_manager.hpp:81] [register_resource] CHECK_SUCCESS failed with status=HAILO_OUT_OF_PHYSICAL_DEVICES(74)
[2025-11-19 10:18:11.197] [4299] [HailoRT] [error] [vdevice.cpp:132] [create] CHECK_SUCCESS failed with status=HAILO_OUT_OF_PHYSICAL_DEVICES(74)
[2025-11-19 10:18:11.197] [4299] [HailoRT] [error] [vdevice.cpp:554] [create] CHECK_SUCCESS failed with status=HAILO_OUT_OF_PHYSICAL_DEVICES(74)
[2025-11-19 10:18:22.963] [4386] [HailoRT] [info] [device.cpp:49] [Device] OS Version: Linux 6.12.47+rpt-rpi-2712 #1 SMP PREEMPT Debian 1:6.12.47-1+rpt1~bookworm (2025-09-16) aarch64
[2025-11-19 10:18:22.971] [4386] [HailoRT] [info] [control.cpp:108] [control__parse_identify_results] firmware_version is: 4.20.0
[2025-11-19 10:18:22.978] [4386] [HailoRT] [info] [control.cpp:108] [control__parse_identify_results] firmware_version is: 4.20.0
[2025-11-19 10:18:23.013] [4395] [HailoRT] [info] [device.cpp:49] [Device] OS Version: Linux 6.12.47+rpt-rpi-2712 #1 SMP PREEMPT Debian 1:6.12.47-1+rpt1~bookworm (2025-09-16) aarch64
[2025-11-19 10:18:23.016] [4395] [HailoRT] [info] [control.cpp:108] [control__parse_identify_results] firmware_version is: 4.20.0
[2025-11-19 10:18:23.022] [4395] [HailoRT] [info] [control.cpp:108] [control__parse_identify_results] firmware_version is: 4.20.0
[2025-11-19 10:18:23.156] [4372] [HailoRT] [info] [vdevice.cpp:523] [create] Creating vdevice with params: device_count: 1, scheduling_algorithm: ROUND_ROBIN, multi_process_service: false
[2025-11-19 10:18:23.157] [4372] [HailoRT] [info] [device.cpp:49] [Device] OS Version: Linux 6.12.47+rpt-rpi-2712 #1 SMP PREEMPT Debian 1:6.12.47-1+rpt1~bookworm (2025-09-16) aarch64
[2025-11-19 10:18:23.165] [4372] [HailoRT] [info] [control.cpp:108] [control__parse_identify_results] firmware_version is: 4.20.0
[2025-11-19 10:18:23.196] [4372] [HailoRT] [error] [vdevice.cpp:820] [create_devices] CHECK failed - Failed to create vdevice. there are not enough free devices. requested: 1, found: 0
[2025-11-19 10:18:23.196] [4372] [HailoRT] [error] [vdevice.cpp:631] [create] CHECK_SUCCESS failed with status=HAILO_OUT_OF_PHYSICAL_DEVICES(74)
[2025-11-19 10:18:23.196] [4372] [HailoRT] [error] [shared_resource_manager.hpp:81] [register_resource] CHECK_SUCCESS failed with status=HAILO_OUT_OF_PHYSICAL_DEVICES(74)
[2025-11-19 10:18:23.196] [4372] [HailoRT] [error] [vdevice.cpp:132] [create] CHECK_SUCCESS failed with status=HAILO_OUT_OF_PHYSICAL_DEVICES(74)
[2025-11-19 10:18:23.196] [4372] [HailoRT] [error] [vdevice.cpp:554] [create] CHECK_SUCCESS failed with status=HAILO_OUT_OF_PHYSICAL_DEVICES(74)
[2025-11-19 10:19:54.135] [1980] [HailoRT] [info] [device.cpp:49] [Device] OS Version: Linux 6.12.47+rpt-rpi-2712 #1 SMP PREEMPT Debian 1:6.12.47-1+rpt1~bookworm (2025-09-16) aarch64
[2025-11-19 10:19:54.137] [1980] [HailoRT] [info] [control.cpp:108] [control__parse_identify_results] firmware_version is: 4.20.0
[2025-11-19 10:19:54.138] [1980] [HailoRT] [info] [control.cpp:108] [control__parse_identify_results] firmware_version is: 4.20.0
[2025-11-19 10:19:54.199] [1988] [HailoRT] [info] [device.cpp:49] [Device] OS Version: Linux 6.12.47+rpt-rpi-2712 #1 SMP PREEMPT Debian 1:6.12.47-1+rpt1~bookworm (2025-09-16) aarch64
[2025-11-19 10:19:54.201] [1988] [HailoRT] [info] [control.cpp:108] [control__parse_identify_results] firmware_version is: 4.20.0
[2025-11-19 10:19:54.201] [1988] [HailoRT] [info] [control.cpp:108] [control__parse_identify_results] firmware_version is: 4.20.0
[2025-11-19 10:19:54.529] [1967] [HailoRT] [info] [vdevice.cpp:523] [create] Creating vdevice with params: device_count: 1, scheduling_algorithm: ROUND_ROBIN, multi_process_service: false
[2025-11-19 10:19:54.543] [1967] [HailoRT] [info] [device.cpp:49] [Device] OS Version: Linux 6.12.47+rpt-rpi-2712 #1 SMP PREEMPT Debian 1:6.12.47-1+rpt1~bookworm (2025-09-16) aarch64
[2025-11-19 10:19:54.545] [1967] [HailoRT] [info] [control.cpp:108] [control__parse_identify_results] firmware_version is: 4.20.0
[2025-11-19 10:19:54.548] [1967] [HailoRT] [info] [vdevice.cpp:651] [create] VDevice Infos: 0001:01:00.0
[2025-11-19 10:19:54.663] [1967] [HailoRT] [info] [hef.cpp:1929] [get_network_group_and_network_name] No name was given. Addressing all networks of default network_group: yolov11n
[2025-11-19 10:19:54.663] [1967] [HailoRT] [info] [hef.cpp:1929] [get_network_group_and_network_name] No name was given. Addressing all networks of default network_group: yolov11n
[2025-11-19 10:19:54.725] [1967] [HailoRT] [info] [internal_buffer_manager.cpp:204] [print_execution_results] Planned internal buffer memory: CMA memory 0, user memory 2772480. memory to edge layer usage factor is 1
[2025-11-19 10:19:54.725] [1967] [HailoRT] [info] [internal_buffer_manager.cpp:212] [print_execution_results] Default Internal buffer planner executed successfully
[2025-11-19 10:19:54.769] [1967] [HailoRT] [info] [device_internal.cpp:57] [configure] Configuring HEF took 55.675778 milliseconds
[2025-11-19 10:19:54.769] [1967] [HailoRT] [info] [vdevice.cpp:749] [configure] Configuring HEF on VDevice took 56.485974 milliseconds
[2025-11-19 10:19:54.769] [1967] [HailoRT] [info] [infer_model.cpp:436] [configure] Configuring network group 'yolov11n' with params: batch size: 2, power mode: PERFORMANCE, latency: NONE
[2025-11-19 10:19:54.775] [1967] [HailoRT] [info] [multi_io_elements.cpp:756] [create] Created (AsyncHwEl)
[2025-11-19 10:19:54.776] [1967] [HailoRT] [info] [queue_elements.cpp:450] [create] Created (EntryPushQEl0yolov11n/input_layer1 | timeout: 10s)
[2025-11-19 10:19:54.776] [1967] [HailoRT] [info] [filter_elements.cpp:101] [create] Created (PreInferEl3yolov11n/input_layer1 | Reorder - src_order: RGB4, src_shape: (640, 640, 3), dst_order: NHCW, dst_shape: (640, 640, 3))
[2025-11-19 10:19:54.776] [1967] [HailoRT] [info] [queue_elements.cpp:450] [create] Created (PushQEl3yolov11n/input_layer1 | timeout: 10s)
[2025-11-19 10:19:54.776] [1967] [HailoRT] [info] [multi_io_elements.cpp:135] [create] Created (NmsPPMuxEl0YOLOV8-Post-Process | Op YOLOV8, Name: YOLOV8-Post-Process, Score threshold: 0.300, IoU threshold: 0.45, Classes: 80, Cross classes: false, NMS results order: BY_CLASS, Max bboxes per class: 100, Image height: 640, Image width: 640)
[2025-11-19 10:19:54.777] [1967] [HailoRT] [info] [queue_elements.cpp:942] [create] Created (MultiPushQEl0YOLOV8-Post-Process | timeout: 10s)
[2025-11-19 10:19:54.777] [1967] [HailoRT] [info] [edge_elements.cpp:187] [create] Created (LastAsyncEl0NmsPPMuxEl0YOLOV8-Post-Process)
[2025-11-19 10:19:54.777] [1967] [HailoRT] [info] [pipeline.cpp:891] [print_deep_description] EntryPushQEl0yolov11n/input_layer1 | inputs: user | outputs: PreInferEl3yolov11n/input_layer1(running in thread_id: 2035)
[2025-11-19 10:19:54.778] [1967] [HailoRT] [info] [pipeline.cpp:891] [print_deep_description] PreInferEl3yolov11n/input_layer1 | inputs: EntryPushQEl0yolov11n/input_layer1[0] | outputs: PushQEl3yolov11n/input_layer1
[2025-11-19 10:19:54.778] [1967] [HailoRT] [info] [pipeline.cpp:891] [print_deep_description] PushQEl3yolov11n/input_layer1 | inputs: PreInferEl3yolov11n/input_layer1[0] | outputs: AsyncHwEl(running in thread_id: 2036)
[2025-11-19 10:19:54.778] [1967] [HailoRT] [info] [pipeline.cpp:891] [print_deep_description] AsyncHwEl | inputs: PushQEl3yolov11n/input_layer1[0] | outputs: MultiPushQEl0YOLOV8-Post-Process MultiPushQEl0YOLOV8-Post-Process MultiPushQEl0YOLOV8-Post-Process MultiPushQEl0YOLOV8-Post-Process MultiPushQEl0YOLOV8-Post-Process MultiPushQEl0YOLOV8-Post-Process
[2025-11-19 10:19:54.778] [1967] [HailoRT] [info] [pipel[2025-11-19 10:29:08.566] [2203] [HailoRT] [info] [device.cpp:49] [Device] OS Version: Linux 6.12.47+rpt-rpi-2712 #1 SMP PREEMPT Debian 1:6.12.47-1+rpt1~bookworm (2025-09-16) aarch64
[2025-11-19 10:29:08.568] [2203] [HailoRT] [info] [control.cpp:108] [control__parse_identify_results] firmware_version is: 4.20.0
[2025-11-19 10:29:08.569] [2203] [HailoRT] [info] [control.cpp:108] [control__parse_identify_results] firmware_version is: 4.20.0
[2025-11-19 10:29:08.623] [2211] [HailoRT] [info] [device.cpp:49] [Device] OS Version: Linux 6.12.47+rpt-rpi-2712 #1 SMP PREEMPT Debian 1:6.12.47-1+rpt1~bookworm (2025-09-16) aarch64
[2025-11-19 10:29:08.625] [2211] [HailoRT] [info] [control.cpp:108] [control__parse_identify_results] firmware_version is: 4.20.0
[2025-11-19 10:29:08.626] [2211] [HailoRT] [info] [control.cpp:108] [control__parse_identify_results] firmware_version is: 4.20.0
[2025-11-19 10:29:08.714] [2189] [HailoRT] [info] [vdevice.cpp:523] [create] Creating vdevice with params: device_count: 1, scheduling_algorithm: ROUND_ROBIN, multi_process_service: false
[2025-11-19 10:29:08.726] [2189] [HailoRT] [info] [device.cpp:49] [Device] OS Version: Linux 6.12.47+rpt-rpi-2712 #1 SMP PREEMPT Debian 1:6.12.47-1+rpt1~bookworm (2025-09-16) aarch64
[2025-11-19 10:29:08.728] [2189] [HailoRT] [info] [control.cpp:108] [control__parse_identify_results] firmware_version is: 4.20.0
[2025-11-19 10:29:08.728] [2189] [HailoRT] [info] [vdevice.cpp:651] [create] VDevice Infos: 0001:01:00.0
[2025-11-19 10:29:08.755] [2189] [HailoRT] [info] [hef.cpp:1929] [get_network_group_and_network_name] No name was given. Addressing all networks of default network_group: yolov11n
[2025-11-19 10:29:08.755] [2189] [HailoRT] [info] [hef.cpp:1929] [get_network_group_and_network_name] No name was given. Addressing all networks of default network_group: yolov11n
[2025-11-19 10:29:08.811] [2189] [HailoRT] [info] [internal_buffer_manager.cpp:204] [print_execution_results] Planned internal buffer memory: CMA memory 0, user memory 2772480. memory to edge layer usage factor is 1
[2025-11-19 10:29:08.811] [2189] [HailoRT] [info] [internal_buffer_manager.cpp:212] [print_execution_results] Default Internal buffer planner executed successfully
[2025-11-19 10:29:08.892] [2189] [HailoRT] [info] [device_internal.cpp:57] [configure] Configuring HEF took 92.849786 milliseconds
[2025-11-19 10:29:08.892] [2189] [HailoRT] [info] [vdevice.cpp:749] [configure] Configuring HEF on VDevice took 93.226788 milliseconds
[2025-11-19 10:29:08.892] [2189] [HailoRT] [info] [infer_model.cpp:436] [configure] Configuring network group 'yolov11n' with params: batch size: 2, power mode: PERFORMANCE, latency: NONE
[2025-11-19 10:29:08.892] [2189] [HailoRT] [info] [multi_io_elements.cpp:756] [create] Created (AsyncHwEl)
[2025-11-19 10:29:08.892] [2189] [HailoRT] [info] [queue_elements.cpp:450] [create] Created (EntryPushQEl0yolov11n/input_layer1 | timeout: 10s)
[2025-11-19 10:29:08.892] [2189] [HailoRT] [info] [filter_elements.cpp:101] [create] Created (PreInferEl3yolov11n/input_layer1 | Reorder - src_order: RGB4, src_shape: (640, 640, 3), dst_order: NHCW, dst_shape: (640, 640, 3))
[2025-11-19 10:29:08.893] [2189] [HailoRT] [info] [queue_elements.cpp:450] [create] Created (PushQEl3yolov11n/input_layer1 | timeout: 10s)
[2025-11-19 10:29:08.893] [2189] [HailoRT] [info] [multi_io_elements.cpp:135] [create] Created (NmsPPMuxEl0YOLOV8-Post-Process | Op YOLOV8, Name: YOLOV8-Post-Process, Score threshold: 0.300, IoU threshold: 0.45, Classes: 80, Cross classes: false, NMS results order: BY_CLASS, Max bboxes per class: 100, Image height: 640, Image width: 640)
[2025-11-19 10:29:08.893] [2189] [HailoRT] [info] [queue_elements.cpp:942] [create] Created (MultiPushQEl0YOLOV8-Post-Process | timeout: 10s)
[2025-11-19 10:29:08.893] [2189] [HailoRT] [info] [edge_elements.cpp:187] [create] Created (LastAsyncEl0NmsPPMuxEl0YOLOV8-Post-Process)
[2025-11-19 10:29:08.893] [2189] [HailoRT] [info] [pipeline.cpp:891] [print_deep_description] EntryPushQEl0yolov11n/input_layer1 | inputs: user | outputs: PreInferEl3yolov11n/input_layer1(running in thread_id: 2257)
[2025-11-19 10:29:08.893] [2189] [HailoRT] [info] [pipeline.cpp:891] [print_deep_description] PreInferEl3yolov11n/input_layer1 | inputs: EntryPushQEl0yolov11n/input_layer1[0] | outputs: PushQEl3yolov11n/input_layer1
[2025-11-19 10:29:08.893] [2189] [HailoRT] [info] [pipeline.cpp:891] [print_deep_description] PushQEl3yolov11n/input_layer1 | inputs: PreInferEl3yolov11n/input_layer1[0] | outputs: AsyncHwEl(running in thread_id: 2258)
[2025-11-19 10:29:08.893] [2189] [HailoRT] [info] [pipeline.cpp:891] [print_deep_description] AsyncHwEl | inputs: PushQEl3yolov11n/input_layer1[0] | outputs: MultiPushQEl0YOLOV8-Post-Process MultiPushQEl0YOLOV8-Post-Process MultiPushQEl0YOLOV8-Post-Process MultiPushQEl0YOLOV8-Post-Process MultiPushQEl0YOLOV8-Post-Process MultiPushQEl0YOLOV8-Post-Process
[2025-11-19 10:29:08.893] [2189] [HailoRT] [info] [pipeline.cpp:891] [print_deep_description] MultiPushQEl0YOLOV8-Post-Process | inputs: AsyncHwEl[0] AsyncHwEl[1] AsyncHwEl[2] AsyncHwEl[3] AsyncHwEl[4] AsyncHwEl[5] | outputs: NmsPPMuxEl0YOLOV8-Post-Process(running in thread_id: 2259)
[2025-11-19 10:29:08.893] [2189] [HailoRT] [info] [pipeline.cpp:891] [print_deep_description] NmsPPMuxEl0YOLOV8-Post-Process | inputs: MultiPushQEl0YOLOV8-Post-Process[0] | outputs: LastAsyncEl0NmsPPMuxEl0YOLOV8-Post-Process
[2025-11-19 10:29:08.893] [2189] [HailoRT] [info] [pipeline.cpp:891] [print_deep_description] LastAsyncEl0NmsPPMuxEl0YOLOV8-Post-Process | inputs: NmsPPMuxEl0YOLOV8-Post-Process[0] | outputs: user
[2025-11-19 10:29:09.695] [2245] [HailoRT] [info] [hef.cpp:1929] [get_network_group_and_network_name] No name was given. Addressing all networks of default network_group: yolov11n
[2025-11-19 10:43:36.866] [3161] [HailoRT] [info] [device.cpp:49] [Device] OS Version: Linux 6.12.47+rpt-rpi-2712 #1 SMP PREEMPT Debian 1:6.12.47-1+rpt1~bookworm (2025-09-16) aarch64
[2025-11-19 10:43:36.868] [3161] [HailoRT] [info] [control.cpp:108] [control__parse_identify_results] firmware_version is: 4.20.0
[2025-11-19 10:43:36.870] [3161] [HailoRT] [info] [control.cpp:108] [control__parse_identify_results] firmware_version is: 4.20.0
[2025-11-19 10:43:36.911] [3170] [HailoRT] [info] [device.cpp:49] [Device] OS Version: Linux 6.12.47+rpt-rpi-2712 #1 SMP PREEMPT Debian 1:6.12.47-1+rpt1~bookworm (2025-09-16) aarch64
[2025-11-19 10:43:36.914] [3170] [HailoRT] [info] [control.cpp:108] [control__parse_identify_results] firmware_version is: 4.20.0
[2025-11-19 10:43:36.916] [3170] [HailoRT] [info] [control.cpp:108] [control__parse_identify_results] firmware_version is: 4.20.0
[2025-11-19 10:43:36.998] [3146] [HailoRT] [info] [vdevice.cpp:523] [create] Creating vdevice with params: device_count: 1, scheduling_algorithm: ROUND_ROBIN, multi_process_service: false
[2025-11-19 10:43:37.011] [3146] [HailoRT] [info] [device.cpp:49] [Device] OS Version: Linux 6.12.47+rpt-rpi-2712 #1 SMP PREEMPT Debian 1:6.12.47-1+rpt1~bookworm (2025-09-16) aarch64
[2025-11-19 10:43:37.013] [3146] [HailoRT] [info] [control.cpp:108] [control__parse_identify_results] firmware_version is: 4.20.0
[2025-11-19 10:43:37.013] [3146] [HailoRT] [info] [vdevice.cpp:651] [create] VDevice Infos: 0001:01:00.0
[2025-11-19 10:43:37.045] [3146] [HailoRT] [info] [hef.cpp:1929] [get_network_group_and_network_name] No name was given. Addressing all networks of default network_group: yolov11n
[2025-11-19 10:43:37.045] [3146] [HailoRT] [info] [hef.cpp:1929] [get_network_group_and_network_name] No name was given. Addressing all networks of default network_group: yolov11n
[2025-11-19 10:43:37.097] [3146] [HailoRT] [info] [internal_buffer_manager.cpp:204] [print_execution_results] Planned internal buffer memory: CMA memory 0, user memory 2772480. memory to edge layer usage factor is 1
[2025-11-19 10:43:37.097] [3146] [HailoRT] [info] [internal_buffer_manager.cpp:212] [print_execution_results] Default Internal buffer planner executed successfully
[2025-11-19 10:43:37.175] [3146] [HailoRT] [info] [device_internal.cpp:57] [configure] Configuring HEF took 86.964792 milliseconds
[2025-11-19 10:43:37.175] [3146] [HailoRT] [info] [vdevice.cpp:749] [configure] Configuring HEF on VDevice took 87.339314 milliseconds
[2025-11-19 10:43:37.176] [3146] [HailoRT] [info] [infer_model.cpp:436] [configure] Configuring network group 'yolov11n' with params: batch size: 2, power mode: PERFORMANCE, latency: NONE
[2025-11-19 10:43:37.176] [3146] [HailoRT] [info] [multi_io_elements.cpp:756] [create] Created (AsyncHwEl)
[2025-11-19 10:43:37.176] [3146] [HailoRT] [info] [queue_elements.cpp:450] [create] Created (EntryPushQEl0yolov11n/input_layer1 | timeout: 10s)
[2025-11-19 10:43:37.176] [3146] [HailoRT] [info] [filter_elements.cpp:101] [create] Created (PreInferEl3yolov11n/input_layer1 | Reorder - src_order: RGB4, src_shape: (640, 640, 3), dst_order: NHCW, dst_shape: (640, 640, 3))
[2025-11-19 10:43:37.176] [3146] [HailoRT] [info] [queue_elements.cpp:450] [create] Created (PushQEl3yolov11n/input_layer1 | timeout: 10s)
[2025-11-19 10:43:37.176] [3146] [HailoRT] [info] [multi_io_elements.cpp:135] [create] Created (NmsPPMuxEl0YOLOV8-Post-Process | Op YOLOV8, Name: YOLOV8-Post-Process, Score threshold: 0.300, IoU threshold: 0.45, Classes: 80, Cross classes: false, NMS results order: BY_CLASS, Max bboxes per class: 100, Image height: 640, Image width: 640)
[2025-11-19 10:43:37.176] [3146] [HailoRT] [info] [queue_elements.cpp:942] [create] Created (MultiPushQEl0YOLOV8-Post-Process | timeout: 10s)
[2025-11-19 10:43:37.176] [3146] [HailoRT] [info] [edge_elements.cpp:187] [create] Created (LastAsyncEl0NmsPPMuxEl0YOLOV8-Post-Process)
[2025-11-19 10:43:37.176] [3146] [HailoRT] [info] [pipeline.cpp:891] [print_deep_description] EntryPushQEl0yolov11n/input_layer1 | inputs: user | outputs: PreInferEl3yolov11n/input_layer1(running in thread_id: 3219)
[2025-11-19 10:43:37.176] [3146] [HailoRT] [info] [pipeline.cpp:891] [print_deep_description] PreInferEl3yolov11n/input_layer1 | inputs: EntryPushQEl0yolov11n/input_layer1[0] | outputs: PushQEl3yolov11n/input_layer1
[2025-11-19 10:43:37.176] [3146] [HailoRT] [info] [pipeline.cpp:891] [print_deep_description] PushQEl3yolov11n/input_layer1 | inputs: PreInferEl3yolov11n/input_layer1[0] | outputs: AsyncHwEl(running in thread_id: 3220)
[2025-11-19 10:43:37.176] [3146] [HailoRT] [info] [pipeline.cpp:891] [print_deep_description] AsyncHwEl | inputs: PushQEl3yolov11n/input_layer1[0] | outputs: MultiPushQEl0YOLOV8-Post-Process MultiPushQEl0YOLOV8-Post-Process MultiPushQEl0YOLOV8-Post-Process MultiPushQEl0YOLOV8-Post-Process MultiPushQEl0YOLOV8-Post-Process MultiPushQEl0YOLOV8-Post-Process
[2025-11-19 10:43:37.176] [3146] [HailoRT] [info] [pipeline.cpp:891] [print_deep_description] MultiPushQEl0YOLOV8-Post-Process | inputs: AsyncHwEl[0] AsyncHwEl[1] AsyncHwEl[2] AsyncHwEl[3] AsyncHwEl[4] AsyncHwEl[5] | outputs: NmsPPMuxEl0YOLOV8-Post-Process(running in thread_id: 3221)
[2025-11-19 10:43:37.176] [3146] [HailoRT] [info] [pipeline.cpp:891] [print_deep_description] NmsPPMuxEl0YOLOV8-Post-Process | inputs: MultiPushQEl0YOLOV8-Post-Process[0] | outputs: LastAsyncEl0NmsPPMuxEl0YOLOV8-Post-Process
[2025-11-19 10:43:37.176] [3146] [HailoRT] [info] [pipeline.cpp:891] [print_deep_description] LastAsyncEl0NmsPPMuxEl0YOLOV8-Post-Process | inputs: NmsPPMuxEl0YOLOV8-Post-Process[0] | outputs: user
[2025-11-19 10:43:37.986] [3205] [HailoRT] [info] [hef.cpp:1929] [get_network_group_and_network_name] No name was given. Addressing all networks of default network_group: yolov11n
[2025-11-19 10:45:51.508] [3344] [HailoRT] [info] [device.cpp:49] [Device] OS Version: Linux 6.12.47+rpt-rpi-2712 #1 SMP PREEMPT Debian 1:6.12.47-1+rpt1~bookworm (2025-09-16) aarch64
[2025-11-19 10:45:51.512] [3344] [HailoRT] [info] [control.cpp:108] [control__parse_identify_results] firmware_version is: 4.20.0
[2025-11-19 10:45:51.514] [3344] [HailoRT] [info] [control.cpp:108] [control__parse_identify_results] firmware_version is: 4.20.0
[2025-11-19 10:45:51.568] [3352] [HailoRT] [info] [device.cpp:49] [Device] OS Version: Linux 6.12.47+rpt-rpi-2712 #1 SMP PREEMPT Debian 1:6.12.47-1+rpt1~bookworm (2025-09-16) aarch64
[2025-11-19 10:45:51.573] [3352] [HailoRT] [info] [control.cpp:108] [control__parse_identify_results] firmware_version is: 4.20.0
[2025-11-19 10:45:51.576] [3352] [HailoRT] [info] [control.cpp:108] [control__parse_identify_results] firmware_version is: 4.20.0
[2025-11-19 10:45:51.681] [3329] [HailoRT] [info] [vdevice.cpp:523] [create] Creating vdevice with params: device_count: 1, scheduling_algorithm: ROUND_ROBIN, multi_process_service: false
[2025-11-19 10:45:51.694] [3329] [HailoRT] [info] [device.cpp:49] [Device] OS Version: Linux 6.12.47+rpt-rpi-2712 #1 SMP PREEMPT Debian 1:6.12.47-1+rpt1~bookworm (2025-09-16) aarch64
[2025-11-19 10:45:51.696] [3329] [HailoRT] [info] [control.cpp:108] [control__parse_identify_results] firmware_version is: 4.20.0
[2025-11-19 10:45:51.696] [3329] [HailoRT] [info] [vdevice.cpp:651] [create] VDevice Infos: 0001:01:00.0
[2025-11-19 10:45:51.749] [3329] [HailoRT] [info] [hef.cpp:1929] [get_network_group_and_network_name] No name was given. Addressing all networks of default network_group: yolov11n
[2025-11-19 10:45:51.749] [3329] [HailoRT] [info] [hef.cpp:1929] [get_network_group_and_network_name] No name was given. Addressing all networks of default network_group: yolov11n
[2025-11-19 10:45:51.823] [3329] [HailoRT] [info] [internal_buffer_manager.cpp:204] [print_execution_results] Planned internal buffer memory: CMA memory 0, user memory 2772480. memory to edge layer usage factor is 1
[2025-11-19 10:45:51.823] [3329] [HailoRT] [info] [internal_buffer_manager.cpp:212] [print_execution_results] Default Internal buffer planner executed successfully
[2025-11-19 10:45:51.911] [3329] [HailoRT] [info] [device_internal.cpp:57] [configure] Configuring HEF took 99.504794 milliseconds
[2025-11-19 10:45:51.911] [3329] [HailoRT] [info] [vdevice.cpp:749] [configure] Configuring HEF on VDevice took 100.246841 milliseconds
[2025-11-19 10:45:51.911] [3329] [HailoRT] [info] [infer_model.cpp:436] [configure] Configuring network group 'yolov11n' with params: batch size: 2, power mode: PERFORMANCE, latency: NONE
[2025-11-19 10:45:51.911] [3329] [HailoRT] [info] [multi_io_elements.cpp:756] [create] Created (AsyncHwEl)
[2025-11-19 10:45:51.911] [3329] [HailoRT] [info] [queue_elements.cpp:450] [create] Created (EntryPushQEl0yolov11n/input_layer1 | timeout: 10s)
[2025-11-19 10:45:51.911] [3329] [HailoRT] [info] [filter_elements.cpp:101] [create] Created (PreInferEl3yolov11n/input_layer1 | Reorder - src_order: RGB4, src_shape: (640, 640, 3), dst_order: NHCW, dst_shape: (640, 640, 3))
[2025-11-19 10:45:51.911] [3329] [HailoRT] [info] [queue_elements.cpp:450] [create] Created (PushQEl3yolov11n/input_layer1 | timeout: 10s)
[2025-11-19 10:45:51.911] [3329] [HailoRT] [info] [multi_io_elements.cpp:135] [create] Created (NmsPPMuxEl0YOLOV8-Post-Process | Op YOLOV8, Name: YOLOV8-Post-Process, Score threshold: 0.300, IoU threshold: 0.45, Classes: 80, Cross classes: false, NMS results order: BY_CLASS, Max bboxes per class: 100, Image height: 640, Image width: 640)
[2025-11-19 10:45:51.912] [3329] [HailoRT] [info] [queue_elements.cpp:942] [create] Created (MultiPushQEl0YOLOV8-Post-Process | timeout: 10s)
[2025-11-19 10:45:51.912] [3329] [HailoRT] [info] [edge_elements.cpp:187] [create] Created (LastAsyncEl0NmsPPMuxEl0YOLOV8-Post-Process)
[2025-11-19 10:45:51.912] [3329] [HailoRT] [info] [pipeline.cpp:891] [print_deep_description] EntryPushQEl0yolov11n/input_layer1 | inputs: user | outputs: PreInferEl3yolov11n/input_layer1(running in thread_id: 3401)
[2025-11-19 10:45:51.912] [3329] [HailoRT] [info] [pipeline.cpp:891] [print_deep_description] PreInferEl3yolov11n/input_layer1 | inputs: EntryPushQEl0yolov11n/input_layer1[0] | outputs: PushQEl3yolov11n/input_layer1
[2025-11-19 10:45:51.912] [3329] [HailoRT] [info] [pipeline.cpp:891] [print_deep_description] PushQEl3yolov11n/input_layer1 | inputs: PreInferEl3yolov11n/input_layer1[0] | outputs: AsyncHwEl(running in thread_id: 3402)
[2025-11-19 10:45:51.912] [3329] [HailoRT] [info] [pipeline.cpp:891] [print_deep_description] AsyncHwEl | inputs: PushQEl3yolov11n/input_layer1[0] | outputs: MultiPushQEl0YOLOV8-Post-Process MultiPushQEl0YOLOV8-Post-Process MultiPushQEl0YOLOV8-Post-Process MultiPushQEl0YOLOV8-Post-Process MultiPushQEl0YOLOV8-Post-Process MultiPushQEl0YOLOV8-Post-Process
[2025-11-19 10:45:51.912] [3329] [HailoRT] [info] [pipeline.cpp:891] [print_deep_description] MultiPushQEl0YOLOV8-Post-Process | inputs: AsyncHwEl[0] AsyncHwEl[1] AsyncHwEl[2] AsyncHwEl[3] AsyncHwEl[4] AsyncHwEl[5] | outputs: NmsPPMuxEl0YOLOV8-Post-Process(running in thread_id: 3403)
[2025-11-19 10:45:51.912] [3329] [HailoRT] [info] [pipeline.cpp:891] [print_deep_description] NmsPPMuxEl0YOLOV8-Post-Process | inputs: MultiPushQEl0YOLOV8-Post-Process[0] | outputs: LastAsyncEl0NmsPPMuxEl0YOLOV8-Post-Process
[2025-11-19 10:45:51.912] [3329] [HailoRT] [info] [pipeline.cpp:891] [print_deep_description] LastAsyncEl0NmsPPMuxEl0YOLOV8-Post-Process | inputs: NmsPPMuxEl0YOLOV8-Post-Process[0] | outputs: user
[2025-11-19 10:45:52.741] [3386] [HailoRT] [info] [hef.cpp:1929] [get_network_group_and_network_name] No name was given. Addressing all networks of default network_group: yolov11n
[2025-11-19 10:45:56.551] [3329] [HailoRT] [info] [async_infer_runner.cpp:86] [shutdown] Pipeline was aborted. Shutting it down
[2025-11-19 10:45:56.552] [3401] [HailoRT] [info] [queue_elements.cpp:497] [operator()] Thread in element EntryPushQEl0yolov11n/input_layer1 is not running anymore, exiting..
[2025-11-19 10:45:56.553] [3329] [HailoRT] [info] [queue_elements.cpp:1131] [execute_deactivate] enqueue() in element MultiPushQEl0YOLOV8-Post-Process was aborted, got status = HAILO_SHUTDOWN_EVENT_SIGNALED(57)
[2025-11-19 10:45:56.553] [3329] [HailoRT] [info] [queue_elements.cpp:1131] [execute_deactivate] enqueue() in element MultiPushQEl0YOLOV8-Post-Process was aborted, got status = HAILO_SHUTDOWN_EVENT_SIGNALED(57)
[2025-11-19 10:45:56.553] [3329] [HailoRT] [info] [queue_elements.cpp:1131] [execute_deactivate] enqueue() in element MultiPushQEl0YOLOV8-Post-Process was aborted, got status = HAILO_SHUTDOWN_EVENT_SIGNALED(57)
[2025-11-19 10:45:56.553] [3329] [HailoRT] [info] [queue_elements.cpp:1131] [execute_deactivate] enqueue() in element MultiPushQEl0YOLOV8-Post-Process was aborted, got status = HAILO_SHUTDOWN_EVENT_SIGNALED(57)
[2025-11-19 10:45:56.553] [3329] [HailoRT] [info] [queue_elements.cpp:1131] [execute_deactivate] enqueue() in element MultiPushQEl0YOLOV8-Post-Process was aborted, got status = HAILO_SHUTDOWN_EVENT_SIGNALED(57)
[2025-11-19 10:45:56.553] [3329] [HailoRT] [info] [queue_elements.cpp:1131] [execute_deactivate] enqueue() in element MultiPushQEl0YOLOV8-Post-Process was aborted, got status = HAILO_SHUTDOWN_EVENT_SIGNALED(57)
[2025-11-19 10:45:56.553] [3329] [HailoRT] [info] [queue_elements.cpp:570] [execute_deactivate] enqueue() in element PushQEl3yolov11n/input_layer1 was aborted, got status = HAILO_SHUTDOWN_EVENT_SIGNALED(57)
[2025-11-19 10:45:56.553] [3329] [HailoRT] [info] [queue_elements.cpp:570] [execute_deactivate] enqueue() in element EntryPushQEl0yolov11n/input_layer1 was aborted, got status = HAILO_SHUTDOWN_EVENT_SIGNALED(57)
[2025-11-19 10:45:56.553] [3329] [HailoRT] [info] [queue_elements.cpp:46] [~BaseQueueElement] Queue element EntryPushQEl0yolov11n/input_layer1 has 0 frames in his Queue on destruction
[2025-11-19 10:45:56.553] [3329] [HailoRT] [info] [queue_elements.cpp:46] [~BaseQueueElement] Queue element PushQEl3yolov11n/input_layer1 has 0 frames in his Queue on destruction
[2025-11-19 10:54:35.925] [3525] [HailoRT] [info] [device.cpp:49] [Device] OS Version: Linux 6.12.47+rpt-rpi-2712 #1 SMP PREEMPT Debian 1:6.12.47-1+rpt1~bookworm (2025-09-16) aarch64
[2025-11-19 10:54:35.929] [3525] [HailoRT] [info] [control.cpp:108] [control__parse_identify_results] firmware_version is: 4.20.0
[2025-11-19 10:54:35.930] [3525] [HailoRT] [info] [control.cpp:108] [control__parse_identify_results] firmware_version is: 4.20.0
[2025-11-19 10:54:35.960] [3533] [HailoRT] [info] [device.cpp:49] [Device] OS Version: Linux 6.12.47+rpt-rpi-2712 #1 SMP PREEMPT Debian 1:6.12.47-1+rpt1~bookworm (2025-09-16) aarch64
[2025-11-19 10:54:35.962] [3533] [HailoRT] [info] [control.cpp:108] [control__parse_identify_results] firmware_version is: 4.20.0
[2025-11-19 10:54:35.963] [3533] [HailoRT] [info] [control.cpp:108] [control__parse_identify_results] firmware_version is: 4.20.0
[2025-11-19 10:54:36.038] [3512] [HailoRT] [info] [vdevice.cpp:523] [create] Creating vdevice with params: device_count: 1, scheduling_algorithm: ROUND_ROBIN, multi_process_service: false
[2025-11-19 10:54:36.038] [3512] [HailoRT] [info] [device.cpp:49] [Device] OS Version: Linux 6.12.47+rpt-rpi-2712 #1 SMP PREEMPT Debian 1:6.12.47-1+rpt1~bookworm (2025-09-16) aarch64
[2025-11-19 10:54:36.047] [3512] [HailoRT] [info] [control.cpp:108] [control__parse_identify_results] firmware_version is: 4.20.0
[2025-11-19 10:54:36.067] [3512] [HailoRT] [error] [vdevice.cpp:820] [create_devices] CHECK failed - Failed to create vdevice. there are not enough free devices. requested: 1, found: 0
[2025-11-19 10:54:36.068] [3512] [HailoRT] [error] [vdevice.cpp:631] [create] CHECK_SUCCESS failed with status=HAILO_OUT_OF_PHYSICAL_DEVICES(74)
[2025-11-19 10:54:36.068] [3512] [HailoRT] [error] [shared_resource_manager.hpp:81] [register_resource] CHECK_SUCCESS failed with status=HAILO_OUT_OF_PHYSICAL_DEVICES(74)
[2025-11-19 10:54:36.069] [3512] [HailoRT] [error] [vdevice.cpp:132] [create] CHECK_SUCCESS failed with status=HAILO_OUT_OF_PHYSICAL_DEVICES(74)
[2025-11-19 10:54:36.069] [3512] [HailoRT] [error] [vdevice.cpp:554] [create] CHECK_SUCCESS failed with status=HAILO_OUT_OF_PHYSICAL_DEVICES(74)
[2025-11-19 10:56:23.046] [1838] [HailoRT] [info] [device.cpp:49] [Device] OS Version: Linux 6.12.47+rpt-rpi-2712 #1 SMP PREEMPT Debian 1:6.12.47-1+rpt1~bookworm (2025-09-16) aarch64
[2025-11-19 10:56:23.049] [1838] [HailoRT] [info] [control.cpp:108] [control__parse_identify_results] firmware_version is: 4.20.0
[2025-11-19 10:56:23.050] [1838] [HailoRT] [info] [control.cpp:108] [control__parse_identify_results] firmware_version is: 4.20.0
[2025-11-19 10:56:23.110] [1848] [HailoRT] [info] [device.cpp:49] [Device] OS Version: Linux 6.12.47+rpt-rpi-2712 #1 SMP PREEMPT Debian 1:6.12.47-1+rpt1~bookworm (2025-09-16) aarch64
[2025-11-19 10:56:23.112] [1848] [HailoRT] [info] [control.cpp:108] [control__parse_identify_results] firmware_version is: 4.20.0
[2025-11-19 10:56:23.113] [1848] [HailoRT] [info] [control.cpp:108] [control__parse_identify_results] firmware_version is: 4.20.0
[2025-11-19 10:56:24.081] [1781] [HailoRT] [info] [vdevice.cpp:523] [create] Creating vdevice with params: device_count: 1, scheduling_algorithm: ROUND_ROBIN, multi_process_service: false
[2025-11-19 10:56:24.100] [1781] [HailoRT] [info] [device.cpp:49] [Device] OS Version: Linux 6.12.47+rpt-rpi-2712 #1 SMP PREEMPT Debian 1:6.12.47-1+rpt1~bookworm (2025-09-16) aarch64
[2025-11-19 10:56:24.101] [1781] [HailoRT] [info] [control.cpp:108] [control__parse_identify_results] firmware_version is: 4.20.0
[2025-11-19 10:56:24.109] [1781] [HailoRT] [info] [vdevice.cpp:651] [create] VDevice Infos: 0001:01:00.0
[2025-11-19 10:56:24.359] [1781] [HailoRT] [info] [hef.cpp:1929] [get_network_group_and_network_name] No name was given. Addressing all networks of default network_group: yolov11n
[2025-11-19 10:56:24.359] [1781] [HailoRT] [info] [hef.cpp:1929] [get_network_group_and_network_name] No name was given. Addressing all networks of default network_group: yolov11n
[2025-11-19 10:56:24.684] [1781] [HailoRT] [info] [internal_buffer_manager.cpp:204] [print_execution_results] Planned internal buffer memory: CMA memory 0, user memory 2772480. memory to edge layer usage factor is 1
[2025-11-19 10:56:24.684] [1781] [HailoRT] [info] [internal_buffer_manager.cpp:212] [print_execution_results] Default Internal buffer planner executed successfully
[2025-11-19 10:56:24.721] [1781] [HailoRT] [info] [device_internal.cpp:57] [configure] Configuring HEF took 59.246019 milliseconds
[2025-11-19 10:56:24.721] [1781] [HailoRT] [info] [vdevice.cpp:749] [configure] Configuring HEF on VDevice took 60.07107 milliseconds
[2025-11-19 10:56:24.721] [1781] [HailoRT] [info] [infer_model.cpp:436] [configure] Configuring network group 'yolov11n' with params: batch size: 2, power mode: PERFORMANCE, latency: NONE
[2025-11-19 10:56:24.723] [1781] [HailoRT] [info] [multi_io_elements.cpp:756] [create] Created (AsyncHwEl)
[2025-11-19 10:56:24.728] [1781] [HailoRT] [info] [queue_elements.cpp:450] [create] Created (EntryPushQEl0yolov11n/input_layer1 | timeout: 10s)
[2025-11-19 10:56:24.728] [1781] [HailoRT] [info] [filter_elements.cpp:101] [create] Created (PreInferEl3yolov11n/input_layer1 | Reorder - src_order: RGB4, src_shape: (640, 640, 3), dst_order: NHCW, dst_shape: (640, 640, 3))
[2025-11-19 10:56:24.731] [1781] [HailoRT] [info] [queue_elements.cpp:450] [create] Created (PushQEl3yolov11n/input_layer1 | timeout: 10s)
[2025-11-19 10:56:24.731] [1781] [HailoRT] [info] [multi_io_elements.cpp:135] [create] Created (NmsPPMuxEl0YOLOV8-Post-Process | Op YOLOV8, Name: YOLOV8-Post-Process, Score threshold: 0.300, IoU threshold: 0.45, Classes: 80, Cross classes: false, NMS results order: BY_CLASS, Max bboxes per class: 100, Image height: 640, Image width: 640)
[2025-11-19 10:56:24.731] [1781] [HailoRT] [info] [queue_elements.cpp:942] [create] Created (MultiPushQEl0YOLOV8-Post-Process | timeout: 10s)
[2025-11-19 10:56:24.732] [1781] [HailoRT] [info] [edge_elements.cpp:187] [create] Created (LastAsyncEl0NmsPPMuxEl0YOLOV8-Post-Process)
[2025-11-19 10:56:24.732] [1781] [HailoRT] [info] [pipeline.cpp:891] [print_deep_description] EntryPushQEl0yolov11n/input_layer1 | inputs: user | outputs: PreInferEl3yolov11n/input_layer1(running in thread_id: 2018)
[2025-11-19 10:56:24.735] [1781] [HailoRT] [info] [pipeline.cpp:891] [print_deep_description] PreInferEl3yolov11n/input_layer1 | inputs: EntryPushQEl0yolov11n/input_layer1[0] | outputs: PushQEl3yolov11n/input_layer1
[2025-11-19 10:56:24.735] [1781] [HailoRT] [info] [pipeline.cpp:891] [print_deep_description] PushQEl3yolov11n/input_layer1 | inputs: PreInferEl3yolov11n/input_layer1[0] | outputs: AsyncHwEl(running in thread_id: 2019)
[2025-11-19 10:56:24.735] [1781] [HailoRT] [info] [pipeline.cpp:891] [print_deep_description] AsyncHwEl | inputs: PushQEl3yolov11n/input_layer1[0] | outputs: MultiPushQEl0YOLOV8-Post-Process MultiPushQEl0YOLOV8-Post-Process MultiPushQEl0YOLOV8-Post-Process MultiPushQEl0YOLOV8-Post-Process MultiPushQEl0YOLOV8-Post-Process MultiPushQEl0YOLOV8-Post-Process
[2025-11-19 10:56:24.735] [1781] [HailoRT] [info] [pipeline.cpp:891] [print_deep_description] MultiPushQEl0YOLOV8-Post-Process | inputs: AsyncHwEl[0] AsyncHwEl[1] AsyncHwEl[2] AsyncHwEl[3] AsyncHwEl[4] AsyncHwEl[5] | outputs: NmsPPMuxEl0YOLOV8-Post-Process(running in thread_id: 2020)
[2025-11-19 10:56:24.735] [1781] [HailoRT] [info] [pipeline.cpp:891] [print_deep_description] NmsPPMuxEl0YOLOV8-Post-Process | inputs: MultiPushQEl0YOLOV8-Post-Process[0] | outputs: LastAsyncEl0NmsPPMuxEl0YOLOV8-Post-Process
[2025-11-19 10:56:24.735] [1781] [HailoRT] [info] [pipeline.cpp:891] [print_deep_description] LastAsyncEl0NmsPPMuxEl0YOLOV8-Post-Process | inputs: NmsPPMuxEl0YOLOV8-Post-Process[0] | outputs: user
[2025-11-19 10:56:25.667] [1994] [HailoRT] [info] [hef.cpp:1929] [get_network_group_and_network_name] No name was given. Addressing all networks of default network_group: yolov11n
[2025-11-19 11:10:59.423] [2840] [HailoRT] [info] [device.cpp:49] [Device] OS Version: Linux 6.12.47+rpt-rpi-2712 #1 SMP PREEMPT Debian 1:6.12.47-1+rpt1~bookworm (2025-09-16) aarch64
[2025-11-19 11:10:59.425] [2840] [HailoRT] [info] [control.cpp:108] [control__parse_identify_results] firmware_version is: 4.20.0
[2025-11-19 11:10:59.427] [2840] [HailoRT] [info] [control.cpp:108] [control__parse_identify_results] firmware_version is: 4.20.0
[2025-11-19 11:10:59.475] [2848] [HailoRT] [info] [device.cpp:49] [Device] OS Version: Linux 6.12.47+rpt-rpi-2712 #1 SMP PREEMPT Debian 1:6.12.47-1+rpt1~bookworm (2025-09-16) aarch64
[2025-11-19 11:10:59.477] [2848] [HailoRT] [info] [control.cpp:108] [control__parse_identify_results] firmware_version is: 4.20.0
[2025-11-19 11:10:59.478] [2848] [HailoRT] [info] [control.cpp:108] [control__parse_identify_results] firmware_version is: 4.20.0
[2025-11-19 11:10:59.568] [2826] [HailoRT] [info] [vdevice.cpp:523] [create] Creating vdevice with params: device_count: 1, scheduling_algorithm: ROUND_ROBIN, multi_process_service: false
[2025-11-19 11:10:59.579] [2826] [HailoRT] [info] [device.cpp:49] [Device] OS Version: Linux 6.12.47+rpt-rpi-2712 #1 SMP PREEMPT Debian 1:6.12.47-1+rpt1~bookworm (2025-09-16) aarch64
[2025-11-19 11:10:59.581] [2826] [HailoRT] [info] [control.cpp:108] [control__parse_identify_results] firmware_version is: 4.20.0
[2025-11-19 11:10:59.581] [2826] [HailoRT] [info] [vdevice.cpp:651] [create] VDevice Infos: 0001:01:00.0
[2025-11-19 11:10:59.609] [2826] [HailoRT] [info] [hef.cpp:1929] [get_network_group_and_network_name] No name was given. Addressing all networks of default network_group: yolov11n
[2025-11-19 11:10:59.609] [2826] [HailoRT] [info] [hef.cpp:1929] [get_network_group_and_network_name] No name was given. Addressing all networks of default network_group: yolov11n
[2025-11-19 11:10:59.730] [2826] [HailoRT] [info] [internal_buffer_manager.cpp:204] [print_execution_results] Planned internal buffer memory: CMA memory 0, user memory 2772480. memory to edge layer usage factor is 1
[2025-11-19 11:10:59.730] [2826] [HailoRT] [info] [internal_buffer_manager.cpp:212] [print_execution_results] Default Internal buffer planner executed successfully
[2025-11-19 11:10:59.752] [2826] [HailoRT] [info] [device_internal.cpp:57] [configure] Configuring HEF took 29.246328 milliseconds
[2025-11-19 11:10:59.752] [2826] [HailoRT] [info] [vdevice.cpp:749] [configure] Configuring HEF on VDevice took 29.577533 milliseconds
[2025-11-19 11:10:59.752] [2826] [HailoRT] [info] [infer_model.cpp:436] [configure] Configuring network group 'yolov11n' with params: batch size: 2, power mode: PERFORMANCE, latency: NONE
[2025-11-19 11:10:59.752] [2826] [HailoRT] [info] [multi_io_elements.cpp:756] [create] Created (AsyncHwEl)
[2025-11-19 11:10:59.753] [2826] [HailoRT] [info] [queue_elements.cpp:450] [create] Created (EntryPushQEl0yolov11n/input_layer1 | timeout: 10s)
[2025-11-19 11:10:59.753] [2826] [HailoRT] [info] [filter_elements.cpp:101] [create] Created (PreInferEl3yolov11n/input_layer1 | Reorder - src_order: RGB4, src_shape: (640, 640, 3), dst_order: NHCW, dst_shape: (640, 640, 3))
[2025-11-19 11:10:59.753] [2826] [HailoRT] [info] [queue_elements.cpp:450] [create] Created (PushQEl3yolov11n/input_layer1 | timeout: 10s)
[2025-11-19 11:10:59.753] [2826] [HailoRT] [info] [multi_io_elements.cpp:135] [create] Created (NmsPPMuxEl0YOLOV8-Post-Process | Op YOLOV8, Name: YOLOV8-Post-Process, Score threshold: 0.300, IoU threshold: 0.45, Classes: 80, Cross classes: false, NMS results order: BY_CLASS, Max bboxes per class: 100, Image height: 640, Image width: 640)
[2025-11-19 11:10:59.753] [2826] [HailoRT] [info] [queue_elements.cpp:942] [create] Created (MultiPushQEl0YOLOV8-Post-Process | timeout: 10s)
[2025-11-19 11:10:59.753] [2826] [HailoRT] [info] [edge_elements.cpp:187] [create] Created (LastAsyncEl0NmsPPMuxEl0YOLOV8-Post-Process)
[2025-11-19 11:10:59.753] [2826] [HailoRT] [info] [pipeline.cpp:891] [print_deep_description] EntryPushQEl0yolov11n/input_layer1 | inputs: user | outputs: PreInferEl3yolov11n/input_layer1(running in thread_id: 2894)
[2025-11-19 11:10:59.753] [2826] [HailoRT] [info] [pipeline.cpp:891] [print_deep_description] PreInferEl3yolov11n/input_layer1 | inputs: EntryPushQEl0yolov11n/input_layer1[0] | outputs: PushQEl3yolov11n/input_layer1
[2025-11-19 11:10:59.753] [2826] [HailoRT] [info] [pipeline.cpp:891] [print_deep_description] PushQEl3yolov11n/input_layer1 | inputs: PreInferEl3yolov11n/input_layer1[0] | outputs: AsyncHwEl(running in thread_id: 2895)
[2025-11-19 11:10:59.753] [2826] [HailoRT] [info] [pipeline.cpp:891] [print_deep_description] AsyncHwEl | inputs: PushQEl3yolov11n/input_layer1[0] | outputs: MultiPushQEl0YOLOV8-Post-Process MultiPushQEl0YOLOV8-Post-Process MultiPushQEl0YOLOV8-Post-Process MultiPushQEl0YOLOV8-Post-Process MultiPushQEl0YOLOV8-Post-Process MultiPushQEl0YOLOV8-Post-Process
[2025-11-19 11:10:59.753] [2826] [HailoRT] [info] [pipeline.cpp:891] [print_deep_description] MultiPushQEl0YOLOV8-Post-Process | inputs: AsyncHwEl[0] AsyncHwEl[1] AsyncHwEl[2] AsyncHwEl[3] AsyncHwEl[4] AsyncHwEl[5] | outputs: NmsPPMuxEl0YOLOV8-Post-Process(running in thread_id: 2896)
[2025-11-19 11:10:59.753] [2826] [HailoRT] [info] [pipeline.cpp:891] [print_deep_description] NmsPPMuxEl0YOLOV8-Post-Process | inputs: MultiPushQEl0YOLOV8-Post-Process[0] | outputs: LastAsyncEl0NmsPPMuxEl0YOLOV8-Post-Process
[2025-11-19 11:10:59.753] [2826] [HailoRT] [info] [pipeline.cpp:891] [print_deep_description] LastAsyncEl0NmsPPMuxEl0YOLOV8-Post-Process | inputs: NmsPPMuxEl0YOLOV8-Post-Process[0] | outputs: user
[2025-11-19 11:11:00.512] [2885] [HailoRT] [info] [hef.cpp:1929] [get_network_group_and_network_name] No name was given. Addressing all networks of default network_group: yolov11n
[2025-11-19 11:12:28.867] [3188] [HailoRT] [info] [device.cpp:49] [Device] OS Version: Linux 6.12.47+rpt-rpi-2712 #1 SMP PREEMPT Debian 1:6.12.47-1+rpt1~bookworm (2025-09-16) aarch64
[2025-11-19 11:12:28.870] [3188] [HailoRT] [info] [control.cpp:108] [control__parse_identify_results] firmware_version is: 4.20.0
[2025-11-19 11:12:28.872] [3188] [HailoRT] [info] [control.cpp:108] [control__parse_identify_results] firmware_version is: 4.20.0
[2025-11-19 11:12:28.927] [3197] [HailoRT] [info] [device.cpp:49] [Device] OS Version: Linux 6.12.47+rpt-rpi-2712 #1 SMP PREEMPT Debian 1:6.12.47-1+rpt1~bookworm (2025-09-16) aarch64
[2025-11-19 11:12:28.929] [3197] [HailoRT] [info] [control.cpp:108] [control__parse_identify_results] firmware_version is: 4.20.0
[2025-11-19 11:12:28.932] [3197] [HailoRT] [info] [control.cpp:108] [control__parse_identify_results] firmware_version is: 4.20.0
[2025-11-19 11:12:29.011] [3166] [HailoRT] [info] [vdevice.cpp:523] [create] Creating vdevice with params: device_count: 1, scheduling_algorithm: ROUND_ROBIN, multi_process_service: false
[2025-11-19 11:12:29.023] [3166] [HailoRT] [info] [device.cpp:49] [Device] OS Version: Linux 6.12.47+rpt-rpi-2712 #1 SMP PREEMPT Debian 1:6.12.47-1+rpt1~bookworm (2025-09-16) aarch64
[2025-11-19 11:12:29.025] [3166] [HailoRT] [info] [control.cpp:108] [control__parse_identify_results] firmware_version is: 4.20.0
[2025-11-19 11:12:29.025] [3166] [HailoRT] [info] [vdevice.cpp:651] [create] VDevice Infos: 0001:01:00.0
[2025-11-19 11:12:29.051] [3166] [HailoRT] [info] [hef.cpp:1929] [get_network_group_and_network_name] No name was given. Addressing all networks of default network_group: yolov11n
[2025-11-19 11:12:29.051] [3166] [HailoRT] [info] [hef.cpp:1929] [get_network_group_and_network_name] No name was given. Addressing all networks of default network_group: yolov11n
[2025-11-19 11:12:29.099] [3166] [HailoRT] [info] [internal_buffer_manager.cpp:204] [print_execution_results] Planned internal buffer memory: CMA memory 0, user memory 2772480. memory to edge layer usage factor is 1
[2025-11-19 11:12:29.099] [3166] [HailoRT] [info] [internal_buffer_manager.cpp:212] [print_execution_results] Default Internal buffer planner executed successfully
[2025-11-19 11:12:29.157] [3166] [HailoRT] [info] [device_internal.cpp:57] [configure] Configuring HEF took 66.680501 milliseconds
[2025-11-19 11:12:29.157] [3166] [HailoRT] [info] [vdevice.cpp:749] [configure] Configuring HEF on VDevice took 67.010891 milliseconds
[2025-11-19 11:12:29.157] [3166] [HailoRT] [info] [infer_model.cpp:436] [configure] Configuring network group 'yolov11n' with params: batch size: 2, power mode: PERFORMANCE, latency: NONE
[2025-11-19 11:12:29.158] [3166] [HailoRT] [info] [multi_io_elements.cpp:756] [create] Created (AsyncHwEl)
[2025-11-19 11:12:29.158] [3166] [HailoRT] [info] [queue_elements.cpp:450] [create] Created (EntryPushQEl0yolov11n/input_layer1 | timeout: 10s)
[2025-11-19 11:12:29.158] [3166] [HailoRT] [info] [filter_elements.cpp:101] [create] Created (PreInferEl3yolov11n/input_layer1 | Reorder - src_order: RGB4, src_shape: (640, 640, 3), dst_order: NHCW, dst_shape: (640, 640, 3))
[2025-11-19 11:12:29.158] [3166] [HailoRT] [info] [queue_elements.cpp:450] [create] Created (PushQEl3yolov11n/input_layer1 | timeout: 10s)
[2025-11-19 11:12:29.158] [3166] [HailoRT] [info] [multi_io_elements.cpp:135] [create] Created (NmsPPMuxEl0YOLOV8-Post-Process | Op YOLOV8, Name: YOLOV8-Post-Process, Score threshold: 0.300, IoU threshold: 0.45, Classes: 80, Cross classes: false, NMS results order: BY_CLASS, Max bboxes per class: 100, Image height: 640, Image width: 640)
[2025-11-19 11:12:29.158] [3166] [HailoRT] [info] [queue_elements.cpp:942] [create] Created (MultiPushQEl0YOLOV8-Post-Process | timeout: 10s)
[2025-11-19 11:12:29.158] [3166] [HailoRT] [info] [edge_elements.cpp:187] [create] Created (LastAsyncEl0NmsPPMuxEl0YOLOV8-Post-Process)
[2025-11-19 11:12:29.158] [3166] [HailoRT] [info] [pipeline.cpp:891] [print_deep_description] EntryPushQEl0yolov11n/input_layer1 | inputs: user | outputs: PreInferEl3yolov11n/input_layer1(running in thread_id: 3243)
[2025-11-19 11:12:29.158] [3166] [HailoRT] [info] [pipeline.cpp:891] [print_deep_description] PreInferEl3yolov11n/input_layer1 | inputs: EntryPushQEl0yolov11n/input_layer1[0] | outputs: PushQEl3yolov11n/input_layer1
[2025-11-19 11:12:29.158] [3166] [HailoRT] [info] [pipeline.cpp:891] [print_deep_description] PushQEl3yolov11n/input_layer1 | inputs: PreInferEl3yolov11n/input_layer1[0] | outputs: AsyncHwEl(running in thread_id: 3244)
[2025-11-19 11:12:29.158] [3166] [HailoRT] [info] [pipeline.cpp:891] [print_deep_description] AsyncHwEl | inputs: PushQEl3yolov11n/input_layer1[0] | outputs: MultiPushQEl0YOLOV8-Post-Process MultiPushQEl0YOLOV8-Post-Process MultiPushQEl0YOLOV8-Post-Process MultiPushQEl0YOLOV8-Post-Process MultiPushQEl0YOLOV8-Post-Process MultiPushQEl0YOLOV8-Post-Process
[2025-11-19 11:12:29.158] [3166] [HailoRT] [info] [pipeline.cpp:891] [print_deep_description] MultiPushQEl0YOLOV8-Post-Process | inputs: AsyncHwEl[0] AsyncHwEl[1] AsyncHwEl[2] AsyncHwEl[3] AsyncHwEl[4] AsyncHwEl[5] | outputs: NmsPPMuxEl0YOLOV8-Post-Process(running in thread_id: 3245)
[2025-11-19 11:12:29.158] [3166] [HailoRT] [info] [pipeline.cpp:891] [print_deep_description] NmsPPMuxEl0YOLOV8-Post-Process | inputs: MultiPushQEl0YOLOV8-Post-Process[0] | outputs: LastAsyncEl0NmsPPMuxEl0YOLOV8-Post-Process
[2025-11-19 11:12:29.158] [3166] [HailoRT] [info] [pipeline.cpp:891] [print_deep_description] LastAsyncEl0NmsPPMuxEl0YOLOV8-Post-Process | inputs: NmsPPMuxEl0YOLOV8-Post-Process[0] | outputs: user
[2025-11-19 11:12:29.961] [3224] [HailoRT] [info] [hef.cpp:1929] [get_network_group_and_network_name] No name was given. Addressing all networks of default network_group: yolov11n
[2025-11-19 11:32:51.947] [4475] [HailoRT] [info] [device.cpp:49] [Device] OS Version: Linux 6.12.47+rpt-rpi-2712 #1 SMP PREEMPT Debian 1:6.12.47-1+rpt1~bookworm (2025-09-16) aarch64
[2025-11-19 11:32:51.950] [4475] [HailoRT] [info] [control.cpp:108] [control__parse_identify_results] firmware_version is: 4.20.0
[2025-11-19 11:32:51.951] [4475] [HailoRT] [info] [control.cpp:108] [control__parse_identify_results] firmware_version is: 4.20.0
[2025-11-19 11:32:51.978] [4483] [HailoRT] [info] [device.cpp:49] [Device] OS Version: Linux 6.12.47+rpt-rpi-2712 #1 SMP PREEMPT Debian 1:6.12.47-1+rpt1~bookworm (2025-09-16) aarch64
[2025-11-19 11:32:51.980] [4483] [HailoRT] [info] [control.cpp:108] [control__parse_identify_results] firmware_version is: 4.20.0
[2025-11-19 11:32:51.981] [4483] [HailoRT] [info] [control.cpp:108] [control__parse_identify_results] firmware_version is: 4.20.0
[2025-11-19 11:32:52.138] [4462] [HailoRT] [info] [vdevice.cpp:523] [create] Creating vdevice with params: device_count: 1, scheduling_algorithm: ROUND_ROBIN, multi_process_service: false
[2025-11-19 11:32:52.148] [4462] [HailoRT] [info] [device.cpp:49] [Device] OS Version: Linux 6.12.47+rpt-rpi-2712 #1 SMP PREEMPT Debian 1:6.12.47-1+rpt1~bookworm (2025-09-16) aarch64
[2025-11-19 11:32:52.149] [4462] [HailoRT] [info] [control.cpp:108] [control__parse_identify_results] firmware_version is: 4.20.0
[2025-11-19 11:32:52.175] [4462] [HailoRT] [error] [vdevice.cpp:820] [create_devices] CHECK failed - Failed to create vdevice. there are not enough free devices. requested: 1, found: 0
[2025-11-19 11:32:52.175] [4462] [HailoRT] [error] [vdevice.cpp:631] [create] CHECK_SUCCESS failed with status=HAILO_OUT_OF_PHYSICAL_DEVICES(74)
[2025-11-19 11:32:52.175] [4462] [HailoRT] [error] [shared_resource_manager.hpp:81] [register_resource] CHECK_SUCCESS failed with status=HAILO_OUT_OF_PHYSICAL_DEVICES(74)
[2025-11-19 11:32:52.175] [4462] [HailoRT] [error] [vdevice.cpp:132] [create] CHECK_SUCCESS failed with status=HAILO_OUT_OF_PHYSICAL_DEVICES(74)
[2025-11-19 11:32:52.175] [4462] [HailoRT] [error] [vdevice.cpp:554] [create] CHECK_SUCCESS failed with status=HAILO_OUT_OF_PHYSICAL_DEVICES(74)
[2025-11-19 11:33:37.019] [4564] [HailoRT] [info] [device.cpp:49] [Device] OS Version: Linux 6.12.47+rpt-rpi-2712 #1 SMP PREEMPT Debian 1:6.12.47-1+rpt1~bookworm (2025-09-16) aarch64
[2025-11-19 11:33:37.025] [4564] [HailoRT] [info] [control.cpp:108] [control__parse_identify_results] firmware_version is: 4.20.0
[2025-11-19 11:33:37.027] [4564] [HailoRT] [info] [control.cpp:108] [control__parse_identify_results] firmware_version is: 4.20.0
[2025-11-19 11:33:37.064] [4573] [HailoRT] [info] [device.cpp:49] [Device] OS Version: Linux 6.12.47+rpt-rpi-2712 #1 SMP PREEMPT Debian 1:6.12.47-1+rpt1~bookworm (2025-09-16) aarch64
[2025-11-19 11:33:37.066] [4573] [HailoRT] [info] [control.cpp:108] [control__parse_identify_results] firmware_version is: 4.20.0
[2025-11-19 11:33:37.068] [4573] [HailoRT] [info] [control.cpp:108] [control__parse_identify_results] firmware_version is: 4.20.0
[2025-11-19 11:33:37.155] [4550] [HailoRT] [info] [vdevice.cpp:523] [create] Creating vdevice with params: device_count: 1, scheduling_algorithm: ROUND_ROBIN, multi_process_service: false
[2025-11-19 11:33:37.155] [4550] [HailoRT] [info] [device.cpp:49] [Device] OS Version: Linux 6.12.47+rpt-rpi-2712 #1 SMP PREEMPT Debian 1:6.12.47-1+rpt1~bookworm (2025-09-16) aarch64
[2025-11-19 11:33:37.162] [4550] [HailoRT] [info] [control.cpp:108] [control__parse_identify_results] firmware_version is: 4.20.0
[2025-11-19 11:33:37.195] [4550] [HailoRT] [error] [vdevice.cpp:820] [create_devices] CHECK failed - Failed to create vdevice. there are not enough free devices. requested: 1, found: 0
[2025-11-19 11:33:37.196] [4550] [HailoRT] [error] [vdevice.cpp:631] [create] CHECK_SUCCESS failed with status=HAILO_OUT_OF_PHYSICAL_DEVICES(74)
[2025-11-19 11:33:37.196] [4550] [HailoRT] [error] [shared_resource_manager.hpp:81] [register_resource] CHECK_SUCCESS failed with status=HAILO_OUT_OF_PHYSICAL_DEVICES(74)
[2025-11-19 11:33:37.196] [4550] [HailoRT] [error] [vdevice.cpp:132] [create] CHECK_SUCCESS failed with status=HAILO_OUT_OF_PHYSICAL_DEVICES(74)
[2025-11-19 11:33:37.196] [4550] [HailoRT] [error] [vdevice.cpp:554] [create] CHECK_SUCCESS failed with status=HAILO_OUT_OF_PHYSICAL_DEVICES(74)
[2025-11-19 11:33:48.082] [4634] [HailoRT] [info] [device.cpp:49] [Device] OS Version: Linux 6.12.47+rpt-rpi-2712 #1 SMP PREEMPT Debian 1:6.12.47-1+rpt1~bookworm (2025-09-16) aarch64
[2025-11-19 11:33:48.087] [4634] [HailoRT] [info] [control.cpp:108] [control__parse_identify_results] firmware_version is: 4.20.0
[2025-11-19 11:33:48.094] [4634] [HailoRT] [info] [control.cpp:108] [control__parse_identify_results] firmware_version is: 4.20.0
[2025-11-19 11:33:48.139] [4643] [HailoRT] [info] [device.cpp:49] [Device] OS Version: Linux 6.12.47+rpt-rpi-2712 #1 SMP PREEMPT Debian 1:6.12.47-1+rpt1~bookworm (2025-09-16) aarch64
[2025-11-19 11:33:48.143] [4643] [HailoRT] [info] [control.cpp:108] [control__parse_identify_results] firmware_version is: 4.20.0
[2025-11-19 11:33:48.152] [4643] [HailoRT] [info] [control.cpp:108] [control__parse_identify_results] firmware_version is: 4.20.0
[2025-11-19 11:33:48.323] [4621] [HailoRT] [info] [vdevice.cpp:523] [create] Creating vdevice with params: device_count: 1, scheduling_algorithm: ROUND_ROBIN, multi_process_service: false
[2025-11-19 11:33:48.323] [4621] [HailoRT] [info] [device.cpp:49] [Device] OS Version: Linux 6.12.47+rpt-rpi-2712 #1 SMP PREEMPT Debian 1:6.12.47-1+rpt1~bookworm (2025-09-16) aarch64
[2025-11-19 11:33:48.344] [4621] [HailoRT] [info] [control.cpp:108] [control__parse_identify_results] firmware_version is: 4.20.0
[2025-11-19 11:33:48.359] [4621] [HailoRT] [error] [vdevice.cpp:820] [create_devices] CHECK failed - Failed to create vdevice. there are not enough free devices. requested: 1, found: 0
[2025-11-19 11:33:48.359] [4621] [HailoRT] [error] [vdevice.cpp:631] [create] CHECK_SUCCESS failed with status=HAILO_OUT_OF_PHYSICAL_DEVICES(74)
[2025-11-19 11:33:48.359] [4621] [HailoRT] [error] [shared_resource_manager.hpp:81] [register_resource] CHECK_SUCCESS failed with status=HAILO_OUT_OF_PHYSICAL_DEVICES(74)
[2025-11-19 11:33:48.359] [4621] [HailoRT] [error] [vdevice.cpp:132] [create] CHECK_SUCCESS failed with status=HAILO_OUT_OF_PHYSICAL_DEVICES(74)
[2025-11-19 11:33:48.359] [4621] [HailoRT] [error] [vdevice.cpp:554] [create] CHECK_SUCCESS failed with status=HAILO_OUT_OF_PHYSICAL_DEVICES(74)
[2025-11-19 11:34:01.120] [4704] [HailoRT] [info] [device.cpp:49] [Device] OS Version: Linux 6.12.47+rpt-rpi-2712 #1 SMP PREEMPT Debian 1:6.12.47-1+rpt1~bookworm (2025-09-16) aarch64
[2025-11-19 11:34:01.131] [4704] [HailoRT] [info] [control.cpp:108] [control__parse_identify_results] firmware_version is: 4.20.0
[2025-11-19 11:34:01.147] [4704] [HailoRT] [info] [control.cpp:108] [control__parse_identify_results] firmware_version is: 4.20.0
[2025-11-19 11:34:01.186] [4713] [HailoRT] [info] [device.cpp:49] [Device] OS Version: Linux 6.12.47+rpt-rpi-2712 #1 SMP PREEMPT Debian 1:6.12.47-1+rpt1~bookworm (2025-09-16) aarch64
[2025-11-19 11:34:01.194] [4713] [HailoRT] [info] [control.cpp:108] [control__parse_identify_results] firmware_version is: 4.20.0
[2025-11-19 11:34:01.202] [4713] [HailoRT] [info] [control.cpp:108] [control__parse_identify_results] firmware_version is: 4.20.0
[2025-11-19 11:34:01.301] [4691] [HailoRT] [info] [vdevice.cpp:523] [create] Creating vdevice with params: device_count: 1, scheduling_algorithm: ROUND_ROBIN, multi_process_service: false
[2025-11-19 11:34:01.301] [4691] [HailoRT] [info] [device.cpp:49] [Device] OS Version: Linux 6.12.47+rpt-rpi-2712 #1 SMP PREEMPT Debian 1:6.12.47-1+rpt1~bookworm (2025-09-16) aarch64
[2025-11-19 11:34:01.309] [4691] [HailoRT] [info] [control.cpp:108] [control__parse_identify_results] firmware_version is: 4.20.0
[2025-11-19 11:34:01.335] [4691] [HailoRT] [error] [vdevice.cpp:820] [create_devices] CHECK failed - Failed to create vdevice. there are not enough free devices. requested: 1, found: 0
[2025-11-19 11:34:01.335] [4691] [HailoRT] [error] [vdevice.cpp:631] [create] CHECK_SUCCESS failed with status=HAILO_OUT_OF_PHYSICAL_DEVICES(74)
[2025-11-19 11:34:01.335] [4691] [HailoRT] [error] [shared_resource_manager.hpp:81] [register_resource] CHECK_SUCCESS failed with status=HAILO_OUT_OF_PHYSICAL_DEVICES(74)
[2025-11-19 11:34:01.335] [4691] [HailoRT] [error] [vdevice.cpp:132] [create] CHECK_SUCCESS failed with status=HAILO_OUT_OF_PHYSICAL_DEVICES(74)
[2025-11-19 11:34:01.335] [4691] [HailoRT] [error] [vdevice.cpp:554] [create] CHECK_SUCCESS failed with status=HAILO_OUT_OF_PHYSICAL_DEVICES(74)
[2025-11-19 11:34:35.015] [4849] [HailoRT] [info] [device.cpp:49] [Device] OS Version: Linux 6.12.47+rpt-rpi-2712 #1 SMP PREEMPT Debian 1:6.12.47-1+rpt1~bookworm (2025-09-16) aarch64
[2025-11-19 11:34:35.027] [4849] [HailoRT] [info] [control.cpp:108] [control__parse_identify_results] firmware_version is: 4.20.0
[2025-11-19 11:34:35.031] [4849] [HailoRT] [info] [control.cpp:108] [control__parse_identify_results] firmware_version is: 4.20.0
[2025-11-19 11:34:35.082] [4857] [HailoRT] [info] [device.cpp:49] [Device] OS Version: Linux 6.12.47+rpt-rpi-2712 #1 SMP PREEMPT Debian 1:6.12.47-1+rpt1~bookworm (2025-09-16) aarch64
[2025-11-19 11:34:35.098] [4857] [HailoRT] [info] [control.cpp:108] [control__parse_identify_results] firmware_version is: 4.20.0
[2025-11-19 11:34:35.107] [4857] [HailoRT] [info] [control.cpp:108] [control__parse_identify_results] firmware_version is: 4.20.0
[2025-11-19 11:34:35.272] [4836] [HailoRT] [info] [vdevice.cpp:523] [create] Creating vdevice with params: device_count: 1, scheduling_algorithm: ROUND_ROBIN, multi_process_service: false
[2025-11-19 11:34:35.272] [4836] [HailoRT] [info] [device.cpp:49] [Device] OS Version: Linux 6.12.47+rpt-rpi-2712 #1 SMP PREEMPT Debian 1:6.12.47-1+rpt1~bookworm (2025-09-16) aarch64
[2025-11-19 11:34:35.283] [4836] [HailoRT] [info] [control.cpp:108] [control__parse_identify_results] firmware_version is: 4.20.0
[2025-11-19 11:34:35.307] [4836] [HailoRT] [error] [vdevice.cpp:820] [create_devices] CHECK failed - Failed to create vdevice. there are not enough free devices. requested: 1, found: 0
[2025-11-19 11:34:35.307] [4836] [HailoRT] [error] [vdevice.cpp:631] [create] CHECK_SUCCESS failed with status=HAILO_OUT_OF_PHYSICAL_DEVICES(74)
[2025-11-19 11:34:35.307] [4836] [HailoRT] [error] [shared_resource_manager.hpp:81] [register_resource] CHECK_SUCCESS failed with status=HAILO_OUT_OF_PHYSICAL_DEVICES(74)
[2025-11-19 11:34:35.307] [4836] [HailoRT] [error] [vdevice.cpp:132] [create] CHECK_SUCCESS failed with status=HAILO_OUT_OF_PHYSICAL_DEVICES(74)
[2025-11-19 11:34:35.307] [4836] [HailoRT] [error] [vdevice.cpp:554] [create] CHECK_SUCCESS failed with status=HAILO_OUT_OF_PHYSICAL_DEVICES(74)
[2025-11-19 11:36:56.546] [2094] [HailoRT] [info] [device.cpp:49] [Device] OS Version: Linux 6.12.47+rpt-rpi-2712 #1 SMP PREEMPT Debian 1:6.12.47-1+rpt1~bookworm (2025-09-16) aarch64
[2025-11-19 11:36:56.548] [2094] [HailoRT] [info] [control.cpp:108] [control__parse_identify_results] firmware_version is: 4.20.0
[2025-11-19 11:36:56.549] [2094] [HailoRT] [info] [control.cpp:108] [control__parse_identify_results] firmware_version is: 4.20.0
[2025-11-19 11:36:56.608] [2102] [HailoRT] [info] [device.cpp:49] [Device] OS Version: Linux 6.12.47+rpt-rpi-2712 #1 SMP PREEMPT Debian 1:6.12.47-1+rpt1~bookworm (2025-09-16) aarch64
[2025-11-19 11:36:56.611] [2102] [HailoRT] [info] [control.cpp:108] [control__parse_identify_results] firmware_version is: 4.20.0
[2025-11-19 11:36:56.613] [2102] [HailoRT] [info] [control.cpp:108] [control__parse_identify_results] firmware_version is: 4.20.0
[2025-11-19 11:36:57.124] [2080] [HailoRT] [info] [vdevice.cpp:523] [create] Creating vdevice with params: device_count: 1, scheduling_algorithm: ROUND_ROBIN, multi_process_service: false
[2025-11-19 11:36:57.147] [2080] [HailoRT] [info] [device.cpp:49] [Device] OS Version: Linux 6.12.47+rpt-rpi-2712 #1 SMP PREEMPT Debian 1:6.12.47-1+rpt1~bookworm (2025-09-16) aarch64
[2025-11-19 11:36:57.149] [2080] [HailoRT] [info] [control.cpp:108] [control__parse_identify_results] firmware_version is: 4.20.0
[2025-11-19 11:36:57.151] [2080] [HailoRT] [info] [vdevice.cpp:651] [create] VDevice Infos: 0001:01:00.0
[2025-11-19 11:36:57.357] [2080] [HailoRT] [info] [hef.cpp:1929] [get_network_group_and_network_name] No name was given. Addressing all networks of default network_group: yolov11n
[2025-11-19 11:36:57.357] [2080] [HailoRT] [info] [hef.cpp:1929] [get_network_group_and_network_name] No name was given. Addressing all networks of default network_group: yolov11n
[2025-11-19 11:36:57.443] [2080] [HailoRT] [info] [internal_buffer_manager.cpp:204] [print_execution_results] Planned internal buffer memory: CMA memory 0, user memory 2772480. memory to edge layer usage factor is 1
[2025-11-19 11:36:57.443] [2080] [HailoRT] [info] [internal_buffer_manager.cpp:212] [print_execution_results] Default Internal buffer planner executed successfully
[2025-11-19 11:36:57.536] [2080] [HailoRT] [info] [device_internal.cpp:57] [configure] Configuring HEF took 111.58566 milliseconds
[2025-11-19 11:36:57.536] [2080] [HailoRT] [info] [vdevice.cpp:749] [configure] Configuring HEF on VDevice took 112.418487 milliseconds
[2025-11-19 11:36:57.536] [2080] [HailoRT] [info] [infer_model.cpp:436] [configure] Configuring network group 'yolov11n' with params: batch size: 2, power mode: PERFORMANCE, latency: NONE
[2025-11-19 11:36:57.542] [2080] [HailoRT] [info] [multi_io_elements.cpp:756] [create] Created (AsyncHwEl)
[2025-11-19 11:36:57.542] [2080] [HailoRT] [info] [queue_elements.cpp:450] [create] Created (EntryPushQEl0yolov11n/input_layer1 | timeout: 10s)
[2025-11-19 11:36:57.543] [2080] [HailoRT] [info] [filter_elements.cpp:101] [create] Created (PreInferEl3yolov11n/input_layer1 | Reorder - src_order: RGB4, src_shape: (640, 640, 3), dst_order: NHCW, dst_shape: (640, 640, 3))
[2025-11-19 11:36:57.543] [2080] [HailoRT] [info] [queue_elements.cpp:450] [create] Created (PushQEl3yolov11n/input_layer1 | timeout: 10s)
[2025-11-19 11:36:57.543] [2080] [HailoRT] [info] [multi_io_elements.cpp:135] [create] Created (NmsPPMuxEl0YOLOV8-Post-Process | Op YOLOV8, Name: YOLOV8-Post-Process, Score threshold: 0.300, IoU threshold: 0.45, Classes: 80, Cross classes: false, NMS results order: BY_CLASS, Max bboxes per class: 100, Image height: 640, Image width: 640)
[2025-11-19 11:36:57.543] [2080] [HailoRT] [info] [queue_elements.cpp:942] [create] Created (MultiPushQEl0YOLOV8-Post-Process | timeout: 10s)
[2025-11-19 11:36:57.543] [2080] [HailoRT] [info] [edge_elements.cpp:187] [create] Created (LastAsyncEl0NmsPPMuxEl0YOLOV8-Post-Process)
[2025-11-19 11:36:57.543] [2080] [HailoRT] [info] [pipeline.cpp:891] [print_deep_description] EntryPushQEl0yolov11n/input_layer1 | inputs: user | outputs: PreInferEl3yolov11n/input_layer1(running in thread_id: 2149)
[2025-11-19 11:36:57.544] [2080] [HailoRT] [info] [pipeline.cpp:891] [print_deep_description] PreInferEl3yolov11n/input_layer1 | inputs: EntryPushQEl0yolov11n/input_layer1[0] | outputs: PushQEl3yolov11n/input_layer1
[2025-11-19 11:36:57.544] [2080] [HailoRT] [info] [pipeline.cpp:891] [print_deep_description] PushQEl3yolov11n/input_layer1 | inputs: PreInferEl3yolov11n/input_layer1[0] | outputs: AsyncHwEl(running in thread_id: 2150)
[2025-11-19 11:36:57.544] [2080] [HailoRT] [info] [pipeline.cpp:891] [print_deep_description] AsyncHwEl | inputs: PushQEl3yolov11n/input_layer1[0] | outputs: MultiPushQEl0YOLOV8-Post-Process MultiPushQEl0YOLOV8-Post-Process MultiPushQEl0YOLOV8-Post-Process MultiPushQEl0YOLOV8-Post-Process MultiPushQEl0YOLOV8-Post-Process MultiPushQEl0YOLOV8-Post-Process
[2025-11-19 11:36:57.544] [2080] [HailoRT] [info] [pipeline.cpp:891] [print_deep_description] MultiPushQEl0YOLOV8-Post-Process | inputs: AsyncHwEl[0] AsyncHwEl[1] AsyncHwEl[2] AsyncHwEl[3] AsyncHwEl[4] AsyncHwEl[5] | outputs: NmsPPMuxEl0YOLOV8-Post-Process(running in thread_id: 2151)
[2025-11-19 11:36:57.544] [2080] [HailoRT] [info] [pipeline.cpp:891] [print_deep_description] NmsPPMuxEl0YOLOV8-Post-Process | inputs: MultiPushQEl0YOLOV8-Post-Process[0] | outputs: LastAsyncEl0NmsPPMuxEl0YOLOV8-Post-Process
[2025-11-19 11:36:57.544] [2080] [HailoRT] [info] [pipeline.cpp:891] [print_deep_description] LastAsyncEl0NmsPPMuxEl0YOLOV8-Post-Process | inputs: NmsPPMuxEl0YOLOV8-Post-Process[0] | outputs: user
[2025-11-19 11:36:58.360] [2137] [HailoRT] [info] [hef.cpp:1929] [get_network_group_and_network_name] No name was given. Addressing all networks of default network_group: yolov11n
[2025-11-19 11:47:10.221] [2570] [HailoRT] [info] [device.cpp:49] [Device] OS Version: Linux 6.12.47+rpt-rpi-2712 #1 SMP PREEMPT Debian 1:6.12.47-1+rpt1~bookworm (2025-09-16) aarch64
[2025-11-19 11:47:10.223] [2570] [HailoRT] [info] [control.cpp:108] [control__parse_identify_results] firmware_version is: 4.20.0
[2025-11-19 11:47:10.224] [2570] [HailoRT] [info] [control.cpp:108] [control__parse_identify_results] firmware_version is: 4.20.0
[2025-11-19 11:47:10.274] [2579] [HailoRT] [info] [device.cpp:49] [Device] OS Version: Linux 6.12.47+rpt-rpi-2712 #1 SMP PREEMPT Debian 1:6.12.47-1+rpt1~bookworm (2025-09-16) aarch64
[2025-11-19 11:47:10.276] [2579] [HailoRT] [info] [control.cpp:108] [control__parse_identify_results] firmware_version is: 4.20.0
[2025-11-19 11:47:10.277] [2579] [HailoRT] [info] [control.cpp:108] [control__parse_identify_results] firmware_version is: 4.20.0
[2025-11-19 11:47:10.358] [2557] [HailoRT] [info] [vdevice.cpp:523] [create] Creating vdevice with params: device_count: 1, scheduling_algorithm: ROUND_ROBIN, multi_process_service: false
[2025-11-19 11:47:10.371] [2557] [HailoRT] [info] [device.cpp:49] [Device] OS Version: Linux 6.12.47+rpt-rpi-2712 #1 SMP PREEMPT Debian 1:6.12.47-1+rpt1~bookworm (2025-09-16) aarch64
[2025-11-19 11:47:10.372] [2557] [HailoRT] [info] [control.cpp:108] [control__parse_identify_results] firmware_version is: 4.20.0
[2025-11-19 11:47:10.372] [2557] [HailoRT] [info] [vdevice.cpp:651] [create] VDevice Infos: 0001:01:00.0
[2025-11-19 11:47:10.399] [2557] [HailoRT] [info] [hef.cpp:1929] [get_network_group_and_network_name] No name was given. Addressing all networks of default network_group: yolov11n
[2025-11-19 11:47:10.399] [2557] [HailoRT] [info] [hef.cpp:1929] [get_network_group_and_network_name] No name was given. Addressing all networks of default network_group: yolov11n
[2025-11-19 11:47:10.485] [2557] [HailoRT] [info] [internal_buffer_manager.cpp:204] [print_execution_results] Planned internal buffer memory: CMA memory 0, user memory 2772480. memory to edge layer usage factor is 1
[2025-11-19 11:47:10.485] [2557] [HailoRT] [info] [internal_buffer_manager.cpp:212] [print_execution_results] Default Internal buffer planner executed successfully
[2025-11-19 11:47:10.525] [2557] [HailoRT] [info] [device_internal.cpp:57] [configure] Configuring HEF took 47.273721 milliseconds
[2025-11-19 11:47:10.526] [2557] [HailoRT] [info] [vdevice.cpp:749] [configure] Configuring HEF on VDevice took 47.62661 milliseconds
[2025-11-19 11:47:10.526] [2557] [HailoRT] [info] [infer_model.cpp:436] [configure] Configuring network group 'yolov11n' with params: batch size: 2, power mode: PERFORMANCE, latency: NONE
[2025-11-19 11:47:10.526] [2557] [HailoRT] [info] [multi_io_elements.cpp:756] [create] Created (AsyncHwEl)
[2025-11-19 11:47:10.526] [2557] [HailoRT] [info] [queue_elements.cpp:450] [create] Created (EntryPushQEl0yolov11n/input_layer1 | timeout: 10s)
[2025-11-19 11:47:10.526] [2557] [HailoRT] [info] [filter_elements.cpp:101] [create] Created (PreInferEl3yolov11n/input_layer1 | Reorder - src_order: RGB4, src_shape: (640, 640, 3), dst_order: NHCW, dst_shape: (640, 640, 3))
[2025-11-19 11:47:10.526] [2557] [HailoRT] [info] [queue_elements.cpp:450] [create] Created (PushQEl3yolov11n/input_layer1 | timeout: 10s)
[2025-11-19 11:47:10.526] [2557] [HailoRT] [info] [multi_io_elements.cpp:135] [create] Created (NmsPPMuxEl0YOLOV8-Post-Process | Op YOLOV8, Name: YOLOV8-Post-Process, Score threshold: 0.300, IoU threshold: 0.45, Classes: 80, Cross classes: false, NMS results order: BY_CLASS, Max bboxes per class: 100, Image height: 640, Image width: 640)
[2025-11-19 11:47:10.527] [2557] [HailoRT] [info] [queue_elements.cpp:942] [create] Created (MultiPushQEl0YOLOV8-Post-Process | timeout: 10s)
[2025-11-19 11:47:10.527] [2557] [HailoRT] [info] [edge_elements.cpp:187] [create] Created (LastAsyncEl0NmsPPMuxEl0YOLOV8-Post-Process)
[2025-11-19 11:47:10.527] [2557] [HailoRT] [info] [pipeline.cpp:891] [print_deep_description] EntryPushQEl0yolov11n/input_layer1 | inputs: user | outputs: PreInferEl3yolov11n/input_layer1(running in thread_id: 2625)
[2025-11-19 11:47:10.527] [2557] [HailoRT] [info] [pipeline.cpp:891] [print_deep_description] PreInferEl3yolov11n/input_layer1 | inputs: EntryPushQEl0yolov11n/input_layer1[0] | outputs: PushQEl3yolov11n/input_layer1
[2025-11-19 11:47:10.527] [2557] [HailoRT] [info] [pipeline.cpp:891] [print_deep_description] PushQEl3yolov11n/input_layer1 | inputs: PreInferEl3yolov11n/input_layer1[0] | outputs: AsyncHwEl(running in thread_id: 2626)
[2025-11-19 11:47:10.527] [2557] [HailoRT] [info] [pipeline.cpp:891] [print_deep_description] AsyncHwEl | inputs: PushQEl3yolov11n/input_layer1[0] | outputs: MultiPushQEl0YOLOV8-Post-Process MultiPushQEl0YOLOV8-Post-Process MultiPushQEl0YOLOV8-Post-Process MultiPushQEl0YOLOV8-Post-Process MultiPushQEl0YOLOV8-Post-Process MultiPushQEl0YOLOV8-Post-Process
[2025-11-19 11:47:10.527] [2557] [HailoRT] [info] [pipeline.cpp:891] [print_deep_description] MultiPushQEl0YOLOV8-Post-Process | inputs: AsyncHwEl[0] AsyncHwEl[1] AsyncHwEl[2] AsyncHwEl[3] AsyncHwEl[4] AsyncHwEl[5] | outputs: NmsPPMuxEl0YOLOV8-Post-Process(running in thread_id: 2627)
[2025-11-19 11:47:10.527] [2557] [HailoRT] [info] [pipeline.cpp:891] [print_deep_description] NmsPPMuxEl0YOLOV8-Post-Process | inputs: MultiPushQEl0YOLOV8-Post-Process[0] | outputs: LastAsyncEl0NmsPPMuxEl0YOLOV8-Post-Process
[2025-11-19 11:47:10.527] [2557] [HailoRT] [info] [pipeline.cpp:891] [print_deep_description] LastAsyncEl0NmsPPMuxEl0YOLOV8-Post-Process | inputs: NmsPPMuxEl0YOLOV8-Post-Process[0] | outputs: user
[2025-11-19 11:47:11.353] [2614] [HailoRT] [info] [hef.cpp:1929] [get_network_group_and_network_name] No name was given. Addressing all networks of default network_group: yolov11n
[2025-11-19 11:55:56.999] [2019] [HailoRT] [info] [device.cpp:49] [Device] OS Version: Linux 6.12.47+rpt-rpi-2712 #1 SMP PREEMPT Debian 1:6.12.47-1+rpt1~bookworm (2025-09-16) aarch64
[2025-11-19 11:55:57.002] [2019] [HailoRT] [info] [control.cpp:108] [control__parse_identify_results] firmware_version is: 4.20.0
[2025-11-19 11:55:57.004] [2019] [HailoRT] [info] [control.cpp:108] [control__parse_identify_results] firmware_version is: 4.20.0
[2025-11-19 11:55:57.116] [2030] [HailoRT] [info] [device.cpp:49] [Device] OS Version: Linux 6.12.47+rpt-rpi-2712 #1 SMP PREEMPT Debian 1:6.12.47-1+rpt1~bookworm (2025-09-16) aarch64
[2025-11-19 11:55:57.119] [2030] [HailoRT] [info] [control.cpp:108] [control__parse_identify_results] firmware_version is: 4.20.0
[2025-11-19 11:55:57.121] [2030] [HailoRT] [info] [control.cpp:108] [control__parse_identify_results] firmware_version is: 4.20.0
[2025-11-19 11:55:57.502] [2006] [HailoRT] [info] [vdevice.cpp:523] [create] Creating vdevice with params: device_count: 1, scheduling_algorithm: ROUND_ROBIN, multi_process_service: false
[2025-11-19 11:55:57.524] [2006] [HailoRT] [info] [device.cpp:49] [Device] OS Version: Linux 6.12.47+rpt-rpi-2712 #1 SMP PREEMPT Debian 1:6.12.47-1+rpt1~bookworm (2025-09-16) aarch64
[2025-11-19 11:55:57.526] [2006] [HailoRT] [info] [control.cpp:108] [control__parse_identify_results] firmware_version is: 4.20.0
[2025-11-19 11:55:57.527] [2006] [HailoRT] [info] [vdevice.cpp:651] [create] VDevice Infos: 0001:01:00.0
[2025-11-19 11:55:57.644] [2006] [HailoRT] [info] [hef.cpp:1929] [get_network_group_and_network_name] No name was given. Addressing all networks of default network_group: yolov11n
[2025-11-19 11:55:57.644] [2006] [HailoRT] [info] [hef.cpp:1929] [get_network_group_and_network_name] No name was given. Addressing all networks of default network_group: yolov11n
[2025-11-19 11:55:57.732] [2006] [HailoRT] [info] [internal_buffer_manager.cpp:204] [print_execution_results] Planned internal buffer memory: CMA memory 0, user memory 2772480. memory to edge layer usage factor is 1
[2025-11-19 11:55:57.732] [2006] [HailoRT] [info] [internal_buffer_manager.cpp:212] [print_execution_results] Default Internal buffer planner executed successfully
[2025-11-19 11:55:57.765] [2006] [HailoRT] [info] [device_internal.cpp:57] [configure] Configuring HEF took 40.285163 milliseconds
[2025-11-19 11:55:57.766] [2006] [HailoRT] [info] [vdevice.cpp:749] [configure] Configuring HEF on VDevice took 42.483067 milliseconds
[2025-11-19 11:55:57.767] [2006] [HailoRT] [info] [infer_model.cpp:436] [configure] Configuring network group 'yolov11n' with params: batch size: 2, power mode: PERFORMANCE, latency: NONE
[2025-11-19 11:55:57.770] [2006] [HailoRT] [info] [multi_io_elements.cpp:756] [create] Created (AsyncHwEl)
[2025-11-19 11:55:57.771] [2006] [HailoRT] [info] [queue_elements.cpp:450] [create] Created (EntryPushQEl0yolov11n/input_layer1 | timeout: 10s)
[2025-11-19 11:55:57.771] [2006] [HailoRT] [info] [filter_elements.cpp:101] [create] Created (PreInferEl3yolov11n/input_layer1 | Reorder - src_order: RGB4, src_shape: (640, 640, 3), dst_order: NHCW, dst_shape: (640, 640, 3))
[2025-11-19 11:55:57.772] [2006] [HailoRT] [info] [queue_elements.cpp:450] [create] Created (PushQEl3yolov11n/input_layer1 | timeout: 10s)
[2025-11-19 11:55:57.772] [2006] [HailoRT] [info] [multi_io_elements.cpp:135] [create] Created (NmsPPMuxEl0YOLOV8-Post-Process | Op YOLOV8, Name: YOLOV8-Post-Process, Score threshold: 0.300, IoU threshold: 0.45, Classes: 80, Cross classes: false, NMS results order: BY_CLASS, Max bboxes per class: 100, Image height: 640, Image width: 640)
[2025-11-19 11:55:57.773] [2006] [HailoRT] [info] [queue_elements.cpp:942] [create] Created (MultiPushQEl0YOLOV8-Post-Process | timeout: 10s)
[2025-11-19 11:55:57.773] [2006] [HailoRT] [info] [edge_elements.cpp:187] [create] Created (LastAsyncEl0NmsPPMuxEl0YOLOV8-Post-Process)
[2025-11-19 11:55:57.773] [2006] [HailoRT] [info] [pipeline.cpp:891] [print_deep_description] EntryPushQEl0yolov11n/input_layer1 | inputs: user | outputs: PreInferEl3yolov11n/input_layer1(running in thread_id: 2077)
[2025-11-19 11:55:57.774] [2006] [HailoRT] [info] [pipeline.cpp:891] [print_deep_description] PreInferEl3yolov11n/input_layer1 | inputs: EntryPushQEl0yolov11n/input_layer1[0] | outputs: PushQEl3yolov11n/input_layer1
[2025-11-19 11:55:57.774] [2006] [HailoRT] [info] [pipeline.cpp:891] [print_deep_description] PushQEl3yolov11n/input_layer1 | inputs: PreInferEl3yolov11n/input_layer1[0] | outputs: AsyncHwEl(running in thread_id: 2078)
[2025-11-19 11:55:57.774] [2006] [HailoRT] [info] [pipeline.cpp:891] [print_deep_description] AsyncHwEl | inputs: PushQEl3yolov11n/input_layer1[0] | outputs: MultiPushQEl0YOLOV8-Post-Process MultiPushQEl0YOLOV8-Post-Process MultiPushQEl0YOLOV8-Post-Process MultiPushQEl0YOLOV8-Post-Process MultiPushQEl0YOLOV8-Post-Process MultiPushQEl0YOLOV8-Post-Process
[2025-11-19 11:55:57.774] [2006] [HailoRT] [info] [pipeline.cpp:891] [print_deep_description] MultiPushQEl0YOLOV8-Post-Process | inputs: AsyncHwEl[0] AsyncHwEl[1] AsyncHwEl[2] AsyncHwEl[3] AsyncHwEl[4] AsyncHwEl[5] | outputs: NmsPPMuxEl0YOLOV8-Post-Process(running in thread_id: 2079)
[2025-11-19 11:55:57.774] [2006] [HailoRT] [info] [pipeline.cpp:891] [print_deep_description] NmsPPMuxEl0YOLOV8-Post-Process | inputs: MultiPushQEl0YOLOV8-Post-Process[0] | outputs: LastAsyncEl0NmsPPMuxEl0YOLOV8-Post-Process
[2025-11-19 11:55:57.774] [2006] [HailoRT] [info] [pipeline.cpp:891] [print_deep_description] LastAsyncEl0NmsPPMuxEl0YOLOV8-Post-Process | inputs: NmsPPMuxEl0YOLOV8-Post-Process[0] | outputs: user
[2025-11-19 11:55:58.580] [2067] [HailoRT] [info] [hef.cpp:1929] [get_network_group_and_network_name] No name was given. Addressing all networks of default network_group: yolov11n
[2025-11-19 11:57:57.006] [2284] [HailoRT] [info] [device.cpp:49] [Device] OS Version: Linux 6.12.47+rpt-rpi-2712 #1 SMP PREEMPT Debian 1:6.12.47-1+rpt1~bookworm (2025-09-16) aarch64
[2025-11-19 11:57:57.008] [2284] [HailoRT] [info] [control.cpp:108] [control__parse_identify_results] firmware_version is: 4.20.0
[2025-11-19 11:57:57.011] [2284] [HailoRT] [info] [control.cpp:108] [control__parse_identify_results] firmware_version is: 4.20.0
[2025-11-19 11:57:57.035] [2292] [HailoRT] [info] [device.cpp:49] [Device] OS Version: Linux 6.12.47+rpt-rpi-2712 #1 SMP PREEMPT Debian 1:6.12.47-1+rpt1~bookworm (2025-09-16) aarch64
[2025-11-19 11:57:57.038] [2292] [HailoRT] [info] [control.cpp:108] [control__parse_identify_results] firmware_version is: 4.20.0
[2025-11-19 11:57:57.039] [2292] [HailoRT] [info] [control.cpp:108] [control__parse_identify_results] firmware_version is: 4.20.0
[2025-11-19 11:57:57.130] [2271] [HailoRT] [info] [vdevice.cpp:523] [create] Creating vdevice with params: device_count: 1, scheduling_algorithm: ROUND_ROBIN, multi_process_service: false
[2025-11-19 11:57:57.130] [2271] [HailoRT] [info] [device.cpp:49] [Device] OS Version: Linux 6.12.47+rpt-rpi-2712 #1 SMP PREEMPT Debian 1:6.12.47-1+rpt1~bookworm (2025-09-16) aarch64
[2025-11-19 11:57:57.132] [2271] [HailoRT] [info] [control.cpp:108] [control__parse_identify_results] firmware_version is: 4.20.0
[2025-11-19 11:57:57.156] [2271] [HailoRT] [error] [vdevice.cpp:820] [create_devices] CHECK failed - Failed to create vdevice. there are not enough free devices. requested: 1, found: 0
[2025-11-19 11:57:57.156] [2271] [HailoRT] [error] [vdevice.cpp:631] [create] CHECK_SUCCESS failed with status=HAILO_OUT_OF_PHYSICAL_DEVICES(74)
[2025-11-19 11:57:57.156] [2271] [HailoRT] [error] [shared_resource_manager.hpp:81] [register_resource] CHECK_SUCCESS failed with status=HAILO_OUT_OF_PHYSICAL_DEVICES(74)
[2025-11-19 11:57:57.156] [2271] [HailoRT] [error] [vdevice.cpp:132] [create] CHECK_SUCCESS failed with status=HAILO_OUT_OF_PHYSICAL_DEVICES(74)
[2025-11-19 11:57:57.156] [2271] [HailoRT] [error] [vdevice.cpp:554] [create] CHECK_SUCCESS failed with status=HAILO_OUT_OF_PHYSICAL_DEVICES(74)
[2025-11-19 12:04:28.215] [2019] [HailoRT] [info] [device.cpp:49] [Device] OS Version: Linux 6.12.47+rpt-rpi-2712 #1 SMP PREEMPT Debian 1:6.12.47-1+rpt1~bookworm (2025-09-16) aarch64
[2025-11-19 12:04:28.217] [2019] [HailoRT] [info] [control.cpp:108] [control__parse_identify_results] firmware_version is: 4.20.0
[2025-11-19 12:04:28.218] [2019] [HailoRT] [info] [control.cpp:108] [control__parse_identify_results] firmware_version is: 4.20.0
[2025-11-19 12:04:28.288] [2027] [HailoRT] [info] [device.cpp:49] [Device] OS Version: Linux 6.12.47+rpt-rpi-2712 #1 SMP PREEMPT Debian 1:6.12.47-1+rpt1~bookworm (2025-09-16) aarch64
[2025-11-19 12:04:28.289] [2027] [HailoRT] [info] [control.cpp:108] [control__parse_identify_results] firmware_version is: 4.20.0
[2025-11-19 12:04:28.290] [2027] [HailoRT] [info] [control.cpp:108] [control__parse_identify_results] firmware_version is: 4.20.0
[2025-11-19 12:04:28.639] [2006] [HailoRT] [info] [vdevice.cpp:523] [create] Creating vdevice with params: device_count: 1, scheduling_algorithm: ROUND_ROBIN, multi_process_service: false
[2025-11-19 12:04:28.663] [2006] [HailoRT] [info] [device.cpp:49] [Device] OS Version: Linux 6.12.47+rpt-rpi-2712 #1 SMP PREEMPT Debian 1:6.12.47-1+rpt1~bookworm (2025-09-16) aarch64
[2025-11-19 12:04:28.664] [2006] [HailoRT] [info] [control.cpp:108] [control__parse_identify_results] firmware_version is: 4.20.0
[2025-11-19 12:04:28.666] [2006] [HailoRT] [info] [vdevice.cpp:651] [create] VDevice Infos: 0001:01:00.0
[2025-11-19 12:04:28.784] [2006] [HailoRT] [info] [hef.cpp:1929] [get_network_group_and_network_name] No name was given. Addressing all networks of default network_group: yolov11n
[2025-11-19 12:04:28.784] [2006] [HailoRT] [info] [hef.cpp:1929] [get_network_group_and_network_name] No name was given. Addressing all networks of default network_group: yolov11n
[2025-11-19 12:04:28.900] [2006] [HailoRT] [info] [internal_buffer_manager.cpp:204] [print_execution_results] Planned internal buffer memory: CMA memory 0, user memory 2772480. memory to edge layer usage factor is 1
[2025-11-19 12:04:28.900] [2006] [HailoRT] [info] [internal_buffer_manager.cpp:212] [print_execution_results] Default Internal buffer planner executed successfully
[2025-11-19 12:04:28.920] [2006] [HailoRT] [info] [device_internal.cpp:57] [configure] Configuring HEF took 29.853881 milliseconds
[2025-11-19 12:04:28.920] [2006] [HailoRT] [info] [vdevice.cpp:749] [configure] Configuring HEF on VDevice took 30.614322 milliseconds
[2025-11-19 12:04:28.920] [2006] [HailoRT] [info] [infer_model.cpp:436] [configure] Configuring network group 'yolov11n' with params: batch size: 2, power mode: PERFORMANCE, latency: NONE
[2025-11-19 12:04:28.925] [2006] [HailoRT] [info] [multi_io_elements.cpp:756] [create] Created (AsyncHwEl)
[2025-11-19 12:04:28.926] [2006] [HailoRT] [info] [queue_elements.cpp:450] [create] Created (EntryPushQEl0yolov11n/input_layer1 | timeout: 10s)
[2025-11-19 12:04:28.926] [2006] [HailoRT] [info] [filter_elements.cpp:101] [create] Created (PreInferEl3yolov11n/input_layer1 | Reorder - src_order: RGB4, src_shape: (640, 640, 3), dst_order: NHCW, dst_shape: (640, 640, 3))
[2025-11-19 12:04:28.926] [2006] [HailoRT] [info] [queue_elements.cpp:450] [create] Created (PushQEl3yolov11n/input_layer1 | timeout: 10s)
[2025-11-19 12:04:28.926] [2006] [HailoRT] [info] [multi_io_elements.cpp:135] [create] Created (NmsPPMuxEl0YOLOV8-Post-Process | Op YOLOV8, Name: YOLOV8-Post-Process, Score threshold: 0.300, IoU threshold: 0.45, Classes: 80, Cross classes: false, NMS results order: BY_CLASS, Max bboxes per class: 100, Image height: 640, Image width: 640)
[2025-11-19 12:04:28.927] [2006] [HailoRT] [info] [queue_elements.cpp:942] [create] Created (MultiPushQEl0YOLOV8-Post-Process | timeout: 10s)
[2025-11-19 12:04:28.927] [2006] [HailoRT] [info] [edge_elements.cpp:187] [create] Created (LastAsyncEl0NmsPPMuxEl0YOLOV8-Post-Process)
[2025-11-19 12:04:28.927] [2006] [HailoRT] [info] [pipeline.cpp:891] [print_deep_description] EntryPushQEl0yolov11n/input_layer1 | inputs: user | outputs: PreInferEl3yolov11n/input_layer1(running in thread_id: 2074)
[2025-11-19 12:04:28.928] [2006] [HailoRT] [info] [pipeline.cpp:891] [print_deep_description] PreInferEl3yolov11n/input_layer1 | inputs: EntryPushQEl0yolov11n/input_layer1[0] | outputs: PushQEl3yolov11n/input_layer1
[2025-11-19 12:04:28.928] [2006] [HailoRT] [info] [pipeline.cpp:891] [print_deep_description] PushQEl3yolov11n/input_layer1 | inputs: PreInferEl3yolov11n/input_layer1[0] | outputs: AsyncHwEl(running in thread_id: 2075)
[2025-11-19 12:04:28.928] [2006] [HailoRT] [info] [pipeline.cpp:891] [print_deep_description] AsyncHwEl | inputs: PushQEl3yolov11n/input_layer1[0] | outputs: MultiPushQEl0YOLOV8-Post-Process MultiPushQEl0YOLOV8-Post-Process MultiPushQEl0YOLOV8-Post-Process MultiPushQEl0YOLOV8-Post-Process MultiPushQEl0YOLOV8-Post-Process MultiPushQEl0YOLOV8-Post-Process
[2025-11-19 12:04:28.928] [2006] [HailoRT] [info] [pipeline.cpp:891] [print_deep_description] MultiPushQEl0YOLOV8-Post-Process | inputs: AsyncHwEl[0] AsyncHwEl[1] AsyncHwEl[2] AsyncHwEl[3] AsyncHwEl[4] AsyncHwEl[5] | outputs: NmsPPMuxEl0YOLOV8-Post-Process(running in thread_id: 2076)
[2025-11-19 12:04:28.928] [2006] [HailoRT] [info] [pipeline.cpp:891] [print_deep_description] NmsPPMuxEl0YOLOV8-Post-Process | inputs: MultiPushQEl0YOLOV8-Post-Process[0] | outputs: LastAsyncEl0NmsPPMuxEl0YOLOV8-Post-Process
[2025-11-19 12:04:28.928] [2006] [HailoRT] [info] [pipeline.cpp:891] [print_deep_description] LastAsyncEl0NmsPPMuxEl0YOLOV8-Post-Process | inputs: NmsPPMuxEl0YOLOV8-Post-Process[0] | outputs: user
[2025-11-19 12:04:29.703] [2065] [HailoRT] [info] [hef.cpp:1929] [get_network_group_and_network_name] No name was given. Addressing all networks of default network_group: yolov11n
[2025-11-19 12:22:13.260] [2087] [HailoRT] [info] [device.cpp:49] [Device] OS Version: Linux 6.12.47+rpt-rpi-2712 #1 SMP PREEMPT Debian 1:6.12.47-1+rpt1~bookworm (2025-09-16) aarch64
[2025-11-19 12:22:13.262] [2087] [HailoRT] [info] [control.cpp:108] [control__parse_identify_results] firmware_version is: 4.20.0
[2025-11-19 12:22:13.263] [2087] [HailoRT] [info] [control.cpp:108] [control__parse_identify_results] firmware_version is: 4.20.0
[2025-11-19 12:22:13.321] [2095] [HailoRT] [info] [device.cpp:49] [Device] OS Version: Linux 6.12.47+rpt-rpi-2712 #1 SMP PREEMPT Debian 1:6.12.47-1+rpt1~bookworm (2025-09-16) aarch64
[2025-11-19 12:22:13.322] [2095] [HailoRT] [info] [control.cpp:108] [control__parse_identify_results] firmware_version is: 4.20.0
[2025-11-19 12:22:13.323] [2095] [HailoRT] [info] [control.cpp:108] [control__parse_identify_results] firmware_version is: 4.20.0
[2025-11-19 12:22:13.690] [2064] [HailoRT] [info] [vdevice.cpp:523] [create] Creating vdevice with params: device_count: 1, scheduling_algorithm: ROUND_ROBIN, multi_process_service: false
[2025-11-19 12:22:13.713] [2064] [HailoRT] [info] [device.cpp:49] [Device] OS Version: Linux 6.12.47+rpt-rpi-2712 #1 SMP PREEMPT Debian 1:6.12.47-1+rpt1~bookworm (2025-09-16) aarch64
[2025-11-19 12:22:13.714] [2064] [HailoRT] [info] [control.cpp:108] [control__parse_identify_results] firmware_version is: 4.20.0
[2025-11-19 12:22:13.716] [2064] [HailoRT] [info] [vdevice.cpp:651] [create] VDevice Infos: 0001:01:00.0
[2025-11-19 12:22:13.833] [2064] [HailoRT] [info] [hef.cpp:1929] [get_network_group_and_network_name] No name was given. Addressing all networks of default network_group: yolov11n
[2025-11-19 12:22:13.833] [2064] [HailoRT] [info] [hef.cpp:1929] [get_network_group_and_network_name] No name was given. Addressing all networks of default network_group: yolov11n
[2025-11-19 12:22:13.973] [2064] [HailoRT] [info] [internal_buffer_manager.cpp:204] [print_execution_results] Planned internal buffer memory: CMA memory 0, user memory 2772480. memory to edge layer usage factor is 1
[2025-11-19 12:22:13.973] [2064] [HailoRT] [info] [internal_buffer_manager.cpp:212] [print_execution_results] Default Internal buffer planner executed successfully
[2025-11-19 12:22:13.992] [2064] [HailoRT] [info] [device_internal.cpp:57] [configure] Configuring HEF took 32.799287 milliseconds
[2025-11-19 12:22:13.992] [2064] [HailoRT] [info] [vdevice.cpp:749] [configure] Configuring HEF on VDevice took 33.540897 milliseconds
[2025-11-19 12:22:13.992] [2064] [HailoRT] [info] [infer_model.cpp:436] [configure] Configuring network group 'yolov11n' with params: batch size: 2, power mode: PERFORMANCE, latency: NONE
[2025-11-19 12:22:13.997] [2064] [HailoRT] [info] [multi_io_elements.cpp:756] [create] Created (AsyncHwEl)
[2025-11-19 12:22:13.997] [2064] [HailoRT] [info] [queue_elements.cpp:450] [create] Created (EntryPushQEl0yolov11n/input_layer1 | timeout: 10s)
[2025-11-19 12:22:13.997] [2064] [HailoRT] [info] [filter_elements.cpp:101] [create] Created (PreInferEl3yolov11n/input_layer1 | Reorder - src_order: RGB4, src_shape: (640, 640, 3), dst_order: NHCW, dst_shape: (640, 640, 3))
[2025-11-19 12:22:13.997] [2064] [HailoRT] [info] [queue_elements.cpp:450] [create] Created (PushQEl3yolov11n/input_layer1 | timeout: 10s)
[2025-11-19 12:22:13.997] [2064] [HailoRT] [info] [multi_io_elements.cpp:135] [create] Created (NmsPPMuxEl0YOLOV8-Post-Process | Op YOLOV8, Name: YOLOV8-Post-Process, Score threshold: 0.300, IoU threshold: 0.45, Classes: 80, Cross classes: false, NMS results order: BY_CLASS, Max bboxes per class: 100, Image height: 640, Image width: 640)
[2025-11-19 12:22:13.998] [2064] [HailoRT] [info] [queue_elements.cpp:942] [create] Created (MultiPushQEl0YOLOV8-Post-Process | timeout: 10s)
[2025-11-19 12:22:13.998] [2064] [HailoRT] [info] [edge_elements.cpp:187] [create] Created (LastAsyncEl0NmsPPMuxEl0YOLOV8-Post-Process)
[2025-11-19 12:22:13.998] [2064] [HailoRT] [info] [pipeline.cpp:891] [print_deep_description] EntryPushQEl0yolov11n/input_layer1 | inputs: user | outputs: PreInferEl3yolov11n/input_layer1(running in thread_id: 2144)
[2025-11-19 12:22:13.998] [2064] [HailoRT] [info] [pipeline.cpp:891] [print_deep_description] PreInferEl3yolov11n/input_layer1 | inputs: EntryPushQEl0yolov11n/input_layer1[0] | outputs: PushQEl3yolov11n/input_layer1
[2025-11-19 12:22:13.998] [2064] [HailoRT] [info] [pipeline.cpp:891] [print_deep_description] PushQEl3yolov11n/input_layer1 | inputs: PreInferEl3yolov11n/input_layer1[0] | outputs: AsyncHwEl(running in thread_id: 2145)
[2025-11-19 12:22:13.998] [2064] [HailoRT] [info] [pipeline.cpp:891] [print_deep_description] AsyncHwEl | inputs: PushQEl3yolov11n/input_layer1[0] | outputs: MultiPushQEl0YOLOV8-Post-Process MultiPushQEl0YOLOV8-Post-Process MultiPushQEl0YOLOV8-Post-Process MultiPushQEl0YOLOV8-Post-Process MultiPushQEl0YOLOV8-Post-Process MultiPushQEl0YOLOV8-Post-Process
[2025-11-19 12:22:13.999] [2064] [HailoRT] [info] [pipeline.cpp:891] [print_deep_description] MultiPushQEl0YOLOV8-Post-Process | inputs: AsyncHwEl[0] AsyncHwEl[1] AsyncHwEl[2] AsyncHwEl[3] AsyncHwEl[4] AsyncHwEl[5] | outputs: NmsPPMuxEl0YOLOV8-Post-Process(running in thread_id: 2146)
[2025-11-19 12:22:13.999] [2064] [HailoRT] [info] [pipeline.cpp:891] [print_deep_description] NmsPPMuxEl0YOLOV8-Post-Process | inputs: MultiPushQEl0YOLOV8-Post-Process[0] | outputs: LastAsyncEl0NmsPPMuxEl0YOLOV8-Post-Process
[2025-11-19 12:22:13.999] [2064] [HailoRT] [info] [pipeline.cpp:891] [print_deep_description] LastAsyncEl0NmsPPMuxEl0YOLOV8-Post-Process | inputs: NmsPPMuxEl0YOLOV8-Post-Process[0] | outputs: user
[2025-11-19 12:22:14.754] [2135] [HailoRT] [info] [hef.cpp:1929] [get_network_group_and_network_name] No name was given. Addressing all networks of default network_group: yolov11n
[2025-11-19 12:32:25.038] [2320] [HailoRT] [info] [device.cpp:49] [Device] OS Version: Linux 6.12.47+rpt-rpi-2712 #1 SMP PREEMPT Debian 1:6.12.47-1+rpt1~bookworm (2025-09-16) aarch64
[2025-11-19 12:32:25.040] [2320] [HailoRT] [info] [control.cpp:108] [control__parse_identify_results] firmware_version is: 4.20.0
[2025-11-19 12:32:25.041] [2320] [HailoRT] [info] [control.cpp:108] [control__parse_identify_results] firmware_version is: 4.20.0
[2025-11-19 12:32:25.081] [2328] [HailoRT] [info] [device.cpp:49] [Device] OS Version: Linux 6.12.47+rpt-rpi-2712 #1 SMP PREEMPT Debian 1:6.12.47-1+rpt1~bookworm (2025-09-16) aarch64
[2025-11-19 12:32:25.083] [2328] [HailoRT] [info] [control.cpp:108] [control__parse_identify_results] firmware_version is: 4.20.0
[2025-11-19 12:32:25.084] [2328] [HailoRT] [info] [control.cpp:108] [control__parse_identify_results] firmware_version is: 4.20.0
[2025-11-19 12:32:25.155] [2307] [HailoRT] [info] [vdevice.cpp:523] [create] Creating vdevice with params: device_count: 1, scheduling_algorithm: ROUND_ROBIN, multi_process_service: false
[2025-11-19 12:32:25.165] [2307] [HailoRT] [info] [device.cpp:49] [Device] OS Version: Linux 6.12.47+rpt-rpi-2712 #1 SMP PREEMPT Debian 1:6.12.47-1+rpt1~bookworm (2025-09-16) aarch64
[2025-11-19 12:32:25.166] [2307] [HailoRT] [info] [control.cpp:108] [control__parse_identify_results] firmware_version is: 4.20.0
[2025-11-19 12:32:25.166] [2307] [HailoRT] [info] [vdevice.cpp:651] [create] VDevice Infos: 0001:01:00.0
[2025-11-19 12:32:25.193] [2307] [HailoRT] [info] [hef.cpp:1929] [get_network_group_and_network_name] No name was given. Addressing all networks of default network_group: yolov11n
[2025-11-19 12:32:25.193] [2307] [HailoRT] [info] [hef.cpp:1929] [get_network_group_and_network_name] No name was given. Addressing all networks of default network_group: yolov11n
[2025-11-19 12:32:25.241] [2307] [HailoRT] [info] [internal_buffer_manager.cpp:204] [print_execution_results] Planned internal buffer memory: CMA memory 0, user memory 2772480. memory to edge layer usage factor is 1
[2025-11-19 12:32:25.241] [2307] [HailoRT] [info] [internal_buffer_manager.cpp:212] [print_execution_results] Default Internal buffer planner executed successfully
[2025-11-19 12:32:25.320] [2307] [HailoRT] [info] [device_internal.cpp:57] [configure] Configuring HEF took 86.664363 milliseconds
[2025-11-19 12:32:25.321] [2307] [HailoRT] [info] [vdevice.cpp:749] [configure] Configuring HEF on VDevice took 87.030532 milliseconds
[2025-11-19 12:32:25.321] [2307] [HailoRT] [info] [infer_model.cpp:436] [configure] Configuring network group 'yolov11n' with params: batch size: 2, power mode: PERFORMANCE, latency: NONE
[2025-11-19 12:32:25.321] [2307] [HailoRT] [info] [multi_io_elements.cpp:756] [create] Created (AsyncHwEl)
[2025-11-19 12:32:25.321] [2307] [HailoRT] [info] [queue_elements.cpp:450] [create] Created (EntryPushQEl0yolov11n/input_layer1 | timeout: 10s)
[2025-11-19 12:32:25.321] [2307] [HailoRT] [info] [filter_elements.cpp:101] [create] Created (PreInferEl3yolov11n/input_layer1 | Reorder - src_order: RGB4, src_shape: (640, 640, 3), dst_order: NHCW, dst_shape: (640, 640, 3))
[2025-11-19 12:32:25.321] [2307] [HailoRT] [info] [queue_elements.cpp:450] [create] Created (PushQEl3yolov11n/input_layer1 | timeout: 10s)
[2025-11-19 12:32:25.321] [2307] [HailoRT] [info] [multi_io_elements.cpp:135] [create] Created (NmsPPMuxEl0YOLOV8-Post-Process | Op YOLOV8, Name: YOLOV8-Post-Process, Score threshold: 0.300, IoU threshold: 0.45, Classes: 80, Cross classes: false, NMS results order: BY_CLASS, Max bboxes per class: 100, Image height: 640, Image width: 640)
[2025-11-19 12:32:25.321] [2307] [HailoRT] [info] [queue_elements.cpp:942] [create] Created (MultiPushQEl0YOLOV8-Post-Process | timeout: 10s)
[2025-11-19 12:32:25.321] [2307] [HailoRT] [info] [edge_elements.cpp:187] [create] Created (LastAsyncEl0NmsPPMuxEl0YOLOV8-Post-Process)
[2025-11-19 12:32:25.321] [2307] [HailoRT] [info] [pipeline.cpp:891] [print_deep_description] EntryPushQEl0yolov11n/input_layer1 | inputs: user | outputs: PreInferEl3yolov11n/input_layer1(running in thread_id: 2374)
[2025-11-19 12:32:25.321] [2307] [HailoRT] [info] [pipeline.cpp:891] [print_deep_description] PreInferEl3yolov11n/input_layer1 | inputs: EntryPushQEl0yolov11n/input_layer1[0] | outputs: PushQEl3yolov11n/input_layer1
[2025-11-19 12:32:25.321] [2307] [HailoRT] [info] [pipeline.cpp:891] [print_deep_description] PushQEl3yolov11n/input_layer1 | inputs: PreInferEl3yolov11n/input_layer1[0] | outputs: AsyncHwEl(running in thread_id: 2375)
[2025-11-19 12:32:25.321] [2307] [HailoRT] [info] [pipeline.cpp:891] [print_deep_description] AsyncHwEl | inputs: PushQEl3yolov11n/input_layer1[0] | outputs: MultiPushQEl0YOLOV8-Post-Process MultiPushQEl0YOLOV8-Post-Process MultiPushQEl0YOLOV8-Post-Process MultiPushQEl0YOLOV8-Post-Process MultiPushQEl0YOLOV8-Post-Process MultiPushQEl0YOLOV8-Post-Process
[2025-11-19 12:32:25.321] [2307] [HailoRT] [info] [pipeline.cpp:891] [print_deep_description] MultiPushQEl0YOLOV8-Post-Process | inputs: AsyncHwEl[0] AsyncHwEl[1] AsyncHwEl[2] AsyncHwEl[3] AsyncHwEl[4] AsyncHwEl[5] | outputs: NmsPPMuxEl0YOLOV8-Post-Process(running in thread_id: 2376)
[2025-11-19 12:32:25.321] [2307] [HailoRT] [info] [pipeline.cpp:891] [print_deep_description] NmsPPMuxEl0YOLOV8-Post-Process | inputs: MultiPushQEl0YOLOV8-Post-Process[0] | outputs: LastAsyncEl0NmsPPMuxEl0YOLOV8-Post-Process
[2025-11-19 12:32:25.321] [2307] [HailoRT] [info] [pipeline.cpp:891] [print_deep_description] LastAsyncEl0NmsPPMuxEl0YOLOV8-Post-Process | inputs: NmsPPMuxEl0YOLOV8-Post-Process[0] | outputs: user
[2025-11-19 12:32:26.134] [2364] [HailoRT] [info] [hef.cpp:1929] [get_network_group_and_network_name] No name was given. Addressing all networks of default network_group: yolov11n
[2025-11-19 12:33:03.090] [2472] [HailoRT] [info] [device.cpp:49] [Device] OS Version: Linux 6.12.47+rpt-rpi-2712 #1 SMP PREEMPT Debian 1:6.12.47-1+rpt1~bookworm (2025-09-16) aarch64
[2025-11-19 12:33:03.092] [2472] [HailoRT] [info] [control.cpp:108] [control__parse_identify_results] firmware_version is: 4.20.0
[2025-11-19 12:33:03.094] [2472] [HailoRT] [info] [control.cpp:108] [control__parse_identify_results] firmware_version is: 4.20.0
[2025-11-19 12:33:03.126] [2480] [HailoRT] [info] [device.cpp:49] [Device] OS Version: Linux 6.12.47+rpt-rpi-2712 #1 SMP PREEMPT Debian 1:6.12.47-1+rpt1~bookworm (2025-09-16) aarch64
[2025-11-19 12:33:03.129] [2480] [HailoRT] [info] [control.cpp:108] [control__parse_identify_results] firmware_version is: 4.20.0
[2025-11-19 12:33:03.132] [2480] [HailoRT] [info] [control.cpp:108] [control__parse_identify_results] firmware_version is: 4.20.0
[2025-11-19 12:33:03.205] [2459] [HailoRT] [info] [vdevice.cpp:523] [create] Creating vdevice with params: device_count: 1, scheduling_algorithm: ROUND_ROBIN, multi_process_service: false
[2025-11-19 12:33:03.209] [2459] [HailoRT] [info] [device.cpp:49] [Device] OS Version: Linux 6.12.47+rpt-rpi-2712 #1 SMP PREEMPT Debian 1:6.12.47-1+rpt1~bookworm (2025-09-16) aarch64
[2025-11-19 12:33:03.211] [2459] [HailoRT] [info] [control.cpp:108] [control__parse_identify_results] firmware_version is: 4.20.0
[2025-11-19 12:33:03.225] [2459] [HailoRT] [error] [vdevice.cpp:820] [create_devices] CHECK failed - Failed to create vdevice. there are not enough free devices. requested: 1, found: 0
[2025-11-19 12:33:03.225] [2459] [HailoRT] [error] [vdevice.cpp:631] [create] CHECK_SUCCESS failed with status=HAILO_OUT_OF_PHYSICAL_DEVICES(74)
[2025-11-19 12:33:03.225] [2459] [HailoRT] [error] [shared_resource_manager.hpp:81] [register_resource] CHECK_SUCCESS failed with status=HAILO_OUT_OF_PHYSICAL_DEVICES(74)
[2025-11-19 12:33:03.225] [2459] [HailoRT] [error] [vdevice.cpp:132] [create] CHECK_SUCCESS failed with status=HAILO_OUT_OF_PHYSICAL_DEVICES(74)
[2025-11-19 12:33:03.225] [2459] [HailoRT] [error] [vdevice.cpp:554] [create] CHECK_SUCCESS failed with status=HAILO_OUT_OF_PHYSICAL_DEVICES(74)
[2025-11-19 12:47:12.945] [2243] [HailoRT] [info] [device.cpp:49] [Device] OS Version: Linux 6.12.47+rpt-rpi-2712 #1 SMP PREEMPT Debian 1:6.12.47-1+rpt1~bookworm (2025-09-16) aarch64
[2025-11-19 12:47:12.949] [2243] [HailoRT] [info] [control.cpp:108] [control__parse_identify_results] firmware_version is: 4.20.0
[2025-11-19 12:47:12.951] [2243] [HailoRT] [info] [control.cpp:108] [control__parse_identify_results] firmware_version is: 4.20.0
[2025-11-19 12:47:13.037] [2251] [HailoRT] [info] [device.cpp:49] [Device] OS Version: Linux 6.12.47+rpt-rpi-2712 #1 SMP PREEMPT Debian 1:6.12.47-1+rpt1~bookworm (2025-09-16) aarch64
[2025-11-19 12:47:13.039] [2251] [HailoRT] [info] [control.cpp:108] [control__parse_identify_results] firmware_version is: 4.20.0
[2025-11-19 12:47:13.041] [2251] [HailoRT] [info] [control.cpp:108] [control__parse_identify_results] firmware_version is: 4.20.0
[2025-11-19 12:47:13.456] [2230] [HailoRT] [info] [vdevice.cpp:523] [create] Creating vdevice with params: device_count: 1, scheduling_algorithm: ROUND_ROBIN, multi_process_service: false
[2025-11-19 12:47:13.478] [2230] [HailoRT] [info] [device.cpp:49] [Device] OS Version: Linux 6.12.47+rpt-rpi-2712 #1 SMP PREEMPT Debian 1:6.12.47-1+rpt1~bookworm (2025-09-16) aarch64
[2025-11-19 12:47:13.480] [2230] [HailoRT] [info] [control.cpp:108] [control__parse_identify_results] firmware_version is: 4.20.0
[2025-11-19 12:47:13.482] [2230] [HailoRT] [info] [vdevice.cpp:651] [create] VDevice Infos: 0001:01:00.0
[2025-11-19 12:47:13.613] [2230] [HailoRT] [info] [hef.cpp:1929] [get_network_group_and_network_name] No name was given. Addressing all networks of default network_group: yolov11n
[2025-11-19 12:47:13.613] [2230] [HailoRT] [info] [hef.cpp:1929] [get_network_group_and_network_name] No name was given. Addressing all networks of default network_group: yolov11n
[2025-11-19 12:47:13.710] [2230] [HailoRT] [info] [internal_buffer_manager.cpp:204] [print_execution_results] Planned internal buffer memory: CMA memory 0, user memory 2772480. memory to edge layer usage factor is 1
[2025-11-19 12:47:13.711] [2230] [HailoRT] [info] [internal_buffer_manager.cpp:212] [print_execution_results] Default Internal buffer planner executed successfully
[2025-11-19 12:47:13.775] [2230] [HailoRT] [info] [device_internal.cpp:57] [configure] Configuring HEF took 75.382648 milliseconds
[2025-11-19 12:47:13.776] [2230] [HailoRT] [info] [vdevice.cpp:749] [configure] Configuring HEF on VDevice took 76.224324 milliseconds
[2025-11-19 12:47:13.776] [2230] [HailoRT] [info] [infer_model.cpp:436] [configure] Configuring network group 'yolov11n' with params: batch size: 2, power mode: PERFORMANCE, latency: NONE
[2025-11-19 12:47:13.780] [2230] [HailoRT] [info] [multi_io_elements.cpp:756] [create] Created (AsyncHwEl)
[2025-11-19 12:47:13.810] [2230] [HailoRT] [info] [queue_elements.cpp:450] [create] Created (EntryPushQEl0yolov11n/input_layer1 | timeout: 10s)
[2025-11-19 12:47:13.810] [2230] [HailoRT] [info] [filter_elements.cpp:101] [create] Created (PreInferEl3yolov11n/input_layer1 | Reorder - src_order: RGB4, src_shape: (640, 640, 3), dst_order: NHCW, dst_shape: (640, 640, 3))
[2025-11-19 12:47:13.814] [2230] [HailoRT] [info] [queue_elements.cpp:450] [create] Created (PushQEl3yolov11n/input_layer1 | timeout: 10s)
[2025-11-19 12:47:13.815] [2230] [HailoRT] [info] [multi_io_elements.cpp:135] [create] Created (NmsPPMuxEl0YOLOV8-Post-Process | Op YOLOV8, Name: YOLOV8-Post-Process, Score threshold: 0.300, IoU threshold: 0.45, Classes: 80, Cross classes: false, NMS results order: BY_CLASS, Max bboxes per class: 100, Image height: 640, Image width: 640)
[2025-11-19 12:47:13.816] [2230] [HailoRT] [info] [queue_elements.cpp:942] [create] Created (MultiPushQEl0YOLOV8-Post-Process | timeout: 10s)
[2025-11-19 12:47:13.816] [2230] [HailoRT] [info] [edge_elements.cpp:187] [create] Created (LastAsyncEl0NmsPPMuxEl0YOLOV8-Post-Process)
[2025-11-19 12:47:13.816] [2230] [HailoRT] [info] [pipeline.cpp:891] [print_deep_description] EntryPushQEl0yolov11n/input_layer1 | inputs: user | outputs: PreInferEl3yolov11n/input_layer1(running in thread_id: 2298)
[2025-11-19 12:47:13.819] [2230] [HailoRT] [info] [pipeline.cpp:891] [print_deep_description] PreInferEl3yolov11n/input_layer1 | inputs: EntryPushQEl0yolov11n/input_layer1[0] | outputs: PushQEl3yolov11n/input_layer1
[2025-11-19 12:47:13.819] [2230] [HailoRT] [info] [pipeline.cpp:891] [print_deep_description] PushQEl3yolov11n/input_layer1 | inputs: PreInferEl3yolov11n/input_layer1[0] | outputs: AsyncHwEl(running in thread_id: 2299)
[2025-11-19 12:47:13.819] [2230] [HailoRT] [info] [pipeline.cpp:891] [print_deep_description] AsyncHwEl | inputs: PushQEl3yolov11n/input_layer1[0] | outputs: MultiPushQEl0YOLOV8-Post-Process MultiPushQEl0YOLOV8-Post-Process MultiPushQEl0YOLOV8-Post-Process MultiPushQEl0YOLOV8-Post-Process MultiPushQEl0YOLOV8-Post-Process MultiPushQEl0YOLOV8-Post-Process
[2025-11-19 12:47:13.819] [2230] [HailoRT] [info] [pipeline.cpp:891] [print_deep_description] MultiPushQEl0YOLOV8-Post-Process | inputs: AsyncHwEl[0] AsyncHwEl[1] AsyncHwEl[2] AsyncHwEl[3] AsyncHwEl[4] AsyncHwEl[5] | outputs: NmsPPMuxEl0YOLOV8-Post-Process(running in thread_id: 2300)
[2025-11-19 12:47:13.819] [2230] [HailoRT] [info] [pipeline.cpp:891] [print_deep_description] NmsPPMuxEl0YOLOV8-Post-Process | inputs: MultiPushQEl0YOLOV8-Post-Process[0] | outputs: LastAsyncEl0NmsPPMuxEl0YOLOV8-Post-Process
[2025-11-19 12:47:13.819] [2230] [HailoRT] [info] [pipeline.cpp:891] [print_deep_description] LastAsyncEl0NmsPPMuxEl0YOLOV8-Post-Process | inputs: NmsPPMuxEl0YOLOV8-Post-Process[0] | outputs: user
[2025-11-19 12:47:14.678] [2287] [HailoRT] [info] [hef.cpp:1929] [get_network_group_and_network_name] No name was given. Addressing all networks of default network_group: yolov11n
[2025-11-19 12:50:45.822] [2343] [HailoRT] [info] [device.cpp:49] [Device] OS Version: Linux 6.12.47+rpt-rpi-2712 #1 SMP PREEMPT Debian 1:6.12.47-1+rpt1~bookworm (2025-09-16) aarch64
[2025-11-19 12:50:45.823] [2343] [HailoRT] [info] [control.cpp:108] [control__parse_identify_results] firmware_version is: 4.20.0
[2025-11-19 12:50:45.825] [2343] [HailoRT] [info] [control.cpp:108] [control__parse_identify_results] firmware_version is: 4.20.0
[2025-11-19 12:50:45.879] [2351] [HailoRT] [info] [device.cpp:49] [Device] OS Version: Linux 6.12.47+rpt-rpi-2712 #1 SMP PREEMPT Debian 1:6.12.47-1+rpt1~bookworm (2025-09-16) aarch64
[2025-11-19 12:50:45.881] [2351] [HailoRT] [info] [control.cpp:108] [control__parse_identify_results] firmware_version is: 4.20.0
[2025-11-19 12:50:45.882] [2351] [HailoRT] [info] [control.cpp:108] [control__parse_identify_results] firmware_version is: 4.20.0
[2025-11-19 12:50:45.961] [2330] [HailoRT] [info] [vdevice.cpp:523] [create] Creating vdevice with params: device_count: 1, scheduling_algorithm: ROUND_ROBIN, multi_process_service: false
[2025-11-19 12:50:45.974] [2330] [HailoRT] [info] [device.cpp:49] [Device] OS Version: Linux 6.12.47+rpt-rpi-2712 #1 SMP PREEMPT Debian 1:6.12.47-1+rpt1~bookworm (2025-09-16) aarch64
[2025-11-19 12:50:45.975] [2330] [HailoRT] [info] [control.cpp:108] [control__parse_identify_results] firmware_version is: 4.20.0
[2025-11-19 12:50:45.975] [2330] [HailoRT] [info] [vdevice.cpp:651] [create] VDevice Infos: 0001:01:00.0
[2025-11-19 12:50:46.002] [2330] [HailoRT] [info] [hef.cpp:1929] [get_network_group_and_network_name] No name was given. Addressing all networks of default network_group: yolov11n
[2025-11-19 12:50:46.002] [2330] [HailoRT] [info] [hef.cpp:1929] [get_network_group_and_network_name] No name was given. Addressing all networks of default network_group: yolov11n
[2025-11-19 12:50:46.047] [2330] [HailoRT] [info] [internal_buffer_manager.cpp:204] [print_execution_results] Planned internal buffer memory: CMA memory 0, user memory 2772480. memory to edge layer usage factor is 1
[2025-11-19 12:50:46.047] [2330] [HailoRT] [info] [internal_buffer_manager.cpp:212] [print_execution_results] Default Internal buffer planner executed successfully
[2025-11-19 12:50:46.122] [2330] [HailoRT] [info] [device_internal.cpp:57] [configure] Configuring HEF took 82.236889 milliseconds
[2025-11-19 12:50:46.122] [2330] [HailoRT] [info] [vdevice.cpp:749] [configure] Configuring HEF on VDevice took 82.624755 milliseconds
[2025-11-19 12:50:46.122] [2330] [HailoRT] [info] [infer_model.cpp:436] [configure] Configuring network group 'yolov11n' with params: batch size: 2, power mode: PERFORMANCE, latency: NONE
[2025-11-19 12:50:46.122] [2330] [HailoRT] [info] [multi_io_elements.cpp:756] [create] Created (AsyncHwEl)
[2025-11-19 12:50:46.122] [2330] [HailoRT] [info] [queue_elements.cpp:450] [create] Created (EntryPushQEl0yolov11n/input_layer1 | timeout: 10s)
[2025-11-19 12:50:46.123] [2330] [HailoRT] [info] [filter_elements.cpp:101] [create] Created (PreInferEl3yolov11n/input_layer1 | Reorder - src_order: RGB4, src_shape: (640, 640, 3), dst_order: NHCW, dst_shape: (640, 640, 3))
[2025-11-19 12:50:46.123] [2330] [HailoRT] [info] [queue_elements.cpp:450] [create] Created (PushQEl3yolov11n/input_layer1 | timeout: 10s)
[2025-11-19 12:50:46.123] [2330] [HailoRT] [info] [multi_io_elements.cpp:135] [create] Created (NmsPPMuxEl0YOLOV8-Post-Process | Op YOLOV8, Name: YOLOV8-Post-Process, Score threshold: 0.300, IoU threshold: 0.45, Classes: 80, Cross classes: false, NMS results order: BY_CLASS, Max bboxes per class: 100, Image height: 640, Image width: 640)
[2025-11-19 12:50:46.123] [2330] [HailoRT] [info] [queue_elements.cpp:942] [create] Created (MultiPushQEl0YOLOV8-Post-Process | timeout: 10s)
[2025-11-19 12:50:46.123] [2330] [HailoRT] [info] [edge_elements.cpp:187] [create] Created (LastAsyncEl0NmsPPMuxEl0YOLOV8-Post-Process)
[2025-11-19 12:50:46.123] [2330] [HailoRT] [info] [pipeline.cpp:891] [print_deep_description] EntryPushQEl0yolov11n/input_layer1 | inputs: user | outputs: PreInferEl3yolov11n/input_layer1(running in thread_id: 2398)
[2025-11-19 12:50:46.123] [2330] [HailoRT] [info] [pipeline.cpp:891] [print_deep_description] PreInferEl3yolov11n/input_layer1 | inputs: EntryPushQEl0yolov11n/input_layer1[0] | outputs: PushQEl3yolov11n/input_layer1
[2025-11-19 12:50:46.123] [2330] [HailoRT] [info] [pipeline.cpp:891] [print_deep_description] PushQEl3yolov11n/input_layer1 | inputs: PreInferEl3yolov11n/input_layer1[0] | outputs: AsyncHwEl(running in thread_id: 2399)
[2025-11-19 12:50:46.123] [2330] [HailoRT] [info] [pipeline.cpp:891] [print_deep_description] AsyncHwEl | inputs: PushQEl3yolov11n/input_layer1[0] | outputs: MultiPushQEl0YOLOV8-Post-Process MultiPushQEl0YOLOV8-Post-Process MultiPushQEl0YOLOV8-Post-Process MultiPushQEl0YOLOV8-Post-Process MultiPushQEl0YOLOV8-Post-Process MultiPushQEl0YOLOV8-Post-Process
[2025-11-19 12:50:46.123] [2330] [HailoRT] [info] [pipeline.cpp:891] [print_deep_description] MultiPushQEl0YOLOV8-Post-Process | inputs: AsyncHwEl[0] AsyncHwEl[1] AsyncHwEl[2] AsyncHwEl[3] AsyncHwEl[4] AsyncHwEl[5] | outputs: NmsPPMuxEl0YOLOV8-Post-Process(running in thread_id: 2400)
[2025-11-19 12:50:46.123] [2330] [HailoRT] [info] [pipeline.cpp:891] [print_deep_description] NmsPPMuxEl0YOLOV8-Post-Process | inputs: MultiPushQEl0YOLOV8-Post-Process[0] | outputs: LastAsyncEl0NmsPPMuxEl0YOLOV8-Post-Process
[2025-11-19 12:50:46.123] [2330] [HailoRT] [info] [pipeline.cpp:891] [print_deep_description] LastAsyncEl0NmsPPMuxEl0YOLOV8-Post-Process | inputs: NmsPPMuxEl0YOLOV8-Post-Process[0] | outputs: user
[2025-11-19 12:50:46.903] [2384] [HailoRT] [info] [hef.cpp:1929] [get_network_group_and_network_name] No name was given. Addressing all networks of default network_group: yolov11n
[2025-11-19 12:51:05.806] [2330] [HailoRT] [info] [async_infer_runner.cpp:86] [shutdown] Pipeline was aborted. Shutting it down
[2025-11-19 12:51:05.811] [2330] [HailoRT] [info] [queue_elements.cpp:1131] [execute_deactivate] enqueue() in element MultiPushQEl0YOLOV8-Post-Process was aborted, got status = HAILO_SHUTDOWN_EVENT_SIGNALED(57)
[2025-11-19 12:51:05.811] [2330] [HailoRT] [info] [queue_elements.cpp:1131] [execute_deactivate] enqueue() in element MultiPushQEl0YOLOV8-Post-Process was aborted, got status = HAILO_SHUTDOWN_EVENT_SIGNALED(57)
[2025-11-19 12:51:05.811] [2330] [HailoRT] [info] [queue_elements.cpp:1131] [execute_deactivate] enqueue() in element MultiPushQEl0YOLOV8-Post-Process was aborted, got status = HAILO_SHUTDOWN_EVENT_SIGNALED(57)
[2025-11-19 12:51:05.811] [2330] [HailoRT] [info] [queue_elements.cpp:1131] [execute_deactivate] enqueue() in element MultiPushQEl0YOLOV8-Post-Process was aborted, got status = HAILO_SHUTDOWN_EVENT_SIGNALED(57)
[2025-11-19 12:51:05.811] [2330] [HailoRT] [info] [queue_elements.cpp:1131] [execute_deactivate] enqueue() in element MultiPushQEl0YOLOV8-Post-Process was aborted, got status = HAILO_SHUTDOWN_EVENT_SIGNALED(57)
[2025-11-19 12:51:05.811] [2330] [HailoRT] [info] [queue_elements.cpp:1131] [execute_deactivate] enqueue() in element MultiPushQEl0YOLOV8-Post-Process was aborted, got status = HAILO_SHUTDOWN_EVENT_SIGNALED(57)
[2025-11-19 12:51:05.811] [2330] [HailoRT] [info] [queue_elements.cpp:570] [execute_deactivate] enqueue() in element PushQEl3yolov11n/input_layer1 was aborted, got status = HAILO_SHUTDOWN_EVENT_SIGNALED(57)
[2025-11-19 12:51:05.811] [2330] [HailoRT] [info] [queue_elements.cpp:570] [execute_deactivate] enqueue() in element EntryPushQEl0yolov11n/input_layer1 was aborted, got status = HAILO_SHUTDOWN_EVENT_SIGNALED(57)
[2025-11-19 12:51:05.811] [2330] [HailoRT] [info] [queue_elements.cpp:46] [~BaseQueueElement] Queue element EntryPushQEl0yolov11n/input_layer1 has 0 frames in his Queue on destruction
[2025-11-19 12:51:05.811] [2330] [HailoRT] [info] [queue_elements.cpp:46] [~BaseQueueElement] Queue element PushQEl3yolov11n/input_layer1 has 0 frames in his Queue on destruction
[2025-11-19 12:51:10.998] [2486] [HailoRT] [info] [device.cpp:49] [Device] OS Version: Linux 6.12.47+rpt-rpi-2712 #1 SMP PREEMPT Debian 1:6.12.47-1+rpt1~bookworm (2025-09-16) aarch64
[2025-11-19 12:51:11.000] [2486] [HailoRT] [info] [control.cpp:108] [control__parse_identify_results] firmware_version is: 4.20.0
[2025-11-19 12:51:11.001] [2486] [HailoRT] [info] [control.cpp:108] [control__parse_identify_results] firmware_version is: 4.20.0
[2025-11-19 12:51:11.029] [2494] [HailoRT] [info] [device.cpp:49] [Device] OS Version: Linux 6.12.47+rpt-rpi-2712 #1 SMP PREEMPT Debian 1:6.12.47-1+rpt1~bookworm (2025-09-16) aarch64
[2025-11-19 12:51:11.034] [2494] [HailoRT] [info] [control.cpp:108] [control__parse_identify_results] firmware_version is: 4.20.0
[2025-11-19 12:51:11.036] [2494] [HailoRT] [info] [control.cpp:108] [control__parse_identify_results] firmware_version is: 4.20.0
[2025-11-19 12:51:11.116] [2473] [HailoRT] [info] [vdevice.cpp:523] [create] Creating vdevice with params: device_count: 1, scheduling_algorithm: ROUND_ROBIN, multi_process_service: false
[2025-11-19 12:51:11.117] [2473] [HailoRT] [info] [device.cpp:49] [Device] OS Version: Linux 6.12.47+rpt-rpi-2712 #1 SMP PREEMPT Debian 1:6.12.47-1+rpt1~bookworm (2025-09-16) aarch64
[2025-11-19 12:51:11.118] [2473] [HailoRT] [info] [control.cpp:108] [control__parse_identify_results] firmware_version is: 4.20.0
[2025-11-19 12:51:11.142] [2473] [HailoRT] [error] [vdevice.cpp:820] [create_devices] CHECK failed - Failed to create vdevice. there are not enough free devices. requested: 1, found: 0
[2025-11-19 12:51:11.142] [2473] [HailoRT] [error] [vdevice.cpp:631] [create] CHECK_SUCCESS failed with status=HAILO_OUT_OF_PHYSICAL_DEVICES(74)
[2025-11-19 12:51:11.142] [2473] [HailoRT] [error] [shared_resource_manager.hpp:81] [register_resource] CHECK_SUCCESS failed with status=HAILO_OUT_OF_PHYSICAL_DEVICES(74)
[2025-11-19 12:51:11.142] [2473] [HailoRT] [error] [vdevice.cpp:132] [create] CHECK_SUCCESS failed with status=HAILO_OUT_OF_PHYSICAL_DEVICES(74)
[2025-11-19 12:51:11.142] [2473] [HailoRT] [error] [vdevice.cpp:554] [create] CHECK_SUCCESS failed with status=HAILO_OUT_OF_PHYSICAL_DEVICES(74)
[2025-11-19 12:52:02.407] [1828] [HailoRT] [info] [device.cpp:49] [Device] OS Version: Linux 6.12.47+rpt-rpi-2712 #1 SMP PREEMPT Debian 1:6.12.47-1+rpt1~bookworm (2025-09-16) aarch64
[2025-11-19 12:52:02.408] [1828] [HailoRT] [info] [control.cpp:108] [control__parse_identify_results] firmware_version is: 4.20.0
[2025-11-19 12:52:02.409] [1828] [HailoRT] [info] [control.cpp:108] [control__parse_identify_results] firmware_version is: 4.20.0
[2025-11-19 12:52:02.475] [1842] [HailoRT] [info] [device.cpp:49] [Device] OS Version: Linux 6.12.47+rpt-rpi-2712 #1 SMP PREEMPT Debian 1:6.12.47-1+rpt1~bookworm (2025-09-16) aarch64
[2025-11-19 12:52:02.477] [1842] [HailoRT] [info] [control.cpp:108] [control__parse_identify_results] firmware_version is: 4.20.0
[2025-11-19 12:52:02.478] [1842] [HailoRT] [info] [control.cpp:108] [control__parse_identify_results] firmware_version is: 4.20.0
[2025-11-19 12:52:03.524] [1771] [HailoRT] [info] [vdevice.cpp:523] [create] Creating vdevice with params: device_count: 1, scheduling_algorithm: ROUND_ROBIN, multi_process_service: false
[2025-11-19 12:52:03.575] [1771] [HailoRT] [info] [device.cpp:49] [Device] OS Version: Linux 6.12.47+rpt-rpi-2712 #1 SMP PREEMPT Debian 1:6.12.47-1+rpt1~bookworm (2025-09-16) aarch64
[2025-11-19 12:52:03.577] [1771] [HailoRT] [info] [control.cpp:108] [control__parse_identify_results] firmware_version is: 4.20.0
[2025-11-19 12:52:03.581] [1771] [HailoRT] [info] [vdevice.cpp:651] [create] VDevice Infos: 0001:01:00.0
[2025-11-19 12:52:03.817] [1771] [HailoRT] [info] [hef.cpp:1929] [get_network_group_and_network_name] No name was given. Addressing all networks of default network_group: yolov11n
[2025-11-19 12:52:03.817] [1771] [HailoRT] [info] [hef.cpp:1929] [get_network_group_and_network_name] No name was given. Addressing all networks of default network_group: yolov11n
[2025-11-19 12:52:04.097] [1771] [HailoRT] [info] [internal_buffer_manager.cpp:204] [print_execution_results] Planned internal buffer memory: CMA memory 0, user memory 2772480. memory to edge layer usage factor is 1
[2025-11-19 12:52:04.097] [1771] [HailoRT] [info] [internal_buffer_manager.cpp:212] [print_execution_results] Default Internal buffer planner executed successfully
[2025-11-19 12:52:05.138] [1771] [HailoRT] [error] [driver_os_specific.cpp:163] [convert_errno_to_hailo_status] Ioctl HAILO_FW_CONTROL failed due to timeout
[2025-11-19 12:52:05.138] [1771] [HailoRT] [error] [hailort_driver.cpp:524] [fw_control] CHECK_SUCCESS failed with status=HAILO_DRIVER_TIMEOUT(87) - Failed in fw_control
[2025-11-19 12:52:05.138] [1771] [HailoRT] [error] [vdma_device.cpp:88] [fw_interact_impl] CHECK_SUCCESS failed with status=HAILO_DRIVER_TIMEOUT(87) - Failed to send fw control
[2025-11-19 12:52:05.138] [1771] [HailoRT] [error] [device.cpp:504] [fw_interact] CHECK_SUCCESS failed with status=HAILO_DRIVER_TIMEOUT(87)
[2025-11-19 12:52:05.138] [1771] [HailoRT] [error] [control.cpp:2471] [context_switch_set_context_info] CHECK_SUCCESS failed with status=HAILO_DRIVER_TIMEOUT(87)
[2025-11-19 12:52:05.138] [1771] [HailoRT] [error] [resource_manager.cpp:645] [configure] CHECK_SUCCESS failed with status=HAILO_DRIVER_TIMEOUT(87)
[2025-11-19 12:52:05.138] [1771] [HailoRT] [error] [resource_manager_builder.cpp:1378] [build] CHECK_SUCCESS failed with status=HAILO_DRIVER_TIMEOUT(87)
[2025-11-19 12:52:05.139] [1771] [HailoRT] [error] [vdma_device.cpp:165] [create_configured_network_group] CHECK_SUCCESS failed with status=HAILO_DRIVER_TIMEOUT(87)
[2025-11-19 12:52:05.139] [1771] [HailoRT] [error] [vdma_device.cpp:382] [create_networks_group_vector] CHECK_SUCCESS failed with status=HAILO_DRIVER_TIMEOUT(87)
[2025-11-19 12:52:05.139] [1771] [HailoRT] [error] [vdma_device.cpp:144] [add_hef] CHECK_SUCCESS failed with status=HAILO_DRIVER_TIMEOUT(87)
[2025-11-19 12:52:05.139] [1771] [HailoRT] [error] [device_internal.cpp:54] [configure] CHECK_SUCCESS failed with status=HAILO_DRIVER_TIMEOUT(87)
[2025-11-19 12:52:05.139] [1771] [HailoRT] [error] [vdevice.cpp:897] [create_physical_core_op] CHECK_SUCCESS failed with status=HAILO_DRIVER_TIMEOUT(87)
[2025-11-19 12:52:05.139] [1771] [HailoRT] [error] [vdevice.cpp:925] [create_vdevice_core_op] CHECK_SUCCESS failed with status=HAILO_DRIVER_TIMEOUT(87)
[2025-11-19 12:52:05.139] [1771] [HailoRT] [error] [vdevice.cpp:718] [configure] CHECK_SUCCESS failed with status=HAILO_DRIVER_TIMEOUT(87)
[2025-11-19 12:52:05.139] [1771] [HailoRT] [error] [infer_model.cpp:349] [configure] CHECK_SUCCESS failed with status=HAILO_DRIVER_TIMEOUT(87)
[2025-11-19 12:52:46.246] [1771] [HailoRT] [error] [driver_os_specific.cpp:176] [convert_errno_to_hailo_status] Ioctl HAILO_FW_CONTROL failed with 19. Read dmesg log for more info
[2025-11-19 12:52:46.246] [1771] [HailoRT] [error] [hailort_driver.cpp:524] [fw_control] CHECK_SUCCESS failed with status=HAILO_DRIVER_OPERATION_FAILED(36) - Failed in fw_control
[2025-11-19 12:52:46.246] [1771] [HailoRT] [error] [vdma_device.cpp:88] [fw_interact_impl] CHECK_SUCCESS failed with status=HAILO_DRIVER_OPERATION_FAILED(36) - Failed to send fw control
[2025-11-19 12:52:46.246] [1771] [HailoRT] [error] [device.cpp:504] [fw_interact] CHECK_SUCCESS failed with status=HAILO_DRIVER_OPERATION_FAILED(36)
[2025-11-19 12:52:46.246] [1771] [HailoRT] [error] [vdma_device.cpp:103] [clear_configured_apps] CHECK_SUCCESS failed with status=HAILO_DRIVER_OPERATION_FAILED(36)
[2025-11-19 12:52:46.246] [1771] [HailoRT] [warning] [vdma_device.cpp:252] [~VdmaDevice] clear configured apps ended with status HAILO_DRIVER_OPERATION_FAILED(36)
[2025-11-19 12:54:19.971] [2202] [HailoRT] [error] [driver_os_specific.cpp:34] [open_device_file] CHECK failed - Failed to open device file /dev/hailo0 with error 6
[2025-11-19 12:54:19.976] [2202] [HailoRT] [error] [hailort_driver.cpp:176] [create] CHECK_SUCCESS failed with status=HAILO_DRIVER_OPERATION_FAILED(36)
[2025-11-19 12:54:19.976] [2202] [HailoRT] [error] [pcie_device.cpp:91] [create] CHECK_SUCCESS failed with status=HAILO_DRIVER_OPERATION_FAILED(36)
[2025-11-19 12:54:19.976] [2202] [HailoRT] [error] [device.cpp:128] [create_pcie] CHECK_SUCCESS failed with status=HAILO_DRIVER_OPERATION_FAILED(36)
[2025-11-19 12:57:31.651] [2284] [HailoRT] [error] [driver_os_specific.cpp:34] [open_device_file] CHECK failed - Failed to open device file /dev/hailo0 with error 6
[2025-11-19 12:57:31.652] [2284] [HailoRT] [error] [hailort_driver.cpp:176] [create] CHECK_SUCCESS failed with status=HAILO_DRIVER_OPERATION_FAILED(36)
[2025-11-19 12:57:31.652] [2284] [HailoRT] [error] [pcie_device.cpp:91] [create] CHECK_SUCCESS failed with status=HAILO_DRIVER_OPERATION_FAILED(36)
[2025-11-19 12:57:31.652] [2284] [HailoRT] [error] [device.cpp:128] [create_pcie] CHECK_SUCCESS failed with status=HAILO_DRIVER_OPERATION_FAILED(36)
[2025-11-19 12:58:51.164] [1842] [HailoRT] [info] [device.cpp:49] [Device] OS Version: Linux 6.12.47+rpt-rpi-2712 #1 SMP PREEMPT Debian 1:6.12.47-1+rpt1~bookworm (2025-09-16) aarch64
[2025-11-19 12:58:51.165] [1842] [HailoRT] [info] [control.cpp:108] [control__parse_identify_results] firmware_version is: 4.20.0
[2025-11-19 12:58:51.166] [1842] [HailoRT] [info] [control.cpp:108] [control__parse_identify_results] firmware_version is: 4.20.0
[2025-11-19 12:58:51.236] [1858] [HailoRT] [info] [device.cpp:49] [Device] OS Version: Linux 6.12.47+rpt-rpi-2712 #1 SMP PREEMPT Debian 1:6.12.47-1+rpt1~bookworm (2025-09-16) aarch64
[2025-11-19 12:58:51.238] [1858] [HailoRT] [info] [control.cpp:108] [control__parse_identify_results] firmware_version is: 4.20.0
[2025-11-19 12:58:51.240] [1858] [HailoRT] [info] [control.cpp:108] [control__parse_identify_results] firmware_version is: 4.20.0
[2025-11-19 12:58:52.393] [1769] [HailoRT] [info] [vdevice.cpp:523] [create] Creating vdevice with params: device_count: 1, scheduling_algorithm: ROUND_ROBIN, multi_process_service: false
[2025-11-19 12:58:52.423] [1769] [HailoRT] [info] [device.cpp:49] [Device] OS Version: Linux 6.12.47+rpt-rpi-2712 #1 SMP PREEMPT Debian 1:6.12.47-1+rpt1~bookworm (2025-09-16) aarch64
[2025-11-19 12:58:52.424] [1769] [HailoRT] [info] [control.cpp:108] [control__parse_identify_results] firmware_version is: 4.20.0
[2025-11-19 12:58:52.426] [1769] [HailoRT] [info] [vdevice.cpp:651] [create] VDevice Infos: 0001:01:00.0
[2025-11-19 12:58:52.557] [1769] [HailoRT] [info] [hef.cpp:1929] [get_network_group_and_network_name] No name was given. Addressing all networks of default network_group: yolov11n
[2025-11-19 12:58:52.557] [1769] [HailoRT] [info] [hef.cpp:1929] [get_network_group_and_network_name] No name was given. Addressing all networks of default network_group: yolov11n
[2025-11-19 12:58:52.650] [1769] [HailoRT] [info] [internal_buffer_manager.cpp:204] [print_execution_results] Planned internal buffer memory: CMA memory 0, user memory 2772480. memory to edge layer usage factor is 1
[2025-11-19 12:58:52.650] [1769] [HailoRT] [info] [internal_buffer_manager.cpp:212] [print_execution_results] Default Internal buffer planner executed successfully
[2025-11-19 12:58:52.723] [1769] [HailoRT] [info] [device_internal.cpp:57] [configure] Configuring HEF took 91.546648 milliseconds
[2025-11-19 12:58:52.723] [1769] [HailoRT] [info] [vdevice.cpp:749] [configure] Configuring HEF on VDevice took 92.306463 milliseconds
[2025-11-19 12:58:52.723] [1769] [HailoRT] [info] [infer_model.cpp:436] [configure] Configuring network group 'yolov11n' with params: batch size: 2, power mode: PERFORMANCE, latency: NONE
[2025-11-19 12:58:52.734] [1769] [HailoRT] [info] [multi_io_elements.cpp:756] [create] Created (AsyncHwEl)
[2025-11-19 12:58:52.740] [1769] [HailoRT] [info] [queue_elements.cpp:450] [create] Created (EntryPushQEl0yolov11n/input_layer1 | timeout: 10s)
[2025-11-19 12:58:52.741] [1769] [HailoRT] [info] [filter_elements.cpp:101] [create] Created (PreInferEl3yolov11n/input_layer1 | Reorder - src_order: RGB4, src_shape: (640, 640, 3), dst_order: NHCW, dst_shape: (640, 640, 3))
[2025-11-19 12:58:52.741] [1769] [HailoRT] [info] [queue_elements.cpp:450] [create] Created (PushQEl3yolov11n/input_layer1 | timeout: 10s)
[2025-11-19 12:58:52.742] [1769] [HailoRT] [info] [multi_io_elements.cpp:135] [create] Created (NmsPPMuxEl0YOLOV8-Post-Process | Op YOLOV8, Name: YOLOV8-Post-Process, Score threshold: 0.300, IoU threshold: 0.45, Classes: 80, Cross classes: false, NMS results order: BY_CLASS, Max bboxes per class: 100, Image height: 640, Image width: 640)
[2025-11-19 12:58:52.742] [1769] [HailoRT] [info] [queue_elements.cpp:942] [create] Created (MultiPushQEl0YOLOV8-Post-Process | timeout: 10s)
[2025-11-19 12:58:52.742] [1769] [HailoRT] [info] [edge_elements.cpp:187] [create] Created (LastAsyncEl0NmsPPMuxEl0YOLOV8-Post-Process)
[2025-11-19 12:58:52.742] [1769] [HailoRT] [info] [pipeline.cpp:891] [print_deep_description] EntryPushQEl0yolov11n/input_layer1 | inputs: user | outputs: PreInferEl3yolov11n/input_layer1(running in thread_id: 1936)
[2025-11-19 12:58:52.744] [1769] [HailoRT] [info] [pipeline.cpp:891] [print_deep_description] PreInferEl3yolov11n/input_layer1 | inputs: EntryPushQEl0yolov11n/input_layer1[0] | outputs: PushQEl3yolov11n/input_layer1
[2025-11-19 12:58:52.744] [1769] [HailoRT] [info] [pipeline.cpp:891] [print_deep_description] PushQEl3yolov11n/input_layer1 | inputs: PreInferEl3yolov11n/input_layer1[0] | outputs: AsyncHwEl(running in thread_id: 1937)
[2025-11-19 12:58:52.744] [1769] [HailoRT] [info] [pipeline.cpp:891] [print_deep_description] AsyncHwEl | inputs: PushQEl3yolov11n/input_layer1[0] | outputs: MultiPushQEl0YOLOV8-Post-Process MultiPushQEl0YOLOV8-Post-Process MultiPushQEl0YOLOV8-Post-Process MultiPushQEl0YOLOV8-Post-Process MultiPushQEl0YOLOV8-Post-Process MultiPushQEl0YOLOV8-Post-Process
[2025-11-19 12:58:52.744] [1769] [HailoRT] [info] [pipeline.cpp:891] [print_deep_description] MultiPushQEl0YOLOV8-Post-Process | inputs: AsyncHwEl[0] AsyncHwEl[1] AsyncHwEl[2] AsyncHwEl[3] AsyncHwEl[4] AsyncHwEl[5] | outputs: NmsPPMuxEl0YOLOV8-Post-Process(running in thread_id: 1938)
[2025-11-19 12:58:52.745] [1769] [HailoRT] [info] [pipeline.cpp:891] [print_deep_description] NmsPPMuxEl0YOLOV8-Post-Process | inputs: MultiPushQEl0YOLOV8-Post-Process[0] | outputs: LastAsyncEl0NmsPPMuxEl0YOLOV8-Post-Process
[2025-11-19 12:58:52.745] [1769] [HailoRT] [info] [pipeline.cpp:891] [print_deep_description] LastAsyncEl0NmsPPMuxEl0YOLOV8-Post-Process | inputs: NmsPPMuxEl0YOLOV8-Post-Process[0] | outputs: user
[2025-11-19 12:58:53.645] [1920] [HailoRT] [info] [hef.cpp:1929] [get_network_group_and_network_name] No name was given. Addressing all networks of default network_group: yolov11n
[2025-11-19 12:58:59.299] [1903] [HailoRT] [error] [driver_os_specific.cpp:153] [convert_errno_to_hailo_status] Ioctl HAILO_VDMA_LAUNCH_TRANSFER failed due to invalid address
[2025-11-19 12:58:59.299] [1903] [HailoRT] [error] [hailort_driver.cpp:746] [launch_transfer] CHECK_SUCCESS failed with status=HAILO_INVALID_OPERATION(6) - Failed launch transfer
[2025-11-19 12:58:59.299] [1903] [HailoRT] [error] [boundary_channel.cpp:352] [launch_transfer_impl] CHECK_SUCCESS failed with status=HAILO_INVALID_OPERATION(6)
[2025-11-19 12:58:59.299] [1903] [HailoRT] [error] [boundary_channel.cpp:264] [launch_transfer] CHECK_SUCCESS failed with status=HAILO_INVALID_OPERATION(6)
[2025-11-19 12:58:59.299] [1903] [HailoRT] [error] [async_stream_base.cpp:243] [call_write_async_impl] CHECK_SUCCESS failed with status=HAILO_INVALID_OPERATION(6)
[2025-11-19 12:58:59.299] [1903] [HailoRT] [error] [core_op.cpp:517] [infer_async_impl] CHECK_SUCCESS failed with status=HAILO_INVALID_OPERATION(6)
[2025-11-19 12:58:59.299] [1903] [HailoRT] [error] [network_group.cpp:860] [operator()] Infer request callback failed with status = HAILO_INVALID_OPERATION(6)
[2025-11-19 12:58:59.305] [1938] [HailoRT] [error] [pipeline_internal.cpp:26] [handle_non_recoverable_async_error] Non-recoverable Async Infer Pipeline error. status error code: HAILO_INVALID_OPERATION(6)
[2025-11-19 12:58:59.305] [1938] [HailoRT] [error] [async_infer_runner.cpp:88] [shutdown] Shutting down the pipeline with status HAILO_INVALID_OPERATION(6)
[2025-11-19 12:58:59.305] [1903] [HailoRT] [error] [driver_os_specific.cpp:176] [convert_errno_to_hailo_status] Ioctl HAILO_FW_CONTROL failed with 19. Read dmesg log for more info
[2025-11-19 12:58:59.305] [1903] [HailoRT] [error] [hailort_driver.cpp:524] [fw_control] CHECK_SUCCESS failed with status=HAILO_DRIVER_OPERATION_FAILED(36) - Failed in fw_control
[2025-11-19 12:58:59.305] [1903] [HailoRT] [error] [vdma_device.cpp:88] [fw_interact_impl] CHECK_SUCCESS failed with status=HAILO_DRIVER_OPERATION_FAILED(36) - Failed to send fw control
[2025-11-19 12:58:59.305] [1903] [HailoRT] [error] [device.cpp:504] [fw_interact] CHECK_SUCCESS failed with status=HAILO_DRIVER_OPERATION_FAILED(36)
[2025-11-19 12:58:59.305] [1903] [HailoRT] [error] [resource_manager.cpp:669] [reset_state_machine] CHECK_SUCCESS failed with status=HAILO_DRIVER_OPERATION_FAILED(36)
[2025-11-19 12:58:59.305] [1903] [HailoRT] [error] [vdma_config_manager.cpp:63] [set_state_machine] CHECK_SUCCESS failed with status=HAILO_DRIVER_OPERATION_FAILED(36) - Failed to disable state machine
[2025-11-19 12:58:59.305] [1903] [HailoRT] [error] [vdma_config_manager.cpp:84] [switch_core_op] CHECK_SUCCESS failed with status=HAILO_DRIVER_OPERATION_FAILED(36) - Failed to set state machine
[2025-11-19 12:58:59.305] [1903] [HailoRT] [error] [scheduler.cpp:151] [deactivate_core_op] CHECK_SUCCESS failed with status=HAILO_DRIVER_OPERATION_FAILED(36) - Scheduler failed deactivate core op on 0001:01:00.0
[2025-11-19 12:58:59.305] [1903] [HailoRT] [error] [scheduler.cpp:391] [shutdown_core_op] Scheduler failed deactivate core op on 0001:01:00.0
[2025-11-19 12:58:59.305] [1938] [HailoRT] [info] [queue_elements.cpp:1023] [operator()] Thread in element MultiPushQEl0YOLOV8-Post-Process is not running anymore, exiting..
[2025-11-19 12:58:59.309] [1920] [HailoRT] [error] [async_infer_runner.cpp:286] [run] CHECK_SUCCESS failed with status=HAILO_INVALID_OPERATION(6) - Can't handle inference request since pipeline status is HAILO_INVALID_OPERATION(6).
[2025-11-19 12:58:59.309] [1920] [HailoRT] [error] [infer_model.cpp:951] [run_async] CHECK_SUCCESS failed with status=HAILO_INVALID_OPERATION(6)
[2025-11-19 12:58:59.309] [1920] [HailoRT] [info] [async_infer_runner.cpp:86] [shutdown] Pipeline was aborted. Shutting it down
[2025-11-19 12:59:49.810] [1769] [HailoRT] [info] [async_infer_runner.cpp:86] [shutdown] Pipeline was aborted. Shutting it down
[2025-11-19 12:59:49.810] [1769] [HailoRT] [info] [queue_elements.cpp:1131] [execute_deactivate] enqueue() in element MultiPushQEl0YOLOV8-Post-Process was aborted, got status = HAILO_SHUTDOWN_EVENT_SIGNALED(57)
[2025-11-19 12:59:49.810] [1769] [HailoRT] [info] [queue_elements.cpp:1131] [execute_deactivate] enqueue() in element MultiPushQEl0YOLOV8-Post-Process was aborted, got status = HAILO_SHUTDOWN_EVENT_SIGNALED(57)
[2025-11-19 12:59:49.810] [1769] [HailoRT] [info] [queue_elements.cpp:1131] [execute_deactivate] enqueue() in element MultiPushQEl0YOLOV8-Post-Process was aborted, got status = HAILO_SHUTDOWN_EVENT_SIGNALED(57)
[2025-11-19 12:59:49.810] [1769] [HailoRT] [info] [queue_elements.cpp:1131] [execute_deactivate] enqueue() in element MultiPushQEl0YOLOV8-Post-Process was aborted, got status = HAILO_SHUTDOWN_EVENT_SIGNALED(57)
[2025-11-19 12:59:49.810] [1769] [HailoRT] [info] [queue_elements.cpp:1131] [execute_deactivate] enqueue() in element MultiPushQEl0YOLOV8-Post-Process was aborted, got status = HAILO_SHUTDOWN_EVENT_SIGNALED(57)
[2025-11-19 12:59:49.810] [1769] [HailoRT] [info] [queue_elements.cpp:1131] [execute_deactivate] enqueue() in element MultiPushQEl0YOLOV8-Post-Process was aborted, got status = HAILO_SHUTDOWN_EVENT_SIGNALED(57)
[2025-11-19 12:59:49.810] [1769] [HailoRT] [info] [queue_elements.cpp:570] [execute_deactivate] enqueue() in element PushQEl3yolov11n/input_layer1 was aborted, got status = HAILO_SHUTDOWN_EVENT_SIGNALED(57)
[2025-11-19 12:59:49.810] [1769] [HailoRT] [info] [queue_elements.cpp:570] [execute_deactivate] enqueue() in element EntryPushQEl0yolov11n/input_layer1 was aborted, got status = HAILO_SHUTDOWN_EVENT_SIGNALED(57)
[2025-11-19 12:59:49.810] [1769] [HailoRT] [info] [queue_elements.cpp:46] [~BaseQueueElement] Queue element EntryPushQEl0yolov11n/input_layer1 has 0 frames in his Queue on destruction
[2025-11-19 12:59:49.810] [1769] [HailoRT] [info] [queue_elements.cpp:46] [~BaseQueueElement] Queue element PushQEl3yolov11n/input_layer1 has 0 frames in his Queue on destruction
[2025-11-19 12:59:50.068] [1769] [HailoRT] [error] [driver_os_specific.cpp:176] [convert_errno_to_hailo_status] Ioctl HAILO_FW_CONTROL failed with 19. Read dmesg log for more info
[2025-11-19 12:59:50.068] [1769] [HailoRT] [error] [hailort_driver.cpp:524] [fw_control] CHECK_SUCCESS failed with status=HAILO_DRIVER_OPERATION_FAILED(36) - Failed in fw_control
[2025-11-19 12:59:50.068] [1769] [HailoRT] [error] [vdma_device.cpp:88] [fw_interact_impl] CHECK_SUCCESS failed with status=HAILO_DRIVER_OPERATION_FAILED(36) - Failed to send fw control
[2025-11-19 12:59:50.068] [1769] [HailoRT] [error] [device.cpp:504] [fw_interact] CHECK_SUCCESS failed with status=HAILO_DRIVER_OPERATION_FAILED(36)
[2025-11-19 12:59:50.068] [1769] [HailoRT] [error] [vdma_device.cpp:103] [clear_configured_apps] CHECK_SUCCESS failed with status=HAILO_DRIVER_OPERATION_FAILED(36)
[2025-11-19 12:59:50.068] [1769] [HailoRT] [warning] [vdma_device.cpp:252] [~VdmaDevice] clear configured apps ended with status HAILO_DRIVER_OPERATION_FAILED(36)
[2025-11-19 13:02:22.281] [2251] [HailoRT] [error] [driver_os_specific.cpp:34] [open_device_file] CHECK failed - Failed to open device file /dev/hailo0 with error 6
[2025-11-19 13:02:22.286] [2251] [HailoRT] [error] [hailort_driver.cpp:176] [create] CHECK_SUCCESS failed with status=HAILO_DRIVER_OPERATION_FAILED(36)
[2025-11-19 13:02:22.286] [2251] [HailoRT] [error] [pcie_device.cpp:91] [create] CHECK_SUCCESS failed with status=HAILO_DRIVER_OPERATION_FAILED(36)
[2025-11-19 13:02:22.286] [2251] [HailoRT] [error] [device.cpp:128] [create_pcie] CHECK_SUCCESS failed with status=HAILO_DRIVER_OPERATION_FAILED(36)
[2025-11-19 13:03:13.321] [1835] [HailoRT] [info] [device.cpp:49] [Device] OS Version: Linux 6.12.47+rpt-rpi-2712 #1 SMP PREEMPT Debian 1:6.12.47-1+rpt1~bookworm (2025-09-16) aarch64
[2025-11-19 13:03:13.322] [1835] [HailoRT] [info] [control.cpp:108] [control__parse_identify_results] firmware_version is: 4.20.0
[2025-11-19 13:03:13.323] [1835] [HailoRT] [info] [control.cpp:108] [control__parse_identify_results] firmware_version is: 4.20.0
[2025-11-19 13:03:13.398] [1859] [HailoRT] [info] [device.cpp:49] [Device] OS Version: Linux 6.12.47+rpt-rpi-2712 #1 SMP PREEMPT Debian 1:6.12.47-1+rpt1~bookworm (2025-09-16) aarch64
[2025-11-19 13:03:13.401] [1859] [HailoRT] [info] [control.cpp:108] [control__parse_identify_results] firmware_version is: 4.20.0
[2025-11-19 13:03:13.402] [1859] [HailoRT] [info] [control.cpp:108] [control__parse_identify_results] firmware_version is: 4.20.0
[2025-11-19 13:03:14.555] [1772] [HailoRT] [info] [vdevice.cpp:523] [create] Creating vdevice with params: device_count: 1, scheduling_algorithm: ROUND_ROBIN, multi_process_service: false
[2025-11-19 13:03:14.602] [1772] [HailoRT] [info] [device.cpp:49] [Device] OS Version: Linux 6.12.47+rpt-rpi-2712 #1 SMP PREEMPT Debian 1:6.12.47-1+rpt1~bookworm (2025-09-16) aarch64
[2025-11-19 13:03:14.604] [1772] [HailoRT] [info] [control.cpp:108] [control__parse_identify_results] firmware_version is: 4.20.0
[2025-11-19 13:03:14.615] [1772] [HailoRT] [info] [vdevice.cpp:651] [create] VDevice Infos: 0001:01:00.0
[2025-11-19 13:03:14.759] [1772] [HailoRT] [info] [hef.cpp:1929] [get_network_group_and_network_name] No name was given. Addressing all networks of default network_group: yolov11n
[2025-11-19 13:03:14.759] [1772] [HailoRT] [info] [hef.cpp:1929] [get_network_group_and_network_name] No name was given. Addressing all networks of default network_group: yolov11n
[2025-11-19 13:03:14.884] [1772] [HailoRT] [info] [internal_buffer_manager.cpp:204] [print_execution_results] Planned internal buffer memory: CMA memory 0, user memory 2772480. memory to edge layer usage factor is 1
[2025-11-19 13:03:14.884] [1772] [HailoRT] [info] [internal_buffer_manager.cpp:212] [print_execution_results] Default Internal buffer planner executed successfully
[2025-11-19 13:03:14.910] [1772] [HailoRT] [info] [device_internal.cpp:57] [configure] Configuring HEF took 39.996555 milliseconds
[2025-11-19 13:03:14.910] [1772] [HailoRT] [info] [vdevice.cpp:749] [configure] Configuring HEF on VDevice took 40.797352 milliseconds
[2025-11-19 13:03:14.910] [1772] [HailoRT] [info] [infer_model.cpp:436] [configure] Configuring network group 'yolov11n' with params: batch size: 2, power mode: PERFORMANCE, latency: NONE
[2025-11-19 13:03:14.913] [1772] [HailoRT] [info] [multi_io_elements.cpp:756] [create] Created (AsyncHwEl)
[2025-11-19 13:03:14.915] [1772] [HailoRT] [info] [queue_elements.cpp:450] [create] Created (EntryPushQEl0yolov11n/input_layer1 | timeout: 10s)
[2025-11-19 13:03:14.915] [1772] [HailoRT] [info] [filter_elements.cpp:101] [create] Created (PreInferEl3yolov11n/input_layer1 | Reorder - src_order: RGB4, src_shape: (640, 640, 3), dst_order: NHCW, dst_shape: (640, 640, 3))
[2025-11-19 13:03:14.915] [1772] [HailoRT] [info] [queue_elements.cpp:450] [create] Created (PushQEl3yolov11n/input_layer1 | timeout: 10s)
[2025-11-19 13:03:14.915] [1772] [HailoRT] [info] [multi_io_elements.cpp:135] [create] Created (NmsPPMuxEl0YOLOV8-Post-Process | Op YOLOV8, Name: YOLOV8-Post-Process, Score threshold: 0.300, IoU threshold: 0.45, Classes: 80, Cross classes: false, NMS results order: BY_CLASS, Max bboxes per class: 100, Image height: 640, Image width: 640)
[2025-11-19 13:03:14.915] [1772] [HailoRT] [info] [queue_elements.cpp:942] [create] Created (MultiPushQEl0YOLOV8-Post-Process | timeout: 10s)
[2025-11-19 13:03:14.915] [1772] [HailoRT] [info] [edge_elements.cpp:187] [create] Created (LastAsyncEl0NmsPPMuxEl0YOLOV8-Post-Process)
[2025-11-19 13:03:14.915] [1772] [HailoRT] [info] [pipeline.cpp:891] [print_deep_description] EntryPushQEl0yolov11n/input_layer1 | inputs: user | outputs: PreInferEl3yolov11n/input_layer1(running in thread_id: 1936)
[2025-11-19 13:03:14.917] [1772] [HailoRT] [info] [pipeline.cpp:891] [print_deep_description] PreInferEl3yolov11n/input_layer1 | inputs: EntryPushQEl0yolov11n/input_layer1[0] | outputs: PushQEl3yolov11n/input_layer1
[2025-11-19 13:03:14.917] [1772] [HailoRT] [info] [pipeline.cpp:891] [print_deep_description] PushQEl3yolov11n/input_layer1 | inputs: PreInferEl3yolov11n/input_layer1[0] | outputs: AsyncHwEl(running in thread_id: 1937)
[2025-11-19 13:03:14.917] [1772] [HailoRT] [info] [pipeline.cpp:891] [print_deep_description] AsyncHwEl | inputs: PushQEl3yolov11n/input_layer1[0] | outputs: MultiPushQEl0YOLOV8-Post-Process MultiPushQEl0YOLOV8-Post-Process MultiPushQEl0YOLOV8-Post-Process MultiPushQEl0YOLOV8-Post-Process MultiPushQEl0YOLOV8-Post-Process MultiPushQEl0YOLOV8-Post-Process
[2025-11-19 13:03:14.917] [1772] [HailoRT] [info] [pipeline.cpp:891] [print_deep_description] MultiPushQEl0YOLOV8-Post-Process | inputs: AsyncHwEl[0] AsyncHwEl[1] AsyncHwEl[2] AsyncHwEl[3] AsyncHwEl[4] AsyncHwEl[5] | outputs: NmsPPMuxEl0YOLOV8-Post-Process(running in thread_id: 1938)
[2025-11-19 13:03:14.917] [1772] [HailoRT] [info] [pipeline.cpp:891] [print_deep_description] NmsPPMuxEl0YOLOV8-Post-Process | inputs: MultiPushQEl0YOLOV8-Post-Process[0] | outputs: LastAsyncEl0NmsPPMuxEl0YOLOV8-Post-Process
[2025-11-19 13:03:14.917] [1772] [HailoRT] [info] [pipeline.cpp:891] [print_deep_description] LastAsyncEl0NmsPPMuxEl0YOLOV8-Post-Process | inputs: NmsPPMuxEl0YOLOV8-Post-Process[0] | outputs: user
[2025-11-19 13:03:15.823] [1924] [HailoRT] [info] [hef.cpp:1929] [get_network_group_and_network_name] No name was given. Addressing all networks of default network_group: yolov11n
[2025-11-19 13:15:32.469] [2283] [HailoRT] [info] [device.cpp:49] [Device] OS Version: Linux 6.12.47+rpt-rpi-2712 #1 SMP PREEMPT Debian 1:6.12.47-1+rpt1~bookworm (2025-09-16) aarch64
[2025-11-19 13:15:32.471] [2283] [HailoRT] [info] [control.cpp:108] [control__parse_identify_results] firmware_version is: 4.20.0
[2025-11-19 13:15:32.472] [2283] [HailoRT] [info] [control.cpp:108] [control__parse_identify_results] firmware_version is: 4.20.0
[2025-11-19 13:15:32.507] [2291] [HailoRT] [info] [device.cpp:49] [Device] OS Version: Linux 6.12.47+rpt-rpi-2712 #1 SMP PREEMPT Debian 1:6.12.47-1+rpt1~bookworm (2025-09-16) aarch64
[2025-11-19 13:15:32.509] [2291] [HailoRT] [info] [control.cpp:108] [control__parse_identify_results] firmware_version is: 4.20.0
[2025-11-19 13:15:32.511] [2291] [HailoRT] [info] [control.cpp:108] [control__parse_identify_results] firmware_version is: 4.20.0
[2025-11-19 13:15:32.593] [2270] [HailoRT] [info] [vdevice.cpp:523] [create] Creating vdevice with params: device_count: 1, scheduling_algorithm: ROUND_ROBIN, multi_process_service: false
[2025-11-19 13:15:32.593] [2270] [HailoRT] [info] [device.cpp:49] [Device] OS Version: Linux 6.12.47+rpt-rpi-2712 #1 SMP PREEMPT Debian 1:6.12.47-1+rpt1~bookworm (2025-09-16) aarch64
[2025-11-19 13:15:32.597] [2270] [HailoRT] [info] [control.cpp:108] [control__parse_identify_results] firmware_version is: 4.20.0
[2025-11-19 13:15:32.609] [2270] [HailoRT] [error] [vdevice.cpp:820] [create_devices] CHECK failed - Failed to create vdevice. there are not enough free devices. requested: 1, found: 0
[2025-11-19 13:15:32.609] [2270] [HailoRT] [error] [vdevice.cpp:631] [create] CHECK_SUCCESS failed with status=HAILO_OUT_OF_PHYSICAL_DEVICES(74)
[2025-11-19 13:15:32.609] [2270] [HailoRT] [error] [shared_resource_manager.hpp:81] [register_resource] CHECK_SUCCESS failed with status=HAILO_OUT_OF_PHYSICAL_DEVICES(74)
[2025-11-19 13:15:32.609] [2270] [HailoRT] [error] [vdevice.cpp:132] [create] CHECK_SUCCESS failed with status=HAILO_OUT_OF_PHYSICAL_DEVICES(74)
[2025-11-19 13:15:32.609] [2270] [HailoRT] [error] [vdevice.cpp:554] [create] CHECK_SUCCESS failed with status=HAILO_OUT_OF_PHYSICAL_DEVICES(74)
[2025-11-19 13:16:26.739] [1897] [HailoRT] [info] [device.cpp:49] [Device] OS Version: Linux 6.12.47+rpt-rpi-2712 #1 SMP PREEMPT Debian 1:6.12.47-1+rpt1~bookworm (2025-09-16) aarch64
[2025-11-19 13:16:26.741] [1897] [HailoRT] [info] [control.cpp:108] [control__parse_identify_results] firmware_version is: 4.20.0
[2025-11-19 13:16:26.744] [1897] [HailoRT] [info] [control.cpp:108] [control__parse_identify_results] firmware_version is: 4.20.0
[2025-11-19 13:16:26.844] [1925] [HailoRT] [info] [device.cpp:49] [Device] OS Version: Linux 6.12.47+rpt-rpi-2712 #1 SMP PREEMPT Debian 1:6.12.47-1+rpt1~bookworm (2025-09-16) aarch64
[2025-11-19 13:16:26.845] [1925] [HailoRT] [info] [control.cpp:108] [control__parse_identify_results] firmware_version is: 4.20.0
[2025-11-19 13:16:26.846] [1925] [HailoRT] [info] [control.cpp:108] [control__parse_identify_results] firmware_version is: 4.20.0
[2025-11-19 13:16:27.667] [1776] [HailoRT] [info] [vdevice.cpp:523] [create] Creating vdevice with params: device_count: 1, scheduling_algorithm: ROUND_ROBIN, multi_process_service: false
[2025-11-19 13:16:27.697] [1776] [HailoRT] [info] [device.cpp:49] [Device] OS Version: Linux 6.12.47+rpt-rpi-2712 #1 SMP PREEMPT Debian 1:6.12.47-1+rpt1~bookworm (2025-09-16) aarch64
[2025-11-19 13:16:27.699] [1776] [HailoRT] [info] [control.cpp:108] [control__parse_identify_results] firmware_version is: 4.20.0
[2025-11-19 13:16:27.702] [1776] [HailoRT] [info] [vdevice.cpp:651] [create] VDevice Infos: 0001:01:00.0
[2025-11-19 13:16:27.848] [1776] [HailoRT] [info] [hef.cpp:1929] [get_network_group_and_network_name] No name was given. Addressing all networks of default network_group: yolov11n
[2025-11-19 13:16:27.848] [1776] [HailoRT] [info] [hef.cpp:1929] [get_network_group_and_network_name] No name was given. Addressing all networks of default network_group: yolov11n
[2025-11-19 13:16:28.050] [1776] [HailoRT] [info] [internal_buffer_manager.cpp:204] [print_execution_results] Planned internal buffer memory: CMA memory 0, user memory 2772480. memory to edge layer usage factor is 1
[2025-11-19 13:16:28.050] [1776] [HailoRT] [info] [internal_buffer_manager.cpp:212] [print_execution_results] Default Internal buffer planner executed successfully
[2025-11-19 13:16:28.133] [1776] [HailoRT] [info] [device_internal.cpp:57] [configure] Configuring HEF took 103.280815 milliseconds
[2025-11-19 13:16:28.134] [1776] [HailoRT] [info] [vdevice.cpp:749] [configure] Configuring HEF on VDevice took 104.774499 milliseconds
[2025-11-19 13:16:28.134] [1776] [HailoRT] [info] [infer_model.cpp:436] [configure] Configuring network group 'yolov11n' with params: batch size: 2, power mode: PERFORMANCE, latency: NONE
[2025-11-19 13:16:28.138] [1776] [HailoRT] [info] [multi_io_elements.cpp:756] [create] Created (AsyncHwEl)
[2025-11-19 13:16:28.140] [1776] [HailoRT] [info] [queue_elements.cpp:450] [create] Created (EntryPushQEl0yolov11n/input_layer1 | timeout: 10s)
[2025-11-19 13:16:28.140] [1776] [HailoRT] [info] [filter_elements.cpp:101] [create] Created (PreInferEl3yolov11n/input_layer1 | Reorder - src_order: RGB4, src_shape: (640, 640, 3), dst_order: NHCW, dst_shape: (640, 640, 3))
[2025-11-19 13:16:28.140] [1776] [HailoRT] [info] [queue_elements.cpp:450] [create] Created (PushQEl3yolov11n/input_layer1 | timeout: 10s)
[2025-11-19 13:16:28.140] [1776] [HailoRT] [info] [multi_io_elements.cpp:135] [create] Created (NmsPPMuxEl0YOLOV8-Post-Process | Op YOLOV8, Name: YOLOV8-Post-Process, Score threshold: 0.300, IoU threshold: 0.45, Classes: 80, Cross classes: false, NMS results order: BY_CLASS, Max bboxes per class: 100, Image height: 640, Image width: 640)
[2025-11-19 13:16:28.143] [1776] [HailoRT] [info] [queue_elements.cpp:942] [create] Created (MultiPushQEl0YOLOV8-Post-Process | timeout: 10s)
[2025-11-19 13:16:28.143] [1776] [HailoRT] [info] [edge_elements.cpp:187] [create] Created (LastAsyncEl0NmsPPMuxEl0YOLOV8-Post-Process)
[2025-11-19 13:16:28.143] [1776] [HailoRT] [info] [pipeline.cpp:891] [print_deep_description] EntryPushQEl0yolov11n/input_layer1 | inputs: user | outputs: PreInferEl3yolov11n/input_layer1(running in thread_id: 1987)
[2025-11-19 13:16:28.144] [1776] [HailoRT] [info] [pipeline.cpp:891] [print_deep_description] PreInferEl3yolov11n/input_layer1 | inputs: EntryPushQEl0yolov11n/input_layer1[0] | outputs: PushQEl3yolov11n/input_layer1
[2025-11-19 13:16:28.144] [1776] [HailoRT] [info] [pipeline.cpp:891] [print_deep_description] PushQEl3yolov11n/input_layer1 | inputs: PreInferEl3yolov11n/input_layer1[0] | outputs: AsyncHwEl(running in thread_id: 1988)
[2025-11-19 13:16:28.144] [1776] [HailoRT] [info] [pipeline.cpp:891] [print_deep_description] AsyncHwEl | inputs: PushQEl3yolov11n/input_layer1[0] | outputs: MultiPushQEl0YOLOV8-Post-Process MultiPushQEl0YOLOV8-Post-Process MultiPushQEl0YOLOV8-Post-Process MultiPushQEl0YOLOV8-Post-Process MultiPushQEl0YOLOV8-Post-Process MultiPushQEl0YOLOV8-Post-Process
[2025-11-19 13:16:28.144] [1776] [HailoRT] [info] [pipeline.cpp:891] [print_deep_description] MultiPushQEl0YOLOV8-Post-Process | inputs: AsyncHwEl[0] AsyncHwEl[1] AsyncHwEl[2] AsyncHwEl[3] AsyncHwEl[4] AsyncHwEl[5] | outputs: NmsPPMuxEl0YOLOV8-Post-Process(running in thread_id: 1989)
[2025-11-19 13:16:28.144] [1776] [HailoRT] [info] [pipeline.cpp:891] [print_deep_description] NmsPPMuxEl0YOLOV8-Post-Process | inputs: MultiPushQEl0YOLOV8-Post-Process[0] | outputs: LastAsyncEl0NmsPPMuxEl0YOLOV8-Post-Process
[2025-11-19 13:16:28.144] [1776] [HailoRT] [info] [pipeline.cpp:891] [print_deep_description] LastAsyncEl0NmsPPMuxEl0YOLOV8-Post-Process | inputs: NmsPPMuxEl0YOLOV8-Post-Process[0] | outputs: user
[2025-11-19 13:16:28.930] [1977] [HailoRT] [info] [hef.cpp:1929] [get_network_group_and_network_name] No name was given. Addressing all networks of default network_group: yolov11n
[2025-11-19 13:17:57.915] [1988] [HailoRT] [warning] [pipeline.cpp:441] [acquire_buffer] Failed to acquire buffer because the buffer pool is empty. This could be caused by uneven reading and writing speeds, with a short user-defined timeout. (timeout=10000ms)
[2025-11-19 13:17:57.915] [1988] [HailoRT] [error] [pipeline_internal.cpp:26] [handle_non_recoverable_async_error] Non-recoverable Async Infer Pipeline error. status error code: HAILO_TIMEOUT(4)
[2025-11-19 13:17:57.915] [1988] [HailoRT] [error] [async_infer_runner.cpp:88] [shutdown] Shutting down the pipeline with status HAILO_TIMEOUT(4)
[2025-11-19 13:17:57.916] [1987] [HailoRT] [info] [queue_elements.cpp:497] [operator()] Thread in element EntryPushQEl0yolov11n/input_layer1 is not running anymore, exiting..
[2025-11-19 13:17:57.916] [1957] [HailoRT] [error] [driver_os_specific.cpp:176] [convert_errno_to_hailo_status] Ioctl HAILO_FW_CONTROL failed with 19. Read dmesg log for more info
[2025-11-19 13:17:57.916] [1957] [HailoRT] [error] [hailort_driver.cpp:524] [fw_control] CHECK_SUCCESS failed with status=HAILO_DRIVER_OPERATION_FAILED(36) - Failed in fw_control
[2025-11-19 13:17:57.916] [1957] [HailoRT] [error] [vdma_device.cpp:88] [fw_interact_impl] CHECK_SUCCESS failed with status=HAILO_DRIVER_OPERATION_FAILED(36) - Failed to send fw control
[2025-11-19 13:17:57.916] [1957] [HailoRT] [error] [device.cpp:504] [fw_interact] CHECK_SUCCESS failed with status=HAILO_DRIVER_OPERATION_FAILED(36)
[2025-11-19 13:17:57.916] [1957] [HailoRT] [error] [resource_manager.cpp:669] [reset_state_machine] CHECK_SUCCESS failed with status=HAILO_DRIVER_OPERATION_FAILED(36)
[2025-11-19 13:17:57.916] [1957] [HailoRT] [error] [vdma_config_manager.cpp:63] [set_state_machine] CHECK_SUCCESS failed with status=HAILO_DRIVER_OPERATION_FAILED(36) - Failed to disable state machine
[2025-11-19 13:17:57.916] [1957] [HailoRT] [error] [vdma_config_manager.cpp:84] [switch_core_op] CHECK_SUCCESS failed with status=HAILO_DRIVER_OPERATION_FAILED(36) - Failed to set state machine
[2025-11-19 13:17:57.916] [1957] [HailoRT] [error] [scheduler.cpp:151] [deactivate_core_op] CHECK_SUCCESS failed with status=HAILO_DRIVER_OPERATION_FAILED(36) - Scheduler failed deactivate core op on 0001:01:00.0
[2025-11-19 13:17:57.916] [1957] [HailoRT] [error] [scheduler.cpp:391] [shutdown_core_op] Scheduler failed deactivate core op on 0001:01:00.0
[2025-11-19 13:17:58.126] [1977] [HailoRT] [error] [infer_model.cpp:818] [wait_for_async_ready] CHECK failed - Got timeout in `wait_for_async_ready` (10000ms) - the edge 'yolov11n/yolov8_nms_postprocess' could not receive 1 transfer-requests
[2025-11-19 13:49:21.500] [3180] [HailoRT] [error] [driver_os_specific.cpp:34] [open_device_file] CHECK failed - Failed to open device file /dev/hailo0 with error 6
[2025-11-19 13:49:21.505] [3180] [HailoRT] [error] [hailort_driver.cpp:176] [create] CHECK_SUCCESS failed with status=HAILO_DRIVER_OPERATION_FAILED(36)
[2025-11-19 13:49:21.505] [3180] [HailoRT] [error] [pcie_device.cpp:91] [create] CHECK_SUCCESS failed with status=HAILO_DRIVER_OPERATION_FAILED(36)
[2025-11-19 13:49:21.505] [3180] [HailoRT] [error] [device.cpp:128] [create_pcie] CHECK_SUCCESS failed with status=HAILO_DRIVER_OPERATION_FAILED(36)
[2025-11-19 13:50:25.822] [1788] [HailoRT] [info] [device.cpp:49] [Device] OS Version: Linux 6.12.47+rpt-rpi-2712 #1 SMP PREEMPT Debian 1:6.12.47-1+rpt1~bookworm (2025-09-16) aarch64
[2025-11-19 13:50:25.824] [1788] [HailoRT] [info] [control.cpp:108] [control__parse_identify_results] firmware_version is: 4.20.0
[2025-11-19 13:50:25.826] [1788] [HailoRT] [info] [control.cpp:108] [control__parse_identify_results] firmware_version is: 4.20.0
[2025-11-19 13:50:25.880] [1796] [HailoRT] [info] [device.cpp:49] [Device] OS Version: Linux 6.12.47+rpt-rpi-2712 #1 SMP PREEMPT Debian 1:6.12.47-1+rpt1~bookworm (2025-09-16) aarch64
[2025-11-19 13:50:25.882] [1796] [HailoRT] [info] [control.cpp:108] [control__parse_identify_results] firmware_version is: 4.20.0
[2025-11-19 13:50:25.884] [1796] [HailoRT] [info] [control.cpp:108] [control__parse_identify_results] firmware_version is: 4.20.0
[2025-11-19 13:50:27.077] [1775] [HailoRT] [info] [vdevice.cpp:523] [create] Creating vdevice with params: device_count: 1, scheduling_algorithm: ROUND_ROBIN, multi_process_service: false
[2025-11-19 13:50:27.100] [1775] [HailoRT] [info] [device.cpp:49] [Device] OS Version: Linux 6.12.47+rpt-rpi-2712 #1 SMP PREEMPT Debian 1:6.12.47-1+rpt1~bookworm (2025-09-16) aarch64
[2025-11-19 13:50:27.101] [1775] [HailoRT] [info] [control.cpp:108] [control__parse_identify_results] firmware_version is: 4.20.0
[2025-11-19 13:50:27.103] [1775] [HailoRT] [info] [vdevice.cpp:651] [create] VDevice Infos: 0001:01:00.0
[2025-11-19 13:50:27.217] [1775] [HailoRT] [info] [hef.cpp:1929] [get_network_group_and_network_name] No name was given. Addressing all networks of default network_group: yolov11n
[2025-11-19 13:50:27.217] [1775] [HailoRT] [info] [hef.cpp:1929] [get_network_group_and_network_name] No name was given. Addressing all networks of default network_group: yolov11n
[2025-11-19 13:50:27.350] [1775] [HailoRT] [info] [internal_buffer_manager.cpp:204] [print_execution_results] Planned internal buffer memory: CMA memory 0, user memory 2772480. memory to edge layer usage factor is 1
[2025-11-19 13:50:27.350] [1775] [HailoRT] [info] [internal_buffer_manager.cpp:212] [print_execution_results] Default Internal buffer planner executed successfully
[2025-11-19 13:50:27.366] [1775] [HailoRT] [info] [device_internal.cpp:57] [configure] Configuring HEF took 23.39125 milliseconds
[2025-11-19 13:50:27.366] [1775] [HailoRT] [info] [vdevice.cpp:749] [configure] Configuring HEF on VDevice took 24.089856 milliseconds
[2025-11-19 13:50:27.366] [1775] [HailoRT] [info] [infer_model.cpp:436] [configure] Configuring network group 'yolov11n' with params: batch size: 2, power mode: PERFORMANCE, latency: NONE
[2025-11-19 13:50:27.370] [1775] [HailoRT] [info] [multi_io_elements.cpp:756] [create] Created (AsyncHwEl)
[2025-11-19 13:50:27.371] [1775] [HailoRT] [info] [queue_elements.cpp:450] [create] Created (EntryPushQEl0yolov11n/input_layer1 | timeout: 10s)
[2025-11-19 13:50:27.371] [1775] [HailoRT] [info] [filter_elements.cpp:101] [create] Created (PreInferEl3yolov11n/input_layer1 | Reorder - src_order: RGB4, src_shape: (640, 640, 3), dst_order: NHCW, dst_shape: (640, 640, 3))
[2025-11-19 13:50:27.371] [1775] [HailoRT] [info] [queue_elements.cpp:450] [create] Created (PushQEl3yolov11n/input_layer1 | timeout: 10s)
[2025-11-19 13:50:27.371] [1775] [HailoRT] [info] [multi_io_elements.cpp:135] [create] Created (NmsPPMuxEl0YOLOV8-Post-Process | Op YOLOV8, Name: YOLOV8-Post-Process, Score threshold: 0.300, IoU threshold: 0.45, Classes: 80, Cross classes: false, NMS results order: BY_CLASS, Max bboxes per class: 100, Image height: 640, Image width: 640)
[2025-11-19 13:50:27.371] [1775] [HailoRT] [info] [queue_elements.cpp:942] [create] Created (MultiPushQEl0YOLOV8-Post-Process | timeout: 10s)
[2025-11-19 13:50:27.371] [1775] [HailoRT] [info] [edge_elements.cpp:187] [create] Created (LastAsyncEl0NmsPPMuxEl0YOLOV8-Post-Process)
[2025-11-19 13:50:27.371] [1775] [HailoRT] [info] [pipeline.cpp:891] [print_deep_description] EntryPushQEl0yolov11n/input_layer1 | inputs: user | outputs: PreInferEl3yolov11n/input_layer1(running in thread_id: 1843)
[2025-11-19 13:50:27.372] [1775] [HailoRT] [info] [pipeline.cpp:891] [print_deep_description] PreInferEl3yolov11n/input_layer1 | inputs: EntryPushQEl0yolov11n/input_layer1[0] | outputs: PushQEl3yolov11n/input_layer1
[2025-11-19 13:50:27.372] [1775] [HailoRT] [info] [pipeline.cpp:891] [print_deep_description] PushQEl3yolov11n/input_layer1 | inputs: PreInferEl3yolov11n/input_layer1[0] | outputs: AsyncHwEl(running in thread_id: 1844)
[2025-11-19 13:50:27.372] [1775] [HailoRT] [info] [pipeline.cpp:891] [print_deep_description] AsyncHwEl | inputs: PushQEl3yolov11n/input_layer1[0] | outputs: MultiPushQEl0YOLOV8-Post-Process MultiPushQEl0YOLOV8-Post-Process MultiPushQEl0YOLOV8-Post-Process MultiPushQEl0YOLOV8-Post-Process MultiPushQEl0YOLOV8-Post-Process MultiPushQEl0YOLOV8-Post-Process
[2025-11-19 13:50:27.372] [1775] [HailoRT] [info] [pipeline.cpp:891] [print_deep_description] MultiPushQEl0YOLOV8-Post-Process | inputs: AsyncHwEl[0] AsyncHwEl[1] AsyncHwEl[2] AsyncHwEl[3] AsyncHwEl[4] AsyncHwEl[5] | outputs: NmsPPMuxEl0YOLOV8-Post-Process(running in thread_id: 1845)
[2025-11-19 13:50:27.372] [1775] [HailoRT] [info] [pipeline.cpp:891] [print_deep_description] NmsPPMuxEl0YOLOV8-Post-Process | inputs: MultiPushQEl0YOLOV8-Post-Process[0] | outputs: LastAsyncEl0NmsPPMuxEl0YOLOV8-Post-Process
[2025-11-19 13:50:27.372] [1775] [HailoRT] [info] [pipeline.cpp:891] [print_deep_description] LastAsyncEl0NmsPPMuxEl0YOLOV8-Post-Process | inputs: NmsPPMuxEl0YOLOV8-Post-Process[0] | outputs: user
[2025-11-19 13:50:28.165] [1834] [HailoRT] [info] [hef.cpp:1929] [get_network_group_and_network_name] No name was given. Addressing all networks of default network_group: yolov11n
[2025-11-19 13:59:31.856] [2545] [HailoRT] [info] [device.cpp:49] [Device] OS Version: Linux 6.12.47+rpt-rpi-2712 #1 SMP PREEMPT Debian 1:6.12.47-1+rpt1~bookworm (2025-09-16) aarch64
[2025-11-19 13:59:31.858] [2545] [HailoRT] [info] [control.cpp:108] [control__parse_identify_results] firmware_version is: 4.20.0
[2025-11-19 13:59:31.860] [2545] [HailoRT] [info] [control.cpp:108] [control__parse_identify_results] firmware_version is: 4.20.0
[2025-11-19 13:59:31.894] [2554] [HailoRT] [info] [device.cpp:49] [Device] OS Version: Linux 6.12.47+rpt-rpi-2712 #1 SMP PREEMPT Debian 1:6.12.47-1+rpt1~bookworm (2025-09-16) aarch64
[2025-11-19 13:59:31.897] [2554] [HailoRT] [info] [control.cpp:108] [control__parse_identify_results] firmware_version is: 4.20.0
[2025-11-19 13:59:31.900] [2554] [HailoRT] [info] [control.cpp:108] [control__parse_identify_results] firmware_version is: 4.20.0
[2025-11-19 13:59:31.986] [2530] [HailoRT] [info] [vdevice.cpp:523] [create] Creating vdevice with params: device_count: 1, scheduling_algorithm: ROUND_ROBIN, multi_process_service: false
[2025-11-19 13:59:31.990] [2530] [HailoRT] [info] [device.cpp:49] [Device] OS Version: Linux 6.12.47+rpt-rpi-2712 #1 SMP PREEMPT Debian 1:6.12.47-1+rpt1~bookworm (2025-09-16) aarch64
[2025-11-19 13:59:31.994] [2530] [HailoRT] [info] [control.cpp:108] [control__parse_identify_results] firmware_version is: 4.20.0
[2025-11-19 13:59:32.010] [2530] [HailoRT] [error] [vdevice.cpp:820] [create_devices] CHECK failed - Failed to create vdevice. there are not enough free devices. requested: 1, found: 0
[2025-11-19 13:59:32.015] [2530] [HailoRT] [error] [vdevice.cpp:631] [create] CHECK_SUCCESS failed with status=HAILO_OUT_OF_PHYSICAL_DEVICES(74)
[2025-11-19 13:59:32.015] [2530] [HailoRT] [error] [shared_resource_manager.hpp:81] [register_resource] CHECK_SUCCESS failed with status=HAILO_OUT_OF_PHYSICAL_DEVICES(74)
[2025-11-19 13:59:32.015] [2530] [HailoRT] [error] [vdevice.cpp:132] [create] CHECK_SUCCESS failed with status=HAILO_OUT_OF_PHYSICAL_DEVICES(74)
[2025-11-19 13:59:32.015] [2530] [HailoRT] [error] [vdevice.cpp:554] [create] CHECK_SUCCESS failed with status=HAILO_OUT_OF_PHYSICAL_DEVICES(74)
[2025-11-19 14:00:23.692] [1932] [HailoRT] [info] [device.cpp:49] [Device] OS Version: Linux 6.12.47+rpt-rpi-2712 #1 SMP PREEMPT Debian 1:6.12.47-1+rpt1~bookworm (2025-09-16) aarch64
[2025-11-19 14:00:23.696] [1932] [HailoRT] [info] [control.cpp:108] [control__parse_identify_results] firmware_version is: 4.20.0
[2025-11-19 14:00:23.698] [1932] [HailoRT] [info] [control.cpp:108] [control__parse_identify_results] firmware_version is: 4.20.0
[2025-11-19 14:00:23.776] [1942] [HailoRT] [info] [device.cpp:49] [Device] OS Version: Linux 6.12.47+rpt-rpi-2712 #1 SMP PREEMPT Debian 1:6.12.47-1+rpt1~bookworm (2025-09-16) aarch64
[2025-11-19 14:00:23.783] [1942] [HailoRT] [info] [control.cpp:108] [control__parse_identify_results] firmware_version is: 4.20.0
[2025-11-19 14:00:23.786] [1942] [HailoRT] [info] [control.cpp:108] [control__parse_identify_results] firmware_version is: 4.20.0
[2025-11-19 14:00:24.308] [1777] [HailoRT] [info] [vdevice.cpp:523] [create] Creating vdevice with params: device_count: 1, scheduling_algorithm: ROUND_ROBIN, multi_process_service: false
[2025-11-19 14:00:24.333] [1777] [HailoRT] [info] [device.cpp:49] [Device] OS Version: Linux 6.12.47+rpt-rpi-2712 #1 SMP PREEMPT Debian 1:6.12.47-1+rpt1~bookworm (2025-09-16) aarch64
[2025-11-19 14:00:24.335] [1777] [HailoRT] [info] [control.cpp:108] [control__parse_identify_results] firmware_version is: 4.20.0
[2025-11-19 14:00:24.336] [1777] [HailoRT] [info] [vdevice.cpp:651] [create] VDevice Infos: 0001:01:00.0
[2025-11-19 14:00:24.455] [1777] [HailoRT] [info] [hef.cpp:1929] [get_network_group_and_network_name] No name was given. Addressing all networks of default network_group: yolov11n
[2025-11-19 14:00:24.455] [1777] [HailoRT] [info] [hef.cpp:1929] [get_network_group_and_network_name] No name was given. Addressing all networks of default network_group: yolov11n
[2025-11-19 14:00:24.620] [1777] [HailoRT] [info] [internal_buffer_manager.cpp:204] [print_execution_results] Planned internal buffer memory: CMA memory 0, user memory 2772480. memory to edge layer usage factor is 1
[2025-11-19 14:00:24.620] [1777] [HailoRT] [info] [internal_buffer_manager.cpp:212] [print_execution_results] Default Internal buffer planner executed successfully
[2025-11-19 14:00:24.677] [1777] [HailoRT] [info] [device_internal.cpp:57] [configure] Configuring HEF took 76.157148 milliseconds
[2025-11-19 14:00:24.678] [1777] [HailoRT] [info] [vdevice.cpp:749] [configure] Configuring HEF on VDevice took 77.135297 milliseconds
[2025-11-19 14:00:24.678] [1777] [HailoRT] [info] [infer_model.cpp:436] [configure] Configuring network group 'yolov11n' with params: batch size: 2, power mode: PERFORMANCE, latency: NONE
[2025-11-19 14:00:24.683] [1777] [HailoRT] [info] [multi_io_elements.cpp:756] [create] Created (AsyncHwEl)
[2025-11-19 14:00:24.683] [1777] [HailoRT] [info] [queue_elements.cpp:450] [create] Created (EntryPushQEl0yolov11n/input_layer1 | timeout: 10s)
[2025-11-19 14:00:24.684] [1777] [HailoRT] [info] [filter_elements.cpp:101] [create] Created (PreInferEl3yolov11n/input_layer1 | Reorder - src_order: RGB4, src_shape: (640, 640, 3), dst_order: NHCW, dst_shape: (640, 640, 3))
[2025-11-19 14:00:24.684] [1777] [HailoRT] [info] [queue_elements.cpp:450] [create] Created (PushQEl3yolov11n/input_layer1 | timeout: 10s)
[2025-11-19 14:00:24.685] [1777] [HailoRT] [info] [multi_io_elements.cpp:135] [create] Created (NmsPPMuxEl0YOLOV8-Post-Process | Op YOLOV8, Name: YOLOV8-Post-Process, Score threshold: 0.300, IoU threshold: 0.45, Classes: 80, Cross classes: false, NMS results order: BY_CLASS, Max bboxes per class: 100, Image height: 640, Image width: 640)
[2025-11-19 14:00:24.686] [1777] [HailoRT] [info] [queue_elements.cpp:942] [create] Created (MultiPushQEl0YOLOV8-Post-Process | timeout: 10s)
[2025-11-19 14:00:24.686] [1777] [HailoRT] [info] [edge_elements.cpp:187] [create] Created (LastAsyncEl0NmsPPMuxEl0YOLOV8-Post-Process)
[2025-11-19 14:00:24.686] [1777] [HailoRT] [info] [pipeline.cpp:891] [print_deep_description] EntryPushQEl0yolov11n/input_layer1 | inputs: user | outputs: PreInferEl3yolov11n/input_layer1(running in thread_id: 1991)
[2025-11-19 14:00:24.687] [1777] [HailoRT] [info] [pipeline.cpp:891] [print_deep_description] PreInferEl3yolov11n/input_layer1 | inputs: EntryPushQEl0yolov11n/input_layer1[0] | outputs: PushQEl3yolov11n/input_layer1
[2025-11-19 14:00:24.687] [1777] [HailoRT] [info] [pipeline.cpp:891] [print_deep_description] PushQEl3yolov11n/input_layer1 | inputs: PreInferEl3yolov11n/input_layer1[0] | outputs: AsyncHwEl(running in thread_id: 1992)
[2025-11-19 14:00:24.687] [1777] [HailoRT] [info] [pipeline.cpp:891] [print_deep_description] AsyncHwEl | inputs: PushQEl3yolov11n/input_layer1[0] | outputs: MultiPushQEl0YOLOV8-Post-Process MultiPushQEl0YOLOV8-Post-Process MultiPushQEl0YOLOV8-Post-Process MultiPushQEl0YOLOV8-Post-Process MultiPushQEl0YOLOV8-Post-Process MultiPushQEl0YOLOV8-Post-Process
[2025-11-19 14:00:24.687] [1777] [HailoRT] [info] [pipeline.cpp:891] [print_deep_description] MultiPushQEl0YOLOV8-Post-Process | inputs: AsyncHwEl[0] AsyncHwEl[1] AsyncHwEl[2] AsyncHwEl[3] AsyncHwEl[4] AsyncHwEl[5] | outputs: NmsPPMuxEl0YOLOV8-Post-Process(running in thread_id: 1993)
[2025-11-19 14:00:24.687] [1777] [HailoRT] [info] [pipeline.cpp:891] [print_deep_description] NmsPPMuxEl0YOLOV8-Post-Process | inputs: MultiPushQEl0YOLOV8-Post-Process[0] | outputs: LastAsyncEl0NmsPPMuxEl0YOLOV8-Post-Process
[2025-11-19 14:00:24.687] [1777] [HailoRT] [info] [pipeline.cpp:891] [print_deep_description] LastAsyncEl0NmsPPMuxEl0YOLOV8-Post-Process | inputs: NmsPPMuxEl0YOLOV8-Post-Process[0] | outputs: user
[2025-11-19 14:00:25.434] [1981] [HailoRT] [info] [hef.cpp:1929] [get_network_group_and_network_name] No name was given. Addressing all networks of default network_group: yolov11n
[2025-11-19 14:03:00.445] [2263] [HailoRT] [info] [device.cpp:49] [Device] OS Version: Linux 6.12.47+rpt-rpi-2712 #1 SMP PREEMPT Debian 1:6.12.47-1+rpt1~bookworm (2025-09-16) aarch64
[2025-11-19 14:03:00.448] [2263] [HailoRT] [info] [control.cpp:108] [control__parse_identify_results] firmware_version is: 4.20.0
[2025-11-19 14:03:00.450] [2263] [HailoRT] [info] [control.cpp:108] [control__parse_identify_results] firmware_version is: 4.20.0
[2025-11-19 14:03:00.478] [2271] [HailoRT] [info] [device.cpp:49] [Device] OS Version: Linux 6.12.47+rpt-rpi-2712 #1 SMP PREEMPT Debian 1:6.12.47-1+rpt1~bookworm (2025-09-16) aarch64
[2025-11-19 14:03:00.483] [2271] [HailoRT] [info] [control.cpp:108] [control__parse_identify_results] firmware_version is: 4.20.0
[2025-11-19 14:03:00.485] [2271] [HailoRT] [info] [control.cpp:108] [control__parse_identify_results] firmware_version is: 4.20.0
[2025-11-19 14:03:00.567] [2250] [HailoRT] [info] [vdevice.cpp:523] [create] Creating vdevice with params: device_count: 1, scheduling_algorithm: ROUND_ROBIN, multi_process_service: false
[2025-11-19 14:03:00.567] [2250] [HailoRT] [info] [device.cpp:49] [Device] OS Version: Linux 6.12.47+rpt-rpi-2712 #1 SMP PREEMPT Debian 1:6.12.47-1+rpt1~bookworm (2025-09-16) aarch64
[2025-11-19 14:03:00.569] [2250] [HailoRT] [info] [control.cpp:108] [control__parse_identify_results] firmware_version is: 4.20.0
[2025-11-19 14:03:00.601] [2250] [HailoRT] [error] [vdevice.cpp:820] [create_devices] CHECK failed - Failed to create vdevice. there are not enough free devices. requested: 1, found: 0
[2025-11-19 14:03:00.601] [2250] [HailoRT] [error] [vdevice.cpp:631] [create] CHECK_SUCCESS failed with status=HAILO_OUT_OF_PHYSICAL_DEVICES(74)
[2025-11-19 14:03:00.601] [2250] [HailoRT] [error] [shared_resource_manager.hpp:81] [register_resource] CHECK_SUCCESS failed with status=HAILO_OUT_OF_PHYSICAL_DEVICES(74)
[2025-11-19 14:03:00.601] [2250] [HailoRT] [error] [vdevice.cpp:132] [create] CHECK_SUCCESS failed with status=HAILO_OUT_OF_PHYSICAL_DEVICES(74)
[2025-11-19 14:03:00.601] [2250] [HailoRT] [error] [vdevice.cpp:554] [create] CHECK_SUCCESS failed with status=HAILO_OUT_OF_PHYSICAL_DEVICES(74)
[2025-11-19 14:14:32.821] [2518] [HailoRT] [info] [device.cpp:49] [Device] OS Version: Linux 6.12.47+rpt-rpi-2712 #1 SMP PREEMPT Debian 1:6.12.47-1+rpt1~bookworm (2025-09-16) aarch64
[2025-11-19 14:14:32.824] [2518] [HailoRT] [info] [control.cpp:108] [control__parse_identify_results] firmware_version is: 4.20.0
[2025-11-19 14:14:32.826] [2518] [HailoRT] [info] [control.cpp:108] [control__parse_identify_results] firmware_version is: 4.20.0
[2025-11-19 14:14:32.859] [2526] [HailoRT] [info] [device.cpp:49] [Device] OS Version: Linux 6.12.47+rpt-rpi-2712 #1 SMP PREEMPT Debian 1:6.12.47-1+rpt1~bookworm (2025-09-16) aarch64
[2025-11-19 14:14:32.862] [2526] [HailoRT] [info] [control.cpp:108] [control__parse_identify_results] firmware_version is: 4.20.0
[2025-11-19 14:14:32.864] [2526] [HailoRT] [info] [control.cpp:108] [control__parse_identify_results] firmware_version is: 4.20.0
[2025-11-19 14:14:32.957] [2505] [HailoRT] [info] [vdevice.cpp:523] [create] Creating vdevice with params: device_count: 1, scheduling_algorithm: ROUND_ROBIN, multi_process_service: false
[2025-11-19 14:14:32.958] [2505] [HailoRT] [info] [device.cpp:49] [Device] OS Version: Linux 6.12.47+rpt-rpi-2712 #1 SMP PREEMPT Debian 1:6.12.47-1+rpt1~bookworm (2025-09-16) aarch64
[2025-11-19 14:14:32.969] [2505] [HailoRT] [info] [control.cpp:108] [control__parse_identify_results] firmware_version is: 4.20.0
[2025-11-19 14:14:32.993] [2505] [HailoRT] [error] [vdevice.cpp:820] [create_devices] CHECK failed - Failed to create vdevice. there are not enough free devices. requested: 1, found: 0
[2025-11-19 14:14:32.993] [2505] [HailoRT] [error] [vdevice.cpp:631] [create] CHECK_SUCCESS failed with status=HAILO_OUT_OF_PHYSICAL_DEVICES(74)
[2025-11-19 14:14:32.993] [2505] [HailoRT] [error] [shared_resource_manager.hpp:81] [register_resource] CHECK_SUCCESS failed with status=HAILO_OUT_OF_PHYSICAL_DEVICES(74)
[2025-11-19 14:14:32.993] [2505] [HailoRT] [error] [vdevice.cpp:132] [create] CHECK_SUCCESS failed with status=HAILO_OUT_OF_PHYSICAL_DEVICES(74)
[2025-11-19 14:14:32.993] [2505] [HailoRT] [error] [vdevice.cpp:554] [create] CHECK_SUCCESS failed with status=HAILO_OUT_OF_PHYSICAL_DEVICES(74)
[2025-11-19 14:17:12.251] [1831] [HailoRT] [info] [device.cpp:49] [Device] OS Version: Linux 6.12.47+rpt-rpi-2712 #1 SMP PREEMPT Debian 1:6.12.47-1+rpt1~bookworm (2025-09-16) aarch64
[2025-11-19 14:17:12.254] [1831] [HailoRT] [info] [control.cpp:108] [control__parse_identify_results] firmware_version is: 4.20.0
[2025-11-19 14:17:12.255] [1831] [HailoRT] [info] [control.cpp:108] [control__parse_identify_results] firmware_version is: 4.20.0
[2025-11-19 14:17:12.332] [1845] [HailoRT] [info] [device.cpp:49] [Device] OS Version: Linux 6.12.47+rpt-rpi-2712 #1 SMP PREEMPT Debian 1:6.12.47-1+rpt1~bookworm (2025-09-16) aarch64
[2025-11-19 14:17:12.333] [1845] [HailoRT] [info] [control.cpp:108] [control__parse_identify_results] firmware_version is: 4.20.0
[2025-11-19 14:17:12.335] [1845] [HailoRT] [info] [control.cpp:108] [control__parse_identify_results] firmware_version is: 4.20.0
[2025-11-19 14:17:12.917] [1788] [HailoRT] [info] [vdevice.cpp:523] [create] Creating vdevice with params: device_count: 1, scheduling_algorithm: ROUND_ROBIN, multi_process_service: false
[2025-11-19 14:17:12.950] [1788] [HailoRT] [info] [device.cpp:49] [Device] OS Version: Linux 6.12.47+rpt-rpi-2712 #1 SMP PREEMPT Debian 1:6.12.47-1+rpt1~bookworm (2025-09-16) aarch64
[2025-11-19 14:17:12.953] [1788] [HailoRT] [info] [control.cpp:108] [control__parse_identify_results] firmware_version is: 4.20.0
[2025-11-19 14:17:12.956] [1788] [HailoRT] [info] [vdevice.cpp:651] [create] VDevice Infos: 0001:01:00.0
[2025-11-19 14:17:13.114] [1788] [HailoRT] [info] [hef.cpp:1929] [get_network_group_and_network_name] No name was given. Addressing all networks of default network_group: yolov11n
[2025-11-19 14:17:13.114] [1788] [HailoRT] [info] [hef.cpp:1929] [get_network_group_and_network_name] No name was given. Addressing all networks of default network_group: yolov11n
[2025-11-19 14:17:13.469] [1788] [HailoRT] [info] [internal_buffer_manager.cpp:204] [print_execution_results] Planned internal buffer memory: CMA memory 0, user memory 2772480. memory to edge layer usage factor is 1
[2025-11-19 14:17:13.469] [1788] [HailoRT] [info] [internal_buffer_manager.cpp:212] [print_execution_results] Default Internal buffer planner executed successfully
[2025-11-19 14:17:13.492] [1788] [HailoRT] [info] [device_internal.cpp:57] [configure] Configuring HEF took 40.994834 milliseconds
[2025-11-19 14:17:13.494] [1788] [HailoRT] [info] [vdevice.cpp:749] [configure] Configuring HEF on VDevice took 44.037206 milliseconds
[2025-11-19 14:17:13.494] [1788] [HailoRT] [info] [infer_model.cpp:436] [configure] Configuring network group 'yolov11n' with params: batch size: 2, power mode: PERFORMANCE, latency: NONE
[2025-11-19 14:17:13.500] [1788] [HailoRT] [info] [multi_io_elements.cpp:756] [create] Created (AsyncHwEl)
[2025-11-19 14:17:13.506] [1788] [HailoRT] [info] [queue_elements.cpp:450] [create] Created (EntryPushQEl0yolov11n/input_layer1 | timeout: 10s)
[2025-11-19 14:17:13.506] [1788] [HailoRT] [info] [filter_elements.cpp:101] [create] Created (PreInferEl3yolov11n/input_layer1 | Reorder - src_order: RGB4, src_shape: (640, 640, 3), dst_order: NHCW, dst_shape: (640, 640, 3))
[2025-11-19 14:17:13.506] [1788] [HailoRT] [info] [queue_elements.cpp:450] [create] Created (PushQEl3yolov11n/input_layer1 | timeout: 10s)
[2025-11-19 14:17:13.506] [1788] [HailoRT] [info] [multi_io_elements.cpp:135] [create] Created (NmsPPMuxEl0YOLOV8-Post-Process | Op YOLOV8, Name: YOLOV8-Post-Process, Score threshold: 0.300, IoU threshold: 0.45, Classes: 80, Cross classes: false, NMS results order: BY_CLASS, Max bboxes per class: 100, Image height: 640, Image width: 640)
[2025-11-19 14:17:13.506] [1788] [HailoRT] [info] [queue_elements.cpp:942] [create] Created (MultiPushQEl0YOLOV8-Post-Process | timeout: 10s)
[2025-11-19 14:17:13.506] [1788] [HailoRT] [info] [edge_elements.cpp:187] [create] Created (LastAsyncEl0NmsPPMuxEl0YOLOV8-Post-Process)
[2025-11-19 14:17:13.506] [1788] [HailoRT] [info] [pipeline.cpp:891] [print_deep_description] EntryPushQEl0yolov11n/input_layer1 | inputs: user | outputs: PreInferEl3yolov11n/input_layer1(running in thread_id: 1922)
[2025-11-19 14:17:13.513] [1788] [HailoRT] [info] [pipeline.cpp:891] [print_deep_description] PreInferEl3yolov11n/input_layer1 | inputs: EntryPushQEl0yolov11n/input_layer1[0] | outputs: PushQEl3yolov11n/input_layer1
[2025-11-19 14:17:13.513] [1788] [HailoRT] [info] [pipeline.cpp:891] [print_deep_description] PushQEl3yolov11n/input_layer1 | inputs: PreInferEl3yolov11n/input_layer1[0] | outputs: AsyncHwEl(running in thread_id: 1923)
[2025-11-19 14:17:13.513] [1788] [HailoRT] [info] [pipeline.cpp:891] [print_deep_description] AsyncHwEl | inputs: PushQEl3yolov11n/input_layer1[0] | outputs: MultiPushQEl0YOLOV8-Post-Process MultiPushQEl0YOLOV8-Post-Process MultiPushQEl0YOLOV8-Post-Process MultiPushQEl0YOLOV8-Post-Process MultiPushQEl0YOLOV8-Post-Process MultiPushQEl0YOLOV8-Post-Process
[2025-11-19 14:17:13.513] [1788] [HailoRT] [info] [pipeline.cpp:891] [print_deep_description] MultiPushQEl0YOLOV8-Post-Process | inputs: AsyncHwEl[0] AsyncHwEl[1] AsyncHwEl[2] AsyncHwEl[3] AsyncHwEl[4] AsyncHwEl[5] | outputs: NmsPPMuxEl0YOLOV8-Post-Process(running in thread_id: 1924)
[2025-11-19 14:17:13.513] [1788] [HailoRT] [info] [pipeline.cpp:891] [print_deep_description] NmsPPMuxEl0YOLOV8-Post-Process | inputs: MultiPushQEl0YOLOV8-Post-Process[0] | outputs: LastAsyncEl0NmsPPMuxEl0YOLOV8-Post-Process
[2025-11-19 14:17:13.513] [1788] [HailoRT] [info] [pipeline.cpp:891] [print_deep_description] LastAsyncEl0NmsPPMuxEl0YOLOV8-Post-Process | inputs: NmsPPMuxEl0YOLOV8-Post-Process[0] | outputs: user
[2025-11-19 14:17:14.365] [1908] [HailoRT] [info] [hef.cpp:1929] [get_network_group_and_network_name] No name was given. Addressing all networks of default network_group: yolov11n
[2025-11-19 14:31:42.955] [2527] [HailoRT] [info] [device.cpp:49] [Device] OS Version: Linux 6.12.47+rpt-rpi-2712 #1 SMP PREEMPT Debian 1:6.12.47-1+rpt1~bookworm (2025-09-16) aarch64
[2025-11-19 14:31:42.957] [2527] [HailoRT] [info] [control.cpp:108] [control__parse_identify_results] firmware_version is: 4.20.0
[2025-11-19 14:31:42.958] [2527] [HailoRT] [info] [control.cpp:108] [control__parse_identify_results] firmware_version is: 4.20.0
[2025-11-19 14:31:42.997] [2536] [HailoRT] [info] [device.cpp:49] [Device] OS Version: Linux 6.12.47+rpt-rpi-2712 #1 SMP PREEMPT Debian 1:6.12.47-1+rpt1~bookworm (2025-09-16) aarch64
[2025-11-19 14:31:43.000] [2536] [HailoRT] [info] [control.cpp:108] [control__parse_identify_results] firmware_version is: 4.20.0
[2025-11-19 14:31:43.001] [2536] [HailoRT] [info] [control.cpp:108] [control__parse_identify_results] firmware_version is: 4.20.0
[2025-11-19 14:31:43.077] [2511] [HailoRT] [info] [vdevice.cpp:523] [create] Creating vdevice with params: device_count: 1, scheduling_algorithm: ROUND_ROBIN, multi_process_service: false
[2025-11-19 14:31:43.077] [2511] [HailoRT] [info] [device.cpp:49] [Device] OS Version: Linux 6.12.47+rpt-rpi-2712 #1 SMP PREEMPT Debian 1:6.12.47-1+rpt1~bookworm (2025-09-16) aarch64
[2025-11-19 14:31:43.085] [2511] [HailoRT] [info] [control.cpp:108] [control__parse_identify_results] firmware_version is: 4.20.0
[2025-11-19 14:31:43.109] [2511] [HailoRT] [error] [vdevice.cpp:820] [create_devices] CHECK failed - Failed to create vdevice. there are not enough free devices. requested: 1, found: 0
[2025-11-19 14:31:43.109] [2511] [HailoRT] [error] [vdevice.cpp:631] [create] CHECK_SUCCESS failed with status=HAILO_OUT_OF_PHYSICAL_DEVICES(74)
[2025-11-19 14:31:43.109] [2511] [HailoRT] [error] [shared_resource_manager.hpp:81] [register_resource] CHECK_SUCCESS failed with status=HAILO_OUT_OF_PHYSICAL_DEVICES(74)
[2025-11-19 14:31:43.109] [2511] [HailoRT] [error] [vdevice.cpp:132] [create] CHECK_SUCCESS failed with status=HAILO_OUT_OF_PHYSICAL_DEVICES(74)
[2025-11-19 14:31:43.109] [2511] [HailoRT] [error] [vdevice.cpp:554] [create] CHECK_SUCCESS failed with status=HAILO_OUT_OF_PHYSICAL_DEVICES(74)
[2025-11-19 14:32:35.439] [1888] [HailoRT] [info] [device.cpp:49] [Device] OS Version: Linux 6.12.47+rpt-rpi-2712 #1 SMP PREEMPT Debian 1:6.12.47-1+rpt1~bookworm (2025-09-16) aarch64
[2025-11-19 14:32:35.442] [1888] [HailoRT] [info] [control.cpp:108] [control__parse_identify_results] firmware_version is: 4.20.0
[2025-11-19 14:32:35.444] [1888] [HailoRT] [info] [control.cpp:108] [control__parse_identify_results] firmware_version is: 4.20.0
[2025-11-19 14:32:35.539] [1908] [HailoRT] [info] [device.cpp:49] [Device] OS Version: Linux 6.12.47+rpt-rpi-2712 #1 SMP PREEMPT Debian 1:6.12.47-1+rpt1~bookworm (2025-09-16) aarch64
[2025-11-19 14:32:35.540] [1908] [HailoRT] [info] [control.cpp:108] [control__parse_identify_results] firmware_version is: 4.20.0
[2025-11-19 14:32:35.541] [1908] [HailoRT] [info] [control.cpp:108] [control__parse_identify_results] firmware_version is: 4.20.0
[2025-11-19 14:32:36.565] [1779] [HailoRT] [info] [vdevice.cpp:523] [create] Creating vdevice with params: device_count: 1, scheduling_algorithm: ROUND_ROBIN, multi_process_service: false
[2025-11-19 14:32:36.598] [1779] [HailoRT] [info] [device.cpp:49] [Device] OS Version: Linux 6.12.47+rpt-rpi-2712 #1 SMP PREEMPT Debian 1:6.12.47-1+rpt1~bookworm (2025-09-16) aarch64
[2025-11-19 14:32:36.602] [1779] [HailoRT] [info] [control.cpp:108] [control__parse_identify_results] firmware_version is: 4.20.0
[2025-11-19 14:32:36.605] [1779] [HailoRT] [info] [vdevice.cpp:651] [create] VDevice Infos: 0001:01:00.0
[2025-11-19 14:32:36.758] [1779] [HailoRT] [info] [hef.cpp:1929] [get_network_group_and_network_name] No name was given. Addressing all networks of default network_group: yolov11n
[2025-11-19 14:32:36.758] [1779] [HailoRT] [info] [hef.cpp:1929] [get_network_group_and_network_name] No name was given. Addressing all networks of default network_group: yolov11n
[2025-11-19 14:32:36.937] [1779] [HailoRT] [info] [internal_buffer_manager.cpp:204] [print_execution_results] Planned internal buffer memory: CMA memory 0, user memory 2772480. memory to edge layer usage factor is 1
[2025-11-19 14:32:36.937] [1779] [HailoRT] [info] [internal_buffer_manager.cpp:212] [print_execution_results] Default Internal buffer planner executed successfully
[2025-11-19 14:32:36.993] [1779] [HailoRT] [info] [device_internal.cpp:57] [configure] Configuring HEF took 71.258907 milliseconds
[2025-11-19 14:32:36.994] [1779] [HailoRT] [info] [vdevice.cpp:749] [configure] Configuring HEF on VDevice took 73.230963 milliseconds
[2025-11-19 14:32:36.994] [1779] [HailoRT] [info] [infer_model.cpp:436] [configure] Configuring network group 'yolov11n' with params: batch size: 2, power mode: PERFORMANCE, latency: NONE
[2025-11-19 14:32:37.023] [1779] [HailoRT] [info] [multi_io_elements.cpp:756] [create] Created (AsyncHwEl)
[2025-11-19 14:32:37.027] [1779] [HailoRT] [info] [queue_elements.cpp:450] [create] Created (EntryPushQEl0yolov11n/input_layer1 | timeout: 10s)
[2025-11-19 14:32:37.027] [1779] [HailoRT] [info] [filter_elements.cpp:101] [create] Created (PreInferEl3yolov11n/input_layer1 | Reorder - src_order: RGB4, src_shape: (640, 640, 3), dst_order: NHCW, dst_shape: (640, 640, 3))
[2025-11-19 14:32:37.029] [1779] [HailoRT] [info] [queue_elements.cpp:450] [create] Created (PushQEl3yolov11n/input_layer1 | timeout: 10s)
[2025-11-19 14:32:37.029] [1779] [HailoRT] [info] [multi_io_elements.cpp:135] [create] Created (NmsPPMuxEl0YOLOV8-Post-Process | Op YOLOV8, Name: YOLOV8-Post-Process, Score threshold: 0.300, IoU threshold: 0.45, Classes: 80, Cross classes: false, NMS results order: BY_CLASS, Max bboxes per class: 100, Image height: 640, Image width: 640)
[2025-11-19 14:32:37.033] [1779] [HailoRT] [info] [queue_elements.cpp:942] [create] Created (MultiPushQEl0YOLOV8-Post-Process | timeout: 10s)
[2025-11-19 14:32:37.033] [1779] [HailoRT] [info] [edge_elements.cpp:187] [create] Created (LastAsyncEl0NmsPPMuxEl0YOLOV8-Post-Process)
[2025-11-19 14:32:37.033] [1779] [HailoRT] [info] [pipeline.cpp:891] [print_deep_description] EntryPushQEl0yolov11n/input_layer1 | inputs: user | outputs: PreInferEl3yolov11n/input_layer1(running in thread_id: 1989)
[2025-11-19 14:32:37.034] [1779] [HailoRT] [info] [pipeline.cpp:891] [print_deep_description] PreInferEl3yolov11n/input_layer1 | inputs: EntryPushQEl0yolov11n/input_layer1[0] | outputs: PushQEl3yolov11n/input_layer1
[2025-11-19 14:32:37.034] [1779] [HailoRT] [info] [pipeline.cpp:891] [print_deep_description] PushQEl3yolov11n/input_layer1 | inputs: PreInferEl3yolov11n/input_layer1[0] | outputs: AsyncHwEl(running in thread_id: 1990)
[2025-11-19 14:32:37.034] [1779] [HailoRT] [info] [pipeline.cpp:891] [print_deep_description] AsyncHwEl | inputs: PushQEl3yolov11n/input_layer1[0] | outputs: MultiPushQEl0YOLOV8-Post-Process MultiPushQEl0YOLOV8-Post-Process MultiPushQEl0YOLOV8-Post-Process MultiPushQEl0YOLOV8-Post-Process MultiPushQEl0YOLOV8-Post-Process MultiPushQEl0YOLOV8-Post-Process
[2025-11-19 14:32:37.034] [1779] [HailoRT] [info] [pipeline.cpp:891] [print_deep_description] MultiPushQEl0YOLOV8-Post-Process | inputs: AsyncHwEl[0] AsyncHwEl[1] AsyncHwEl[2] AsyncHwEl[3] AsyncHwEl[4] AsyncHwEl[5] | outputs: NmsPPMuxEl0YOLOV8-Post-Process(running in thread_id: 1991)
[2025-11-19 14:32:37.034] [1779] [HailoRT] [info] [pipeline.cpp:891] [print_deep_description] NmsPPMuxEl0YOLOV8-Post-Process | inputs: MultiPushQEl0YOLOV8-Post-Process[0] | outputs: LastAsyncEl0NmsPPMuxEl0YOLOV8-Post-Process
[2025-11-19 14:32:37.034] [1779] [HailoRT] [info] [pipeline.cpp:891] [print_deep_description] LastAsyncEl0NmsPPMuxEl0YOLOV8-Post-Process | inputs: NmsPPMuxEl0YOLOV8-Post-Process[0] | outputs: user
[2025-11-19 14:32:37.930] [1977] [HailoRT] [info] [hef.cpp:1929] [get_network_group_and_network_name] No name was given. Addressing all networks of default network_group: yolov11n
[2025-11-19 14:34:14.114] [2214] [HailoRT] [info] [device.cpp:49] [Device] OS Version: Linux 6.12.47+rpt-rpi-2712 #1 SMP PREEMPT Debian 1:6.12.47-1+rpt1~bookworm (2025-09-16) aarch64
[2025-11-19 14:34:14.117] [2214] [HailoRT] [info] [control.cpp:108] [control__parse_identify_results] firmware_version is: 4.20.0
[2025-11-19 14:34:14.119] [2214] [HailoRT] [info] [control.cpp:108] [control__parse_identify_results] firmware_version is: 4.20.0
[2025-11-19 14:34:14.146] [2222] [HailoRT] [info] [device.cpp:49] [Device] OS Version: Linux 6.12.47+rpt-rpi-2712 #1 SMP PREEMPT Debian 1:6.12.47-1+rpt1~bookworm (2025-09-16) aarch64
[2025-11-19 14:34:14.148] [2222] [HailoRT] [info] [control.cpp:108] [control__parse_identify_results] firmware_version is: 4.20.0
[2025-11-19 14:34:14.149] [2222] [HailoRT] [info] [control.cpp:108] [control__parse_identify_results] firmware_version is: 4.20.0
[2025-11-19 14:34:14.230] [2201] [HailoRT] [info] [vdevice.cpp:523] [create] Creating vdevice with params: device_count: 1, scheduling_algorithm: ROUND_ROBIN, multi_process_service: false
[2025-11-19 14:34:14.234] [2201] [HailoRT] [info] [device.cpp:49] [Device] OS Version: Linux 6.12.47+rpt-rpi-2712 #1 SMP PREEMPT Debian 1:6.12.47-1+rpt1~bookworm (2025-09-16) aarch64
[2025-11-19 14:34:14.239] [2201] [HailoRT] [info] [control.cpp:108] [control__parse_identify_results] firmware_version is: 4.20.0
[2025-11-19 14:34:14.263] [2201] [HailoRT] [error] [vdevice.cpp:820] [create_devices] CHECK failed - Failed to create vdevice. there are not enough free devices. requested: 1, found: 0
[2025-11-19 14:34:14.263] [2201] [HailoRT] [error] [vdevice.cpp:631] [create] CHECK_SUCCESS failed with status=HAILO_OUT_OF_PHYSICAL_DEVICES(74)
[2025-11-19 14:34:14.263] [2201] [HailoRT] [error] [shared_resource_manager.hpp:81] [register_resource] CHECK_SUCCESS failed with status=HAILO_OUT_OF_PHYSICAL_DEVICES(74)
[2025-11-19 14:34:14.263] [2201] [HailoRT] [error] [vdevice.cpp:132] [create] CHECK_SUCCESS failed with status=HAILO_OUT_OF_PHYSICAL_DEVICES(74)
[2025-11-19 14:34:14.263] [2201] [HailoRT] [error] [vdevice.cpp:554] [create] CHECK_SUCCESS failed with status=HAILO_OUT_OF_PHYSICAL_DEVICES(74)
[2025-11-19 14:44:34.581] [2635] [HailoRT] [info] [device.cpp:49] [Device] OS Version: Linux 6.12.47+rpt-rpi-2712 #1 SMP PREEMPT Debian 1:6.12.47-1+rpt1~bookworm (2025-09-16) aarch64
[2025-11-19 14:44:34.582] [2635] [HailoRT] [info] [control.cpp:108] [control__parse_identify_results] firmware_version is: 4.20.0
[2025-11-19 14:44:34.585] [2635] [HailoRT] [info] [control.cpp:108] [control__parse_identify_results] firmware_version is: 4.20.0
[2025-11-19 14:44:34.614] [2644] [HailoRT] [info] [device.cpp:49] [Device] OS Version: Linux 6.12.47+rpt-rpi-2712 #1 SMP PREEMPT Debian 1:6.12.47-1+rpt1~bookworm (2025-09-16) aarch64
[2025-11-19 14:44:34.615] [2644] [HailoRT] [info] [control.cpp:108] [control__parse_identify_results] firmware_version is: 4.20.0
[2025-11-19 14:44:34.618] [2644] [HailoRT] [info] [control.cpp:108] [control__parse_identify_results] firmware_version is: 4.20.0
[2025-11-19 14:44:34.711] [2620] [HailoRT] [info] [vdevice.cpp:523] [create] Creating vdevice with params: device_count: 1, scheduling_algorithm: ROUND_ROBIN, multi_process_service: false
[2025-11-19 14:44:34.712] [2620] [HailoRT] [info] [device.cpp:49] [Device] OS Version: Linux 6.12.47+rpt-rpi-2712 #1 SMP PREEMPT Debian 1:6.12.47-1+rpt1~bookworm (2025-09-16) aarch64
[2025-11-19 14:44:34.714] [2620] [HailoRT] [info] [control.cpp:108] [control__parse_identify_results] firmware_version is: 4.20.0
[2025-11-19 14:44:34.747] [2620] [HailoRT] [error] [vdevice.cpp:820] [create_devices] CHECK failed - Failed to create vdevice. there are not enough free devices. requested: 1, found: 0
[2025-11-19 14:44:34.747] [2620] [HailoRT] [error] [vdevice.cpp:631] [create] CHECK_SUCCESS failed with status=HAILO_OUT_OF_PHYSICAL_DEVICES(74)
[2025-11-19 14:44:34.747] [2620] [HailoRT] [error] [shared_resource_manager.hpp:81] [register_resource] CHECK_SUCCESS failed with status=HAILO_OUT_OF_PHYSICAL_DEVICES(74)
[2025-11-19 14:44:34.747] [2620] [HailoRT] [error] [vdevice.cpp:132] [create] CHECK_SUCCESS failed with status=HAILO_OUT_OF_PHYSICAL_DEVICES(74)
[2025-11-19 14:44:34.747] [2620] [HailoRT] [error] [vdevice.cpp:554] [create] CHECK_SUCCESS failed with status=HAILO_OUT_OF_PHYSICAL_DEVICES(74)
[2025-11-19 14:45:23.150] [1850] [HailoRT] [info] [device.cpp:49] [Device] OS Version: Linux 6.12.47+rpt-rpi-2712 #1 SMP PREEMPT Debian 1:6.12.47-1+rpt1~bookworm (2025-09-16) aarch64
[2025-11-19 14:45:23.151] [1850] [HailoRT] [info] [control.cpp:108] [control__parse_identify_results] firmware_version is: 4.20.0
[2025-11-19 14:45:23.152] [1850] [HailoRT] [info] [control.cpp:108] [control__parse_identify_results] firmware_version is: 4.20.0
[2025-11-19 14:45:23.232] [1877] [HailoRT] [info] [device.cpp:49] [Device] OS Version: Linux 6.12.47+rpt-rpi-2712 #1 SMP PREEMPT Debian 1:6.12.47-1+rpt1~bookworm (2025-09-16) aarch64
[2025-11-19 14:45:23.235] [1877] [HailoRT] [info] [control.cpp:108] [control__parse_identify_results] firmware_version is: 4.20.0
[2025-11-19 14:45:23.236] [1877] [HailoRT] [info] [control.cpp:108] [control__parse_identify_results] firmware_version is: 4.20.0
[2025-11-19 14:45:23.927] [1771] [HailoRT] [info] [vdevice.cpp:523] [create] Creating vdevice with params: device_count: 1, scheduling_algorithm: ROUND_ROBIN, multi_process_service: false
[2025-11-19 14:45:23.957] [1771] [HailoRT] [info] [device.cpp:49] [Device] OS Version: Linux 6.12.47+rpt-rpi-2712 #1 SMP PREEMPT Debian 1:6.12.47-1+rpt1~bookworm (2025-09-16) aarch64
[2025-11-19 14:45:23.963] [1771] [HailoRT] [info] [control.cpp:108] [control__parse_identify_results] firmware_version is: 4.20.0
[2025-11-19 14:45:23.965] [1771] [HailoRT] [info] [vdevice.cpp:651] [create] VDevice Infos: 0001:01:00.0
[2025-11-19 14:45:24.139] [1771] [HailoRT] [info] [hef.cpp:1929] [get_network_group_and_network_name] No name was given. Addressing all networks of default network_group: yolov11n
[2025-11-19 14:45:24.139] [1771] [HailoRT] [info] [hef.cpp:1929] [get_network_group_and_network_name] No name was given. Addressing all networks of default network_group: yolov11n
[2025-11-19 14:45:24.389] [1771] [HailoRT] [info] [internal_buffer_manager.cpp:204] [print_execution_results] Planned internal buffer memory: CMA memory 0, user memory 2772480. memory to edge layer usage factor is 1
[2025-11-19 14:45:24.389] [1771] [HailoRT] [info] [internal_buffer_manager.cpp:212] [print_execution_results] Default Internal buffer planner executed successfully
[2025-11-19 14:45:24.409] [1771] [HailoRT] [info] [device_internal.cpp:57] [configure] Configuring HEF took 37.920371 milliseconds
[2025-11-19 14:45:24.409] [1771] [HailoRT] [info] [vdevice.cpp:749] [configure] Configuring HEF on VDevice took 38.743204 milliseconds
[2025-11-19 14:45:24.409] [1771] [HailoRT] [info] [infer_model.cpp:436] [configure] Configuring network group 'yolov11n' with params: batch size: 2, power mode: PERFORMANCE, latency: NONE
[2025-11-19 14:45:24.419] [1771] [HailoRT] [info] [multi_io_elements.cpp:756] [create] Created (AsyncHwEl)
[2025-11-19 14:45:24.425] [1771] [HailoRT] [info] [queue_elements.cpp:450] [create] Created (EntryPushQEl0yolov11n/input_layer1 | timeout: 10s)
[2025-11-19 14:45:24.425] [1771] [HailoRT] [info] [filter_elements.cpp:101] [create] Created (PreInferEl3yolov11n/input_layer1 | Reorder - src_order: RGB4, src_shape: (640, 640, 3), dst_order: NHCW, dst_shape: (640, 640, 3))
[2025-11-19 14:45:24.425] [1771] [HailoRT] [info] [queue_elements.cpp:450] [create] Created (PushQEl3yolov11n/input_layer1 | timeout: 10s)
[2025-11-19 14:45:24.426] [1771] [HailoRT] [info] [multi_io_elements.cpp:135] [create] Created (NmsPPMuxEl0YOLOV8-Post-Process | Op YOLOV8, Name: YOLOV8-Post-Process, Score threshold: 0.300, IoU threshold: 0.45, Classes: 80, Cross classes: false, NMS results order: BY_CLASS, Max bboxes per class: 100, Image height: 640, Image width: 640)
[2025-11-19 14:45:24.426] [1771] [HailoRT] [info] [queue_elements.cpp:942] [create] Created (MultiPushQEl0YOLOV8-Post-Process | timeout: 10s)
[2025-11-19 14:45:24.426] [1771] [HailoRT] [info] [edge_elements.cpp:187] [create] Created (LastAsyncEl0NmsPPMuxEl0YOLOV8-Post-Process)
[2025-11-19 14:45:24.426] [1771] [HailoRT] [info] [pipeline.cpp:891] [print_deep_description] EntryPushQEl0yolov11n/input_layer1 | inputs: user | outputs: PreInferEl3yolov11n/input_layer1(running in thread_id: 1957)
[2025-11-19 14:45:24.434] [1771] [HailoRT] [info] [pipeline.cpp:891] [print_deep_description] PreInferEl3yolov11n/input_layer1 | inputs: EntryPushQEl0yolov11n/input_layer1[0] | outputs: PushQEl3yolov11n/input_layer1
[2025-11-19 14:45:24.434] [1771] [HailoRT] [info] [pipeline.cpp:891] [print_deep_description] PushQEl3yolov11n/input_layer1 | inputs: PreInferEl3yolov11n/input_layer1[0] | outputs: AsyncHwEl(running in thread_id: 1958)
[2025-11-19 14:45:24.434] [1771] [HailoRT] [info] [pipeline.cpp:891] [print_deep_description] AsyncHwEl | inputs: PushQEl3yolov11n/input_layer1[0] | outputs: MultiPushQEl0YOLOV8-Post-Process MultiPushQEl0YOLOV8-Post-Process MultiPushQEl0YOLOV8-Post-Process MultiPushQEl0YOLOV8-Post-Process MultiPushQEl0YOLOV8-Post-Process MultiPushQEl0YOLOV8-Post-Process
[2025-11-19 14:45:24.435] [1771] [HailoRT] [info] [pipeline.cpp:891] [print_deep_description] MultiPushQEl0YOLOV8-Post-Process | inputs: AsyncHwEl[0] AsyncHwEl[1] AsyncHwEl[2] AsyncHwEl[3] AsyncHwEl[4] AsyncHwEl[5] | outputs: NmsPPMuxEl0YOLOV8-Post-Process(running in thread_id: 1959)
[2025-11-19 14:45:24.435] [1771] [HailoRT] [info] [pipeline.cpp:891] [print_deep_description] NmsPPMuxEl0YOLOV8-Post-Process | inputs: MultiPushQEl0YOLOV8-Post-Process[0] | outputs: LastAsyncEl0NmsPPMuxEl0YOLOV8-Post-Process
[2025-11-19 14:45:24.435] [1771] [HailoRT] [info] [pipeline.cpp:891] [print_deep_description] LastAsyncEl0NmsPPMuxEl0YOLOV8-Post-Process | inputs: NmsPPMuxEl0YOLOV8-Post-Process[0] | outputs: user
[2025-11-19 14:45:25.231] [1943] [HailoRT] [info] [hef.cpp:1929] [get_network_group_and_network_name] No name was given. Addressing all networks of default network_group: yolov11n
[2025-11-19 14:46:30.063] [2121] [HailoRT] [info] [device.cpp:49] [Device] OS Version: Linux 6.12.47+rpt-rpi-2712 #1 SMP PREEMPT Debian 1:6.12.47-1+rpt1~bookworm (2025-09-16) aarch64
[2025-11-19 14:46:30.065] [2121] [HailoRT] [info] [control.cpp:108] [control__parse_identify_results] firmware_version is: 4.20.0
[2025-11-19 14:46:30.067] [2121] [HailoRT] [info] [control.cpp:108] [control__parse_identify_results] firmware_version is: 4.20.0
[2025-11-19 14:46:30.090] [2129] [HailoRT] [info] [device.cpp:49] [Device] OS Version: Linux 6.12.47+rpt-rpi-2712 #1 SMP PREEMPT Debian 1:6.12.47-1+rpt1~bookworm (2025-09-16) aarch64
[2025-11-19 14:46:30.092] [2129] [HailoRT] [info] [control.cpp:108] [control__parse_identify_results] firmware_version is: 4.20.0
[2025-11-19 14:46:30.095] [2129] [HailoRT] [info] [control.cpp:108] [control__parse_identify_results] firmware_version is: 4.20.0
[2025-11-19 14:46:30.185] [2107] [HailoRT] [info] [vdevice.cpp:523] [create] Creating vdevice with params: device_count: 1, scheduling_algorithm: ROUND_ROBIN, multi_process_service: false
[2025-11-19 14:46:30.185] [2107] [HailoRT] [info] [device.cpp:49] [Device] OS Version: Linux 6.12.47+rpt-rpi-2712 #1 SMP PREEMPT Debian 1:6.12.47-1+rpt1~bookworm (2025-09-16) aarch64
[2025-11-19 14:46:30.191] [2107] [HailoRT] [info] [control.cpp:108] [control__parse_identify_results] firmware_version is: 4.20.0
[2025-11-19 14:46:30.219] [2107] [HailoRT] [error] [vdevice.cpp:820] [create_devices] CHECK failed - Failed to create vdevice. there are not enough free devices. requested: 1, found: 0
[2025-11-19 14:46:30.219] [2107] [HailoRT] [error] [vdevice.cpp:631] [create] CHECK_SUCCESS failed with status=HAILO_OUT_OF_PHYSICAL_DEVICES(74)
[2025-11-19 14:46:30.219] [2107] [HailoRT] [error] [shared_resource_manager.hpp:81] [register_resource] CHECK_SUCCESS failed with status=HAILO_OUT_OF_PHYSICAL_DEVICES(74)
[2025-11-19 14:46:30.219] [2107] [HailoRT] [error] [vdevice.cpp:132] [create] CHECK_SUCCESS failed with status=HAILO_OUT_OF_PHYSICAL_DEVICES(74)
[2025-11-19 14:46:30.219] [2107] [HailoRT] [error] [vdevice.cpp:554] [create] CHECK_SUCCESS failed with status=HAILO_OUT_OF_PHYSICAL_DEVICES(74)
[2025-11-19 14:47:54.908] [1778] [HailoRT] [info] [device.cpp:49] [Device] OS Version: Linux 6.12.47+rpt-rpi-2712 #1 SMP PREEMPT Debian 1:6.12.47-1+rpt1~bookworm (2025-09-16) aarch64
[2025-11-19 14:47:54.910] [1778] [HailoRT] [info] [control.cpp:108] [control__parse_identify_results] firmware_version is: 4.20.0
[2025-11-19 14:47:54.910] [1778] [HailoRT] [info] [control.cpp:108] [control__parse_identify_results] firmware_version is: 4.20.0
[2025-11-19 14:47:54.974] [1786] [HailoRT] [info] [device.cpp:49] [Device] OS Version: Linux 6.12.47+rpt-rpi-2712 #1 SMP PREEMPT Debian 1:6.12.47-1+rpt1~bookworm (2025-09-16) aarch64
[2025-11-19 14:47:54.976] [1786] [HailoRT] [info] [control.cpp:108] [control__parse_identify_results] firmware_version is: 4.20.0
[2025-11-19 14:47:54.977] [1786] [HailoRT] [info] [control.cpp:108] [control__parse_identify_results] firmware_version is: 4.20.0
[2025-11-19 14:47:55.324] [1765] [HailoRT] [info] [vdevice.cpp:523] [create] Creating vdevice with params: device_count: 1, scheduling_algorithm: ROUND_ROBIN, multi_process_service: false
[2025-11-19 14:47:55.346] [1765] [HailoRT] [info] [device.cpp:49] [Device] OS Version: Linux 6.12.47+rpt-rpi-2712 #1 SMP PREEMPT Debian 1:6.12.47-1+rpt1~bookworm (2025-09-16) aarch64
[2025-11-19 14:47:55.347] [1765] [HailoRT] [info] [control.cpp:108] [control__parse_identify_results] firmware_version is: 4.20.0
[2025-11-19 14:47:55.349] [1765] [HailoRT] [info] [vdevice.cpp:651] [create] VDevice Infos: 0001:01:00.0
[2025-11-19 14:47:55.466] [1765] [HailoRT] [info] [hef.cpp:1929] [get_network_group_and_network_name] No name was given. Addressing all networks of default network_group: yolov11n
[2025-11-19 14:47:55.466] [1765] [HailoRT] [info] [hef.cpp:1929] [get_network_group_and_network_name] No name was given. Addressing all networks of default network_group: yolov11n
[2025-11-19 14:47:55.525] [1765] [HailoRT] [info] [internal_buffer_manager.cpp:204] [print_execution_results] Planned internal buffer memory: CMA memory 0, user memory 2772480. memory to edge layer usage factor is 1
[2025-11-19 14:47:55.525] [1765] [HailoRT] [info] [internal_buffer_manager.cpp:212] [print_execution_results] Default Internal buffer planner executed successfully
[2025-11-19 14:47:55.588] [1765] [HailoRT] [info] [device_internal.cpp:57] [configure] Configuring HEF took 75.560259 milliseconds
[2025-11-19 14:47:55.588] [1765] [HailoRT] [info] [vdevice.cpp:749] [configure] Configuring HEF on VDevice took 76.298 milliseconds
[2025-11-19 14:47:55.588] [1765] [HailoRT] [info] [infer_model.cpp:436] [configure] Configuring network group 'yolov11n' with params: batch size: 2, power mode: PERFORMANCE, latency: NONE
[2025-11-19 14:47:55.593] [1765] [HailoRT] [info] [multi_io_elements.cpp:756] [create] Created (AsyncHwEl)
[2025-11-19 14:47:55.593] [1765] [HailoRT] [info] [queue_elements.cpp:450] [create] Created (EntryPushQEl0yolov11n/input_layer1 | timeout: 10s)
[2025-11-19 14:47:55.594] [1765] [HailoRT] [info] [filter_elements.cpp:101] [create] Created (PreInferEl3yolov11n/input_layer1 | Reorder - src_order: RGB4, src_shape: (640, 640, 3), dst_order: NHCW, dst_shape: (640, 640, 3))
[2025-11-19 14:47:55.594] [1765] [HailoRT] [info] [queue_elements.cpp:450] [create] Created (PushQEl3yolov11n/input_layer1 | timeout: 10s)
[2025-11-19 14:47:55.594] [1765] [HailoRT] [info] [multi_io_elements.cpp:135] [create] Created (NmsPPMuxEl0YOLOV8-Post-Process | Op YOLOV8, Name: YOLOV8-Post-Process, Score threshold: 0.300, IoU threshold: 0.45, Classes: 80, Cross classes: false, NMS results order: BY_CLASS, Max bboxes per class: 100, Image height: 640, Image width: 640)
[2025-11-19 14:47:55.594] [1765] [HailoRT] [info] [queue_elements.cpp:942] [create] Created (MultiPushQEl0YOLOV8-Post-Process | timeout: 10s)
[2025-11-19 14:47:55.594] [1765] [HailoRT] [info] [edge_elements.cpp:187] [create] Created (LastAsyncEl0NmsPPMuxEl0YOLOV8-Post-Process)
[2025-11-19 14:47:55.594] [1765] [HailoRT] [info] [pipeline.cpp:891] [print_deep_description] EntryPushQEl0yolov11n/input_layer1 | inputs: user | outputs: PreInferEl3yolov11n/input_layer1(running in thread_id: 1833)
[2025-11-19 14:47:55.595] [1765] [HailoRT] [info] [pipeline.cpp:891] [print_deep_description] PreInferEl3yolov11n/input_layer1 | inputs: EntryPushQEl0yolov11n/input_layer1[0] | outputs: PushQEl3yolov11n/input_layer1
[2025-11-19 14:47:55.595] [1765] [HailoRT] [info] [pipeline.cpp:891] [print_deep_description] PushQEl3yolov11n/input_layer1 | inputs: PreInferEl3yolov11n/input_layer1[0] | outputs: AsyncHwEl(running in thread_id: 1834)
[2025-11-19 14:47:55.595] [1765] [HailoRT] [info] [pipeline.cpp:891] [print_deep_description] AsyncHwEl | inputs: PushQEl3yolov11n/input_layer1[0] | outputs: MultiPushQEl0YOLOV8-Post-Process MultiPushQEl0YOLOV8-Post-Process MultiPushQEl0YOLOV8-Post-Process MultiPushQEl0YOLOV8-Post-Process MultiPushQEl0YOLOV8-Post-Process MultiPushQEl0YOLOV8-Post-Process
[2025-11-19 14:47:55.595] [1765] [HailoRT] [info] [pipeline[2025-11-19 14:50:03.805] [2098] [HailoRT] [info] [device.cpp:49] [Device] OS Version: Linux 6.12.47+rpt-rpi-2712 #1 SMP PREEMPT Debian 1:6.12.47-1+rpt1~bookworm (2025-09-16) aarch64
[2025-11-19 14:50:03.807] [2098] [HailoRT] [info] [control.cpp:108] [control__parse_identify_results] firmware_version is: 4.20.0
[2025-11-19 14:50:03.809] [2098] [HailoRT] [info] [control.cpp:108] [control__parse_identify_results] firmware_version is: 4.20.0
[2025-11-19 14:50:03.835] [2106] [HailoRT] [info] [device.cpp:49] [Device] OS Version: Linux 6.12.47+rpt-rpi-2712 #1 SMP PREEMPT Debian 1:6.12.47-1+rpt1~bookworm (2025-09-16) aarch64
[2025-11-19 14:50:03.837] [2106] [HailoRT] [info] [control.cpp:108] [control__parse_identify_results] firmware_version is: 4.20.0
[2025-11-19 14:50:03.838] [2106] [HailoRT] [info] [control.cpp:108] [control__parse_identify_results] firmware_version is: 4.20.0
[2025-11-19 14:50:03.916] [2085] [HailoRT] [info] [vdevice.cpp:523] [create] Creating vdevice with params: device_count: 1, scheduling_algorithm: ROUND_ROBIN, multi_process_service: false
[2025-11-19 14:50:03.917] [2085] [HailoRT] [info] [device.cpp:49] [Device] OS Version: Linux 6.12.47+rpt-rpi-2712 #1 SMP PREEMPT Debian 1:6.12.47-1+rpt1~bookworm (2025-09-16) aarch64
[2025-11-19 14:50:03.926] [2085] [HailoRT] [info] [control.cpp:108] [control__parse_identify_results] firmware_version is: 4.20.0
[2025-11-19 14:50:03.950] [2085] [HailoRT] [error] [vdevice.cpp:820] [create_devices] CHECK failed - Failed to create vdevice. there are not enough free devices. requested: 1, found: 0
[2025-11-19 14:50:03.950] [2085] [HailoRT] [error] [vdevice.cpp:631] [create] CHECK_SUCCESS failed with status=HAILO_OUT_OF_PHYSICAL_DEVICES(74)
[2025-11-19 14:50:03.950] [2085] [HailoRT] [error] [shared_resource_manager.hpp:81] [register_resource] CHECK_SUCCESS failed with status=HAILO_OUT_OF_PHYSICAL_DEVICES(74)
[2025-11-19 14:50:03.950] [2085] [HailoRT] [error] [vdevice.cpp:132] [create] CHECK_SUCCESS failed with status=HAILO_OUT_OF_PHYSICAL_DEVICES(74)
[2025-11-19 14:50:03.950] [2085] [HailoRT] [error] [vdevice.cpp:554] [create] CHECK_SUCCESS failed with status=HAILO_OUT_OF_PHYSICAL_DEVICES(74)
[2025-11-19 14:51:05.948] [1912] [HailoRT] [info] [device.cpp:49] [Device] OS Version: Linux 6.12.47+rpt-rpi-2712 #1 SMP PREEMPT Debian 1:6.12.47-1+rpt1~bookworm (2025-09-16) aarch64
[2025-11-19 14:51:05.949] [1912] [HailoRT] [info] [control.cpp:108] [control__parse_identify_results] firmware_version is: 4.20.0
[2025-11-19 14:51:05.951] [1912] [HailoRT] [info] [control.cpp:108] [control__parse_identify_results] firmware_version is: 4.20.0
[2025-11-19 14:51:06.022] [1944] [HailoRT] [info] [device.cpp:49] [Device] OS Version: Linux 6.12.47+rpt-rpi-2712 #1 SMP PREEMPT Debian 1:6.12.47-1+rpt1~bookworm (2025-09-16) aarch64
[2025-11-19 14:51:06.025] [1944] [HailoRT] [info] [control.cpp:108] [control__parse_identify_results] firmware_version is: 4.20.0
[2025-11-19 14:51:06.027] [1944] [HailoRT] [info] [control.cpp:108] [control__parse_identify_results] firmware_version is: 4.20.0
[2025-11-19 14:51:06.749] [1782] [HailoRT] [info] [vdevice.cpp:523] [create] Creating vdevice with params: device_count: 1, scheduling_algorithm: ROUND_ROBIN, multi_process_service: false
[2025-11-19 14:51:06.804] [1782] [HailoRT] [info] [device.cpp:49] [Device] OS Version: Linux 6.12.47+rpt-rpi-2712 #1 SMP PREEMPT Debian 1:6.12.47-1+rpt1~bookworm (2025-09-16) aarch64
[2025-11-19 14:51:06.810] [1782] [HailoRT] [info] [control.cpp:108] [control__parse_identify_results] firmware_version is: 4.20.0
[2025-11-19 14:51:06.811] [1782] [HailoRT] [info] [vdevice.cpp:651] [create] VDevice Infos: 0001:01:00.0
[2025-11-19 14:51:06.954] [1782] [HailoRT] [info] [hef.cpp:1929] [get_network_group_and_network_name] No name was given. Addressing all networks of default network_group: yolov11n
[2025-11-19 14:51:06.954] [1782] [HailoRT] [info] [hef.cpp:1929] [get_network_group_and_network_name] No name was given. Addressing all networks of default network_group: yolov11n
[2025-11-19 14:51:07.077] [1782] [HailoRT] [info] [internal_buffer_manager.cpp:204] [print_execution_results] Planned internal buffer memory: CMA memory 0, user memory 2772480. memory to edge layer usage factor is 1
[2025-11-19 14:51:07.077] [1782] [HailoRT] [info] [internal_buffer_manager.cpp:212] [print_execution_results] Default Internal buffer planner executed successfully
[2025-11-19 14:51:07.165] [1782] [HailoRT] [info] [device_internal.cpp:57] [configure] Configuring HEF took 103.324629 milliseconds
[2025-11-19 14:51:07.165] [1782] [HailoRT] [info] [vdevice.cpp:749] [configure] Configuring HEF on VDevice took 105.321926 milliseconds
[2025-11-19 14:51:07.165] [1782] [HailoRT] [info] [infer_model.cpp:436] [configure] Configuring network group 'yolov11n' with params: batch size: 2, power mode: PERFORMANCE, latency: NONE
[2025-11-19 14:51:07.175] [1782] [HailoRT] [info] [multi_io_elements.cpp:756] [create] Created (AsyncHwEl)
[2025-11-19 14:51:07.177] [1782] [HailoRT] [info] [queue_elements.cpp:450] [create] Created (EntryPushQEl0yolov11n/input_layer1 | timeout: 10s)
[2025-11-19 14:51:07.177] [1782] [HailoRT] [info] [filter_elements.cpp:101] [create] Created (PreInferEl3yolov11n/input_layer1 | Reorder - src_order: RGB4, src_shape: (640, 640, 3), dst_order: NHCW, dst_shape: (640, 640, 3))
[2025-11-19 14:51:07.178] [1782] [HailoRT] [info] [queue_elements.cpp:450] [create] Created (PushQEl3yolov11n/input_layer1 | timeout: 10s)
[2025-11-19 14:51:07.178] [1782] [HailoRT] [info] [multi_io_elements.cpp:135] [create] Created (NmsPPMuxEl0YOLOV8-Post-Process | Op YOLOV8, Name: YOLOV8-Post-Process, Score threshold: 0.300, IoU threshold: 0.45, Classes: 80, Cross classes: false, NMS results order: BY_CLASS, Max bboxes per class: 100, Image height: 640, Image width: 640)
[2025-11-19 14:51:07.181] [1782] [HailoRT] [info] [queue_elements.cpp:942] [create] Created (MultiPushQEl0YOLOV8-Post-Process | timeout: 10s)
[2025-11-19 14:51:07.181] [1782] [HailoRT] [info] [edge_elements.cpp:187] [create] Created (LastAsyncEl0NmsPPMuxEl0YOLOV8-Post-Process)
[2025-11-19 14:51:07.181] [1782] [HailoRT] [info] [pipeline.cpp:891] [print_deep_description] EntryPushQEl0yolov11n/input_layer1 | inputs: user | outputs: PreInferEl3yolov11n/input_layer1(running in thread_id: 1994)
[2025-11-19 14:51:07.187] [1782] [HailoRT] [info] [pipeline.cpp:891] [print_deep_description] PreInferEl3yolov11n/input_layer1 | inputs: EntryPushQEl0yolov11n/input_layer1[0] | outputs: PushQEl3yolov11n/input_layer1
[2025-11-19 14:51:07.187] [1782] [HailoRT] [info] [pipeline.cpp:891] [print_deep_description] PushQEl3yolov11n/input_layer1 | inputs: PreInferEl3yolov11n/input_layer1[0] | outputs: AsyncHwEl(running in thread_id: 1995)
[2025-11-19 14:51:07.187] [1782] [HailoRT] [info] [pipeline.cpp:891] [print_deep_description] AsyncHwEl | inputs: PushQEl3yolov11n/input_layer1[0] | outputs: MultiPushQEl0YOLOV8-Post-Process MultiPushQEl0YOLOV8-Post-Process MultiPushQEl0YOLOV8-Post-Process MultiPushQEl0YOLOV8-Post-Process MultiPushQEl0YOLOV8-Post-Process MultiPushQEl0YOLOV8-Post-Process
[2025-11-19 14:51:07.187] [1782] [HailoRT] [info] [pipeline.cpp:891] [print_deep_description] MultiPushQEl0YOLOV8-Post-Process | inputs: AsyncHwEl[0] AsyncHwEl[1] AsyncHwEl[2] AsyncHwEl[3] AsyncHwEl[4] AsyncHwEl[5] | outputs: NmsPPMuxEl0YOLOV8-Post-Process(running in thread_id: 1996)
[2025-11-19 14:51:07.187] [1782] [HailoRT] [info] [pipeline.cpp:891] [print_deep_description] NmsPPMuxEl0YOLOV8-Post-Process | inputs: MultiPushQEl0YOLOV8-Post-Process[0] | outputs: LastAsyncEl0NmsPPMuxEl0YOLOV8-Post-Process
[2025-11-19 14:51:07.187] [1782] [HailoRT] [info] [pipeline.cpp:891] [print_deep_description] LastAsyncEl0NmsPPMuxEl0YOLOV8-Post-Process | inputs: NmsPPMuxEl0YOLOV8-Post-Process[0] | outputs: user
[2025-11-19 14:51:08.008] [1981] [HailoRT] [info] [hef.cpp:1929] [get_network_group_and_network_name] No name was given. Addressing all networks of default network_group: yolov11n
[2025-11-19 15:16:39.653] [2861] [HailoRT] [info] [device.cpp:49] [Device] OS Version: Linux 6.12.47+rpt-rpi-2712 #1 SMP PREEMPT Debian 1:6.12.47-1+rpt1~bookworm (2025-09-16) aarch64
[2025-11-19 15:16:39.655] [2861] [HailoRT] [info] [control.cpp:108] [control__parse_identify_results] firmware_version is: 4.20.0
[2025-11-19 15:16:39.657] [2861] [HailoRT] [info] [control.cpp:108] [control__parse_identify_results] firmware_version is: 4.20.0
[2025-11-19 15:16:39.691] [2869] [HailoRT] [info] [device.cpp:49] [Device] OS Version: Linux 6.12.47+rpt-rpi-2712 #1 SMP PREEMPT Debian 1:6.12.47-1+rpt1~bookworm (2025-09-16) aarch64
[2025-11-19 15:16:39.692] [2869] [HailoRT] [info] [control.cpp:108] [control__parse_identify_results] firmware_version is: 4.20.0
[2025-11-19 15:16:39.693] [2869] [HailoRT] [info] [control.cpp:108] [control__parse_identify_results] firmware_version is: 4.20.0
[2025-11-19 15:16:39.771] [2848] [HailoRT] [info] [vdevice.cpp:523] [create] Creating vdevice with params: device_count: 1, scheduling_algorithm: ROUND_ROBIN, multi_process_service: false
[2025-11-19 15:16:39.771] [2848] [HailoRT] [info] [device.cpp:49] [Device] OS Version: Linux 6.12.47+rpt-rpi-2712 #1 SMP PREEMPT Debian 1:6.12.47-1+rpt1~bookworm (2025-09-16) aarch64
[2025-11-19 15:16:39.779] [2848] [HailoRT] [info] [control.cpp:108] [control__parse_identify_results] firmware_version is: 4.20.0
[2025-11-19 15:16:39.797] [2848] [HailoRT] [error] [vdevice.cpp:820] [create_devices] CHECK failed - Failed to create vdevice. there are not enough free devices. requested: 1, found: 0
[2025-11-19 15:16:39.797] [2848] [HailoRT] [error] [vdevice.cpp:631] [create] CHECK_SUCCESS failed with status=HAILO_OUT_OF_PHYSICAL_DEVICES(74)
[2025-11-19 15:16:39.797] [2848] [HailoRT] [error] [shared_resource_manager.hpp:81] [register_resource] CHECK_SUCCESS failed with status=HAILO_OUT_OF_PHYSICAL_DEVICES(74)
[2025-11-19 15:16:39.797] [2848] [HailoRT] [error] [vdevice.cpp:132] [create] CHECK_SUCCESS failed with status=HAILO_OUT_OF_PHYSICAL_DEVICES(74)
[2025-11-19 15:16:39.797] [2848] [HailoRT] [error] [vdevice.cpp:554] [create] CHECK_SUCCESS failed with status=HAILO_OUT_OF_PHYSICAL_DEVICES(74)
[2025-11-19 15:17:32.027] [1917] [HailoRT] [info] [device.cpp:49] [Device] OS Version: Linux 6.12.47+rpt-rpi-2712 #1 SMP PREEMPT Debian 1:6.12.47-1+rpt1~bookworm (2025-09-16) aarch64
[2025-11-19 15:17:32.029] [1917] [HailoRT] [info] [control.cpp:108] [control__parse_identify_results] firmware_version is: 4.20.0
[2025-11-19 15:17:32.030] [1917] [HailoRT] [info] [control.cpp:108] [control__parse_identify_results] firmware_version is: 4.20.0
[2025-11-19 15:17:32.100] [1934] [HailoRT] [info] [device.cpp:49] [Device] OS Version: Linux 6.12.47+rpt-rpi-2712 #1 SMP PREEMPT Debian 1:6.12.47-1+rpt1~bookworm (2025-09-16) aarch64
[2025-11-19 15:17:32.102] [1934] [HailoRT] [info] [control.cpp:108] [control__parse_identify_results] firmware_version is: 4.20.0
[2025-11-19 15:17:32.103] [1934] [HailoRT] [info] [control.cpp:108] [control__parse_identify_results] firmware_version is: 4.20.0
[2025-11-19 15:17:32.842] [1771] [HailoRT] [info] [vdevice.cpp:523] [create] Creating vdevice with params: device_count: 1, scheduling_algorithm: ROUND_ROBIN, multi_process_service: false
[2025-11-19 15:17:32.869] [1771] [HailoRT] [info] [device.cpp:49] [Device] OS Version: Linux 6.12.47+rpt-rpi-2712 #1 SMP PREEMPT Debian 1:6.12.47-1+rpt1~bookworm (2025-09-16) aarch64
[2025-11-19 15:17:32.872] [1771] [HailoRT] [info] [control.cpp:108] [control__parse_identify_results] firmware_version is: 4.20.0
[2025-11-19 15:17:32.874] [1771] [HailoRT] [info] [vdevice.cpp:651] [create] VDevice Infos: 0001:01:00.0
[2025-11-19 15:17:33.009] [1771] [HailoRT] [info] [hef.cpp:1929] [get_network_group_and_network_name] No name was given. Addressing all networks of default network_group: yolov11n
[2025-11-19 15:17:33.009] [1771] [HailoRT] [info] [hef.cpp:1929] [get_network_group_and_network_name] No name was given. Addressing all networks of default network_group: yolov11n
[2025-11-19 15:17:33.134] [1771] [HailoRT] [info] [internal_buffer_manager.cpp:204] [print_execution_results] Planned internal buffer memory: CMA memory 0, user memory 2772480. memory to edge layer usage factor is 1
[2025-11-19 15:17:33.134] [1771] [HailoRT] [info] [internal_buffer_manager.cpp:212] [print_execution_results] Default Internal buffer planner executed successfully
[2025-11-19 15:17:33.236] [1771] [HailoRT] [info] [device_internal.cpp:57] [configure] Configuring HEF took 118.142611 milliseconds
[2025-11-19 15:17:33.236] [1771] [HailoRT] [info] [vdevice.cpp:749] [configure] Configuring HEF on VDevice took 119.212833 milliseconds
[2025-11-19 15:17:33.237] [1771] [HailoRT] [info] [infer_model.cpp:436] [configure] Configuring network group 'yolov11n' with params: batch size: 2, power mode: PERFORMANCE, latency: NONE
[2025-11-19 15:17:33.239] [1771] [HailoRT] [info] [multi_io_elements.cpp:756] [create] Created (AsyncHwEl)
[2025-11-19 15:17:33.241] [1771] [HailoRT] [info] [queue_elements.cpp:450] [create] Created (EntryPushQEl0yolov11n/input_layer1 | timeout: 10s)
[2025-11-19 15:17:33.241] [1771] [HailoRT] [info] [filter_elements.cpp:101] [create] Created (PreInferEl3yolov11n/input_layer1 | Reorder - src_order: RGB4, src_shape: (640, 640, 3), dst_order: NHCW, dst_shape: (640, 640, 3))
[2025-11-19 15:17:33.241] [1771] [HailoRT] [info] [queue_elements.cpp:450] [create] Created (PushQEl3yolov11n/input_layer1 | timeout: 10s)
[2025-11-19 15:17:33.242] [1771] [HailoRT] [info] [multi_io_elements.cpp:135] [create] Created (NmsPPMuxEl0YOLOV8-Post-Process | Op YOLOV8, Name: YOLOV8-Post-Process, Score threshold: 0.300, IoU threshold: 0.45, Classes: 80, Cross classes: false, NMS results order: BY_CLASS, Max bboxes per class: 100, Image height: 640, Image width: 640)
[2025-11-19 15:17:33.245] [1771] [HailoRT] [info] [queue_elements.cpp:942] [create] Created (MultiPushQEl0YOLOV8-Post-Process | timeout: 10s)
[2025-11-19 15:17:33.245] [1771] [HailoRT] [info] [edge_elements.cpp:187] [create] Created (LastAsyncEl0NmsPPMuxEl0YOLOV8-Post-Process)
[2025-11-19 15:17:33.245] [1771] [HailoRT] [info] [pipeline.cpp:891] [print_deep_description] EntryPushQEl0yolov11n/input_layer1 | inputs: user | outputs: PreInferEl3yolov11n/input_layer1(running in thread_id: 1985)
[2025-11-19 15:17:33.246] [1771] [HailoRT] [info] [pipeline.cpp:891] [print_deep_description] PreInferEl3yolov11n/input_layer1 | inputs: EntryPushQEl0yolov11n/input_layer1[0] | outputs: PushQEl3yolov11n/input_layer1
[2025-11-19 15:17:33.246] [1771] [HailoRT] [info] [pipeline.cpp:891] [print_deep_description] PushQEl3yolov11n/input_layer1 | inputs: PreInferEl3yolov11n/input_layer1[0] | outputs: AsyncHwEl(running in thread_id: 1986)
[2025-11-19 15:17:33.246] [1771] [HailoRT] [info] [pipeline.cpp:891] [print_deep_description] AsyncHwEl | inputs: PushQEl3yolov11n/input_layer1[0] | outputs: MultiPushQEl0YOLOV8-Post-Process MultiPushQEl0YOLOV8-Post-Process MultiPushQEl0YOLOV8-Post-Process MultiPushQEl0YOLOV8-Post-Process MultiPushQEl0YOLOV8-Post-Process MultiPushQEl0YOLOV8-Post-Process
[2025-11-19 15:17:33.246] [1771] [HailoRT] [info] [pipeline.cpp:891] [print_deep_description] MultiPushQEl0YOLOV8-Post-Process | inputs: AsyncHwEl[0] AsyncHwEl[1] AsyncHwEl[2] AsyncHwEl[3] AsyncHwEl[4] AsyncHwEl[5] | outputs: NmsPPMuxEl0YOLOV8-Post-Process(running in thread_id: 1987)
[2025-11-19 15:17:33.246] [1771] [HailoRT] [info] [pipeline.cpp:891] [print_deep_description] NmsPPMuxEl0YOLOV8-Post-Process | inputs: MultiPushQEl0YOLOV8-Post-Process[0] | outputs: LastAsyncEl0NmsPPMuxEl0YOLOV8-Post-Process
[2025-11-19 15:17:33.246] [1771] [HailoRT] [info] [pipeline.cpp:891] [print_deep_description] LastAsyncEl0NmsPPMuxEl0YOLOV8-Post-Process | inputs: NmsPPMuxEl0YOLOV8-Post-Process[0] | outputs: user
[2025-11-19 15:17:34.080] [1971] [HailoRT] [info] [hef.cpp:1929] [get_network_group_and_network_name] No name was given. Addressing all networks of default network_group: yolov11n
[2025-11-19 15:26:13.095] [2767] [HailoRT] [info] [device.cpp:49] [Device] OS Version: Linux 6.12.47+rpt-rpi-2712 #1 SMP PREEMPT Debian 1:6.12.47-1+rpt1~bookworm (2025-09-16) aarch64
[2025-11-19 15:26:13.097] [2767] [HailoRT] [info] [control.cpp:108] [control__parse_identify_results] firmware_version is: 4.20.0
[2025-11-19 15:26:13.098] [2767] [HailoRT] [info] [control.cpp:108] [control__parse_identify_results] firmware_version is: 4.20.0
[2025-11-19 15:26:13.142] [2776] [HailoRT] [info] [device.cpp:49] [Device] OS Version: Linux 6.12.47+rpt-rpi-2712 #1 SMP PREEMPT Debian 1:6.12.47-1+rpt1~bookworm (2025-09-16) aarch64
[2025-11-19 15:26:13.143] [2776] [HailoRT] [info] [control.cpp:108] [control__parse_identify_results] firmware_version is: 4.20.0
[2025-11-19 15:26:13.144] [2776] [HailoRT] [info] [control.cpp:108] [control__parse_identify_results] firmware_version is: 4.20.0
[2025-11-19 15:26:13.219] [2752] [HailoRT] [info] [vdevice.cpp:523] [create] Creating vdevice with params: device_count: 1, scheduling_algorithm: ROUND_ROBIN, multi_process_service: false
[2025-11-19 15:26:13.220] [2752] [HailoRT] [info] [device.cpp:49] [Device] OS Version: Linux 6.12.47+rpt-rpi-2712 #1 SMP PREEMPT Debian 1:6.12.47-1+rpt1~bookworm (2025-09-16) aarch64
[2025-11-19 15:26:13.229] [2752] [HailoRT] [info] [control.cpp:108] [control__parse_identify_results] firmware_version is: 4.20.0
[2025-11-19 15:26:13.248] [2752] [HailoRT] [error] [vdevice.cpp:820] [create_devices] CHECK failed - Failed to create vdevice. there are not enough free devices. requested: 1, found: 0
[2025-11-19 15:26:13.248] [2752] [HailoRT] [error] [vdevice.cpp:631] [create] CHECK_SUCCESS failed with status=HAILO_OUT_OF_PHYSICAL_DEVICES(74)
[2025-11-19 15:26:13.248] [2752] [HailoRT] [error] [shared_resource_manager.hpp:81] [register_resource] CHECK_SUCCESS failed with status=HAILO_OUT_OF_PHYSICAL_DEVICES(74)
[2025-11-19 15:26:13.248] [2752] [HailoRT] [error] [vdevice.cpp:132] [create] CHECK_SUCCESS failed with status=HAILO_OUT_OF_PHYSICAL_DEVICES(74)
[2025-11-19 15:26:13.248] [2752] [HailoRT] [error] [vdevice.cpp:554] [create] CHECK_SUCCESS failed with status=HAILO_OUT_OF_PHYSICAL_DEVICES(74)
[2025-11-19 15:42:21.371] [3323] [HailoRT] [info] [device.cpp:49] [Device] OS Version: Linux 6.12.47+rpt-rpi-2712 #1 SMP PREEMPT Debian 1:6.12.47-1+rpt1~bookworm (2025-09-16) aarch64
[2025-11-19 15:42:21.373] [3323] [HailoRT] [info] [control.cpp:108] [control__parse_identify_results] firmware_version is: 4.20.0
[2025-11-19 15:42:21.374] [3323] [HailoRT] [info] [control.cpp:108] [control__parse_identify_results] firmware_version is: 4.20.0
[2025-11-19 15:42:21.412] [3332] [HailoRT] [info] [device.cpp:49] [Device] OS Version: Linux 6.12.47+rpt-rpi-2712 #1 SMP PREEMPT Debian 1:6.12.47-1+rpt1~bookworm (2025-09-16) aarch64
[2025-11-19 15:42:21.416] [3332] [HailoRT] [info] [control.cpp:108] [control__parse_identify_results] firmware_version is: 4.20.0
[2025-11-19 15:42:21.425] [3332] [HailoRT] [info] [control.cpp:108] [control__parse_identify_results] firmware_version is: 4.20.0
[2025-11-19 15:42:21.551] [3308] [HailoRT] [info] [vdevice.cpp:523] [create] Creating vdevice with params: device_count: 1, scheduling_algorithm: ROUND_ROBIN, multi_process_service: false
[2025-11-19 15:42:21.552] [3308] [HailoRT] [info] [device.cpp:49] [Device] OS Version: Linux 6.12.47+rpt-rpi-2712 #1 SMP PREEMPT Debian 1:6.12.47-1+rpt1~bookworm (2025-09-16) aarch64
[2025-11-19 15:42:21.558] [3308] [HailoRT] [info] [control.cpp:108] [control__parse_identify_results] firmware_version is: 4.20.0
[2025-11-19 15:42:21.581] [3308] [HailoRT] [error] [vdevice.cpp:820] [create_devices] CHECK failed - Failed to create vdevice. there are not enough free devices. requested: 1, found: 0
[2025-11-19 15:42:21.581] [3308] [HailoRT] [error] [vdevice.cpp:631] [create] CHECK_SUCCESS failed with status=HAILO_OUT_OF_PHYSICAL_DEVICES(74)
[2025-11-19 15:42:21.581] [3308] [HailoRT] [error] [shared_resource_manager.hpp:81] [register_resource] CHECK_SUCCESS failed with status=HAILO_OUT_OF_PHYSICAL_DEVICES(74)
[2025-11-19 15:42:21.581] [3308] [HailoRT] [error] [vdevice.cpp:132] [create] CHECK_SUCCESS failed with status=HAILO_OUT_OF_PHYSICAL_DEVICES(74)
[2025-11-19 15:42:21.581] [3308] [HailoRT] [error] [vdevice.cpp:554] [create] CHECK_SUCCESS failed with status=HAILO_OUT_OF_PHYSICAL_DEVICES(74)
[2025-11-19 15:43:29.413] [1801] [HailoRT] [info] [device.cpp:49] [Device] OS Version: Linux 6.12.47+rpt-rpi-2712 #1 SMP PREEMPT Debian 1:6.12.47-1+rpt1~bookworm (2025-09-16) aarch64
[2025-11-19 15:43:29.415] [1801] [HailoRT] [info] [control.cpp:108] [control__parse_identify_results] firmware_version is: 4.20.0
[2025-11-19 15:43:29.417] [1801] [HailoRT] [info] [control.cpp:108] [control__parse_identify_results] firmware_version is: 4.20.0
[2025-11-19 15:43:29.486] [1835] [HailoRT] [info] [device.cpp:49] [Device] OS Version: Linux 6.12.47+rpt-rpi-2712 #1 SMP PREEMPT Debian 1:6.12.47-1+rpt1~bookworm (2025-09-16) aarch64
[2025-11-19 15:43:29.489] [1835] [HailoRT] [info] [control.cpp:108] [control__parse_identify_results] firmware_version is: 4.20.0
[2025-11-19 15:43:29.491] [1835] [HailoRT] [info] [control.cpp:108] [control__parse_identify_results] firmware_version is: 4.20.0
[2025-11-19 15:43:30.288] [1771] [HailoRT] [info] [vdevice.cpp:523] [create] Creating vdevice with params: device_count: 1, scheduling_algorithm: ROUND_ROBIN, multi_process_service: false
[2025-11-19 15:43:30.317] [1771] [HailoRT] [info] [device.cpp:49] [Device] OS Version: Linux 6.12.47+rpt-rpi-2712 #1 SMP PREEMPT Debian 1:6.12.47-1+rpt1~bookworm (2025-09-16) aarch64
[2025-11-19 15:43:30.320] [1771] [HailoRT] [info] [control.cpp:108] [control__parse_identify_results] firmware_version is: 4.20.0
[2025-11-19 15:43:30.324] [1771] [HailoRT] [info] [vdevice.cpp:651] [create] VDevice Infos: 0001:01:00.0
[2025-11-19 15:43:30.468] [1771] [HailoRT] [info] [hef.cpp:1929] [get_network_group_and_network_name] No name was given. Addressing all networks of default network_group: yolov11n
[2025-11-19 15:43:30.468] [1771] [HailoRT] [info] [hef.cpp:1929] [get_network_group_and_network_name] No name was given. Addressing all networks of default network_group: yolov11n
[2025-11-19 15:43:30.656] [1771] [HailoRT] [info] [internal_buffer_manager.cpp:204] [print_execution_results] Planned internal buffer memory: CMA memory 0, user memory 2772480. memory to edge layer usage factor is 1
[2025-11-19 15:43:30.656] [1771] [HailoRT] [info] [internal_buffer_manager.cpp:212] [print_execution_results] Default Internal buffer planner executed successfully
[2025-11-19 15:43:30.697] [1771] [HailoRT] [info] [device_internal.cpp:57] [configure] Configuring HEF took 57.936584 milliseconds
[2025-11-19 15:43:30.698] [1771] [HailoRT] [info] [vdevice.cpp:749] [configure] Configuring HEF on VDevice took 59.910164 milliseconds
[2025-11-19 15:43:30.698] [1771] [HailoRT] [info] [infer_model.cpp:436] [configure] Configuring network group 'yolov11n' with params: batch size: 2, power mode: PERFORMANCE, latency: NONE
[2025-11-19 15:43:30.702] [1771] [HailoRT] [info] [multi_io_elements.cpp:756] [create] Created (AsyncHwEl)
[2025-11-19 15:43:30.706] [1771] [HailoRT] [info] [queue_elements.cpp:450] [create] Created (EntryPushQEl0yolov11n/input_layer1 | timeout: 10s)
[2025-11-19 15:43:30.706] [1771] [HailoRT] [info] [filter_elements.cpp:101] [create] Created (PreInferEl3yolov11n/input_layer1 | Reorder - src_order: RGB4, src_shape: (640, 640, 3), dst_order: NHCW, dst_shape: (640, 640, 3))
[2025-11-19 15:43:30.706] [1771] [HailoRT] [info] [queue_elements.cpp:450] [create] Created (PushQEl3yolov11n/input_layer1 | timeout: 10s)
[2025-11-19 15:43:30.706] [1771] [HailoRT] [info] [multi_io_elements.cpp:135] [create] Created (NmsPPMuxEl0YOLOV8-Post-Process | Op YOLOV8, Name: YOLOV8-Post-Process, Score threshold: 0.300, IoU threshold: 0.45, Classes: 80, Cross classes: false, NMS results order: BY_CLASS, Max bboxes per class: 100, Image height: 640, Image width: 640)
[2025-11-19 15:43:30.707] [1771] [HailoRT] [info] [queue_elements.cpp:942] [create] Created (MultiPushQEl0YOLOV8-Post-Process | timeout: 10s)
[2025-11-19 15:43:30.707] [1771] [HailoRT] [info] [edge_elements.cpp:187] [create] Created (LastAsyncEl0NmsPPMuxEl0YOLOV8-Post-Process)
[2025-11-19 15:43:30.707] [1771] [HailoRT] [info] [pipeline.cpp:891] [print_deep_description] EntryPushQEl0yolov11n/input_layer1 | inputs: user | outputs: PreInferEl3yolov11n/input_layer1(running in thread_id: 2087)
[2025-11-19 15:43:30.711] [1771] [HailoRT] [info] [pipeline.cpp:891] [print_deep_description] PreInferEl3yolov11n/input_layer1 | inputs: EntryPushQEl0yolov11n/input_layer1[0] | outputs: PushQEl3yolov11n/input_layer1
[2025-11-19 15:43:30.711] [1771] [HailoRT] [info] [pipeline.cpp:891] [print_deep_description] PushQEl3yolov11n/input_layer1 | inputs: PreInferEl3yolov11n/input_layer1[0] | outputs: AsyncHwEl(running in thread_id: 2088)
[2025-11-19 15:43:30.711] [1771] [HailoRT] [info] [pipeline.cpp:891] [print_deep_description] AsyncHwEl | inputs: PushQEl3yolov11n/input_layer1[0] | outputs: MultiPushQEl0YOLOV8-Post-Process MultiPushQEl0YOLOV8-Post-Process MultiPushQEl0YOLOV8-Post-Process MultiPushQEl0YOLOV8-Post-Process MultiPushQEl0YOLOV8-Post-Process MultiPushQEl0YOLOV8-Post-Process
[2025-11-19 15:43:30.711] [1771] [HailoRT] [info] [pipeline.cpp:891] [print_deep_description] MultiPushQEl0YOLOV8-Post-Process | inputs: AsyncHwEl[0] AsyncHwEl[1] AsyncHwEl[2] AsyncHwEl[3] AsyncHwEl[4] AsyncHwEl[5] | outputs: NmsPPMuxEl0YOLOV8-Post-Process(running in thread_id: 2089)
[2025-11-19 15:43:30.711] [1771] [HailoRT] [info] [pipeline.cpp:891] [print_deep_description] NmsPPMuxEl0YOLOV8-Post-Process | inputs: MultiPushQEl0YOLOV8-Post-Process[0] | outputs: LastAsyncEl0NmsPPMuxEl0YOLOV8-Post-Process
[2025-11-19 15:43:30.711] [1771] [HailoRT] [info] [pipeline.cpp:891] [print_deep_description] LastAsyncEl0NmsPPMuxEl0YOLOV8-Post-Process | inputs: NmsPPMuxEl0YOLOV8-Post-Process[0] | outputs: user
[2025-11-19 15:43:31.661] [2056] [HailoRT] [info] [hef.cpp:1929] [get_network_group_and_network_name] No name was given. Addressing all networks of default network_group: yolov11n
[2025-11-19 15:47:30.094] [3094] [HailoRT] [info] [device.cpp:49] [Device] OS Version: Linux 6.12.47+rpt-rpi-2712 #1 SMP PREEMPT Debian 1:6.12.47-1+rpt1~bookworm (2025-09-16) aarch64
[2025-11-19 15:47:30.096] [3094] [HailoRT] [info] [control.cpp:108] [control__parse_identify_results] firmware_version is: 4.20.0
[2025-11-19 15:47:30.097] [3094] [HailoRT] [info] [control.cpp:108] [control__parse_identify_results] firmware_version is: 4.20.0
[2025-11-19 15:47:30.128] [3102] [HailoRT] [info] [device.cpp:49] [Device] OS Version: Linux 6.12.47+rpt-rpi-2712 #1 SMP PREEMPT Debian 1:6.12.47-1+rpt1~bookworm (2025-09-16) aarch64
[2025-11-19 15:47:30.130] [3102] [HailoRT] [info] [control.cpp:108] [control__parse_identify_results] firmware_version is: 4.20.0
[2025-11-19 15:47:30.132] [3102] [HailoRT] [info] [control.cpp:108] [control__parse_identify_results] firmware_version is: 4.20.0
[2025-11-19 15:47:30.216] [3080] [HailoRT] [info] [vdevice.cpp:523] [create] Creating vdevice with params: device_count: 1, scheduling_algorithm: ROUND_ROBIN, multi_process_service: false
[2025-11-19 15:47:30.217] [3080] [HailoRT] [info] [device.cpp:49] [Device] OS Version: Linux 6.12.47+rpt-rpi-2712 #1 SMP PREEMPT Debian 1:6.12.47-1+rpt1~bookworm (2025-09-16) aarch64
[2025-11-19 15:47:30.222] [3080] [HailoRT] [info] [control.cpp:108] [control__parse_identify_results] firmware_version is: 4.20.0
[2025-11-19 15:47:30.246] [3080] [HailoRT] [error] [vdevice.cpp:820] [create_devices] CHECK failed - Failed to create vdevice. there are not enough free devices. requested: 1, found: 0
[2025-11-19 15:47:30.246] [3080] [HailoRT] [error] [vdevice.cpp:631] [create] CHECK_SUCCESS failed with status=HAILO_OUT_OF_PHYSICAL_DEVICES(74)
[2025-11-19 15:47:30.246] [3080] [HailoRT] [error] [shared_resource_manager.hpp:81] [register_resource] CHECK_SUCCESS failed with status=HAILO_OUT_OF_PHYSICAL_DEVICES(74)
[2025-11-19 15:47:30.246] [3080] [HailoRT] [error] [vdevice.cpp:132] [create] CHECK_SUCCESS failed with status=HAILO_OUT_OF_PHYSICAL_DEVICES(74)
[2025-11-19 15:47:30.246] [3080] [HailoRT] [error] [vdevice.cpp:554] [create] CHECK_SUCCESS failed with status=HAILO_OUT_OF_PHYSICAL_DEVICES(74)
[2025-11-19 16:03:21.178] [3621] [HailoRT] [info] [device.cpp:49] [Device] OS Version: Linux 6.12.47+rpt-rpi-2712 #1 SMP PREEMPT Debian 1:6.12.47-1+rpt1~bookworm (2025-09-16) aarch64
[2025-11-19 16:03:21.180] [3621] [HailoRT] [info] [control.cpp:108] [control__parse_identify_results] firmware_version is: 4.20.0
[2025-11-19 16:03:21.181] [3621] [HailoRT] [info] [control.cpp:108] [control__parse_identify_results] firmware_version is: 4.20.0
[2025-11-19 16:03:21.230] [3629] [HailoRT] [info] [device.cpp:49] [Device] OS Version: Linux 6.12.47+rpt-rpi-2712 #1 SMP PREEMPT Debian 1:6.12.47-1+rpt1~bookworm (2025-09-16) aarch64
[2025-11-19 16:03:21.232] [3629] [HailoRT] [info] [control.cpp:108] [control__parse_identify_results] firmware_version is: 4.20.0
[2025-11-19 16:03:21.237] [3629] [HailoRT] [info] [control.cpp:108] [control__parse_identify_results] firmware_version is: 4.20.0
[2025-11-19 16:03:21.332] [3608] [HailoRT] [info] [vdevice.cpp:523] [create] Creating vdevice with params: device_count: 1, scheduling_algorithm: ROUND_ROBIN, multi_process_service: false
[2025-11-19 16:03:21.345] [3608] [HailoRT] [info] [device.cpp:49] [Device] OS Version: Linux 6.12.47+rpt-rpi-2712 #1 SMP PREEMPT Debian 1:6.12.47-1+rpt1~bookworm (2025-09-16) aarch64
[2025-11-19 16:03:21.350] [3608] [HailoRT] [info] [control.cpp:108] [control__parse_identify_results] firmware_version is: 4.20.0
[2025-11-19 16:03:21.350] [3608] [HailoRT] [info] [vdevice.cpp:651] [create] VDevice Infos: 0001:01:00.0
[2025-11-19 16:03:21.396] [3608] [HailoRT] [info] [hef.cpp:1929] [get_network_group_and_network_name] No name was given. Addressing all networks of default network_group: yolov11n
[2025-11-19 16:03:21.396] [3608] [HailoRT] [info] [hef.cpp:1929] [get_network_group_and_network_name] No name was given. Addressing all networks of default network_group: yolov11n
[2025-11-19 16:03:21.445] [3608] [HailoRT] [info] [internal_buffer_manager.cpp:204] [print_execution_results] Planned internal buffer memory: CMA memory 0, user memory 2772480. memory to edge layer usage factor is 1
[2025-11-19 16:03:21.445] [3608] [HailoRT] [info] [internal_buffer_manager.cpp:212] [print_execution_results] Default Internal buffer planner executed successfully
[2025-11-19 16:03:21.469] [3608] [HailoRT] [info] [device_internal.cpp:57] [configure] Configuring HEF took 30.722008 milliseconds
[2025-11-19 16:03:21.469] [3608] [HailoRT] [info] [vdevice.cpp:749] [configure] Configuring HEF on VDevice took 31.073268 milliseconds
[2025-11-19 16:03:21.469] [3608] [HailoRT] [info] [infer_model.cpp:436] [configure] Configuring network group 'yolov11n' with params: batch size: 2, power mode: PERFORMANCE, latency: NONE
[2025-11-19 16:03:21.474] [3608] [HailoRT] [info] [multi_io_elements.cpp:756] [create] Created (AsyncHwEl)
[2025-11-19 16:03:21.474] [3608] [HailoRT] [info] [queue_elements.cpp:450] [create] Created (EntryPushQEl0yolov11n/input_layer1 | timeout: 10s)
[2025-11-19 16:03:21.474] [3608] [HailoRT] [info] [filter_elements.cpp:101] [create] Created (PreInferEl3yolov11n/input_layer1 | Reorder - src_order: RGB4, src_shape: (640, 640, 3), dst_order: NHCW, dst_shape: (640, 640, 3))
[2025-11-19 16:03:21.475] [3608] [HailoRT] [info] [queue_elements.cpp:450] [create] Created (PushQEl3yolov11n/input_layer1 | timeout: 10s)
[2025-11-19 16:03:21.475] [3608] [HailoRT] [info] [multi_io_elements.cpp:135] [create] Created (NmsPPMuxEl0YOLOV8-Post-Process | Op YOLOV8, Name: YOLOV8-Post-Process, Score threshold: 0.300, IoU threshold: 0.45, Classes: 80, Cross classes: false, NMS results order: BY_CLASS, Max bboxes per class: 100, Image height: 640, Image width: 640)
[2025-11-19 16:03:21.476] [3608] [HailoRT] [info] [queue_elements.cpp:942] [create] Created (MultiPushQEl0YOLOV8-Post-Process | timeout: 10s)
[2025-11-19 16:03:21.476] [3608] [HailoRT] [info] [edge_elements.cpp:187] [create] Created (LastAsyncEl0NmsPPMuxEl0YOLOV8-Post-Process)
[2025-11-19 16:03:21.476] [3608] [HailoRT] [info] [pipeline.cpp:891] [print_deep_description] EntryPushQEl0yolov11n/input_layer1 | inputs: user | outputs: PreInferEl3yolov11n/input_layer1(running in thread_id: 3673)
[2025-11-19 16:03:21.476] [3608] [HailoRT] [info] [pipeline.cpp:891] [print_deep_description] PreInferEl3yolov11n/input_layer1 | inputs: EntryPushQEl0yolov11n/input_layer1[0] | outputs: PushQEl3yolov11n/input_layer1
[2025-11-19 16:03:21.476] [3608] [HailoRT] [info] [pipeline.cpp:891] [print_deep_description] PushQEl3yolov11n/input_layer1 | inputs: PreInferEl3yolov11n/input_layer1[0] | outputs: AsyncHwEl(running in thread_id: 3674)
[2025-11-19 16:03:21.476] [3608] [HailoRT] [info] [pipeline.cpp:891] [print_deep_description] AsyncHwEl | inputs: PushQEl3yolov11n/input_layer1[0] | outputs: MultiPushQEl0YOLOV8-Post-Process MultiPushQEl0YOLOV8-Post-Process MultiPushQEl0YOLOV8-Post-Process MultiPushQEl0YOLOV8-Post-Process MultiPushQEl0YOLOV8-Post-Process MultiPushQEl0YOLOV8-Post-Process
[2025-11-19 16:03:21.476] [3608] [HailoRT] [info] [pipeline.cpp:891] [print_deep_description] MultiPushQEl0YOLOV8-Post-Process | inputs: AsyncHwEl[0] AsyncHwEl[1] AsyncHwEl[2] AsyncHwEl[3] AsyncHwEl[4] AsyncHwEl[5] | outputs: NmsPPMuxEl0YOLOV8-Post-Process(running in thread_id: 3675)
[2025-11-19 16:03:21.476] [3608] [HailoRT] [info] [pipeline.cpp:891] [print_deep_description] NmsPPMuxEl0YOLOV8-Post-Process | inputs: MultiPushQEl0YOLOV8-Post-Process[0] | outputs: LastAsyncEl0NmsPPMuxEl0YOLOV8-Post-Process
[2025-11-19 16:03:21.476] [3608] [HailoRT] [info] [pipeline.cpp:891] [print_deep_description] LastAsyncEl0NmsPPMuxEl0YOLOV8-Post-Process | inputs: NmsPPMuxEl0YOLOV8-Post-Process[0] | outputs: user
[2025-11-19 16:03:22.380] [3664] [HailoRT] [info] [hef.cpp:1929] [get_network_group_and_network_name] No name was given. Addressing all networks of default network_group: yolov11n
[2025-11-19 16:13:10.839] [2390] [HailoRT] [info] [device.cpp:49] [Device] OS Version: Linux 6.12.47+rpt-rpi-2712 #1 SMP PREEMPT Debian 1:6.12.47-1+rpt1~bookworm (2025-09-16) aarch64
[2025-11-19 16:13:10.842] [2390] [HailoRT] [info] [control.cpp:108] [control__parse_identify_results] firmware_version is: 4.20.0
[2025-11-19 16:13:10.845] [2390] [HailoRT] [info] [control.cpp:108] [control__parse_identify_results] firmware_version is: 4.20.0
[2025-11-19 16:13:10.913] [2399] [HailoRT] [info] [device.cpp:49] [Device] OS Version: Linux 6.12.47+rpt-rpi-2712 #1 SMP PREEMPT Debian 1:6.12.47-1+rpt1~bookworm (2025-09-16) aarch64
[2025-11-19 16:13:10.915] [2399] [HailoRT] [info] [control.cpp:108] [control__parse_identify_results] firmware_version is: 4.20.0
[2025-11-19 16:13:10.916] [2399] [HailoRT] [info] [control.cpp:108] [control__parse_identify_results] firmware_version is: 4.20.0
[2025-11-19 16:13:11.432] [2377] [HailoRT] [info] [vdevice.cpp:523] [create] Creating vdevice with params: device_count: 1, scheduling_algorithm: ROUND_ROBIN, multi_process_service: false
[2025-11-19 16:13:11.455] [2377] [HailoRT] [info] [device.cpp:49] [Device] OS Version: Linux 6.12.47+rpt-rpi-2712 #1 SMP PREEMPT Debian 1:6.12.47-1+rpt1~bookworm (2025-09-16) aarch64
[2025-11-19 16:13:11.456] [2377] [HailoRT] [info] [control.cpp:108] [control__parse_identify_results] firmware_version is: 4.20.0
[2025-11-19 16:13:11.458] [2377] [HailoRT] [info] [vdevice.cpp:651] [create] VDevice Infos: 0001:01:00.0
[2025-11-19 16:13:11.637] [2377] [HailoRT] [info] [hef.cpp:1929] [get_network_group_and_network_name] No name was given. Addressing all networks of default network_group: yolov11n
[2025-11-19 16:13:11.637] [2377] [HailoRT] [info] [hef.cpp:1929] [get_network_group_and_network_name] No name was given. Addressing all networks of default network_group: yolov11n
[2025-11-19 16:13:11.821] [2377] [HailoRT] [info] [internal_buffer_manager.cpp:204] [print_execution_results] Planned internal buffer memory: CMA memory 0, user memory 2772480. memory to edge layer usage factor is 1
[2025-11-19 16:13:11.821] [2377] [HailoRT] [info] [internal_buffer_manager.cpp:212] [print_execution_results] Default Internal buffer planner executed successfully
[2025-11-19 16:13:11.843] [2377] [HailoRT] [info] [device_internal.cpp:57] [configure] Configuring HEF took 29.704096 milliseconds
[2025-11-19 16:13:11.843] [2377] [HailoRT] [info] [vdevice.cpp:749] [configure] Configuring HEF on VDevice took 30.440487 milliseconds
[2025-11-19 16:13:11.843] [2377] [HailoRT] [info] [infer_model.cpp:436] [configure] Configuring network group 'yolov11n' with params: batch size: 2, power mode: PERFORMANCE, latency: NONE
[2025-11-19 16:13:11.848] [2377] [HailoRT] [info] [multi_io_elements.cpp:756] [create] Created (AsyncHwEl)
[2025-11-19 16:13:11.849] [2377] [HailoRT] [info] [queue_elements.cpp:450] [create] Created (EntryPushQEl0yolov11n/input_layer1 | timeout: 10s)
[2025-11-19 16:13:11.849] [2377] [HailoRT] [info] [filter_elements.cpp:101] [create] Created (PreInferEl3yolov11n/input_layer1 | Reorder - src_order: RGB4, src_shape: (640, 640, 3), dst_order: NHCW, dst_shape: (640, 640, 3))
[2025-11-19 16:13:11.849] [2377] [HailoRT] [info] [queue_elements.cpp:450] [create] Created (PushQEl3yolov11n/input_layer1 | timeout: 10s)
[2025-11-19 16:13:11.849] [2377] [HailoRT] [info] [multi_io_elements.cpp:135] [create] Created (NmsPPMuxEl0YOLOV8-Post-Process | Op YOLOV8, Name: YOLOV8-Post-Process, Score threshold: 0.300, IoU threshold: 0.45, Classes: 80, Cross classes: false, NMS results order: BY_CLASS, Max bboxes per class: 100, Image height: 640, Image width: 640)
[2025-11-19 16:13:11.849] [2377] [HailoRT] [info] [queue_elements.cpp:942] [create] Created (MultiPushQEl0YOLOV8-Post-Process | timeout: 10s)
[2025-11-19 16:13:11.849] [2377] [HailoRT] [info] [edge_elements.cpp:187] [create] Created (LastAsyncEl0NmsPPMuxEl0YOLOV8-Post-Process)
[2025-11-19 16:13:11.849] [2377] [HailoRT] [info] [pipeline.cpp:891] [print_deep_description] EntryPushQEl0yolov11n/input_layer1 | inputs: user | outputs: PreInferEl3yolov11n/input_layer1(running in thread_id: 2446)
[2025-11-19 16:13:11.850] [2377] [HailoRT] [info] [pipeline.cpp:891] [print_deep_description] PreInferEl3yolov11n/input_layer1 | inputs: EntryPushQEl0yolov11n/input_layer1[0] | outputs: PushQEl3yolov11n/input_layer1
[2025-11-19 16:13:11.850] [2377] [HailoRT] [info] [pipeline.cpp:891] [print_deep_description] PushQEl3yolov11n/input_layer1 | inputs: PreInferEl3yolov11n/input_layer1[0] | outputs: AsyncHwEl(running in thread_id: 2447)
[2025-11-19 16:13:11.850] [2377] [HailoRT] [info] [pipeline.cpp:891] [print_deep_description] AsyncHwEl | inputs: PushQEl3yolov11n/input_layer1[0] | outputs: MultiPushQEl0YOLOV8-Post-Process MultiPushQEl0YOLOV8-Post-Process MultiPushQEl0YOLOV8-Post-Process MultiPushQEl0YOLOV8-Post-Process MultiPushQEl0YOLOV8-Post-Process MultiPushQEl0YOLOV8-Post-Process
[2025-11-19 16:13:11.850] [2377] [HailoRT] [info] [pipeline.cpp:891] [print_deep_description] MultiPushQEl0YOLOV8-Post-Process | inputs: AsyncHwEl[0] AsyncHwEl[1] AsyncHwEl[2] AsyncHwEl[3] AsyncHwEl[4] AsyncHwEl[5] | outputs: NmsPPMuxEl0YOLOV8-Post-Process(running in thread_id: 2448)
[2025-11-19 16:13:11.850] [2377] [HailoRT] [info] [pipeline.cpp:891] [print_deep_description] NmsPPMuxEl0YOLOV8-Post-Process | inputs: MultiPushQEl0YOLOV8-Post-Process[0] | outputs: LastAsyncEl0NmsPPMuxEl0YOLOV8-Post-Process
[2025-11-19 16:13:11.850] [2377] [HailoRT] [info] [pipeline.cpp:891] [print_deep_description] LastAsyncEl0NmsPPMuxEl0YOLOV8-Post-Process | inputs: NmsPPMuxEl0YOLOV8-Post-Process[0] | outputs: user
[2025-11-19 16:13:12.636] [2437] [HailoRT] [info] [hef.cpp:1929] [get_network_group_and_network_name] No name was given. Addressing all networks of default network_group: yolov11n
[2025-11-19 16:17:52.185] [2656] [HailoRT] [info] [device.cpp:49] [Device] OS Version: Linux 6.12.47+rpt-rpi-2712 #1 SMP PREEMPT Debian 1:6.12.47-1+rpt1~bookworm (2025-09-16) aarch64
[2025-11-19 16:17:52.187] [2656] [HailoRT] [info] [control.cpp:108] [control__parse_identify_results] firmware_version is: 4.20.0
[2025-11-19 16:17:52.188] [2656] [HailoRT] [info] [control.cpp:108] [control__parse_identify_results] firmware_version is: 4.20.0
[2025-11-19 16:17:52.220] [2664] [HailoRT] [info] [device.cpp:49] [Device] OS Version: Linux 6.12.47+rpt-rpi-2712 #1 SMP PREEMPT Debian 1:6.12.47-1+rpt1~bookworm (2025-09-16) aarch64
[2025-11-19 16:17:52.221] [2664] [HailoRT] [info] [control.cpp:108] [control__parse_identify_results] firmware_version is: 4.20.0
[2025-11-19 16:17:52.222] [2664] [HailoRT] [info] [control.cpp:108] [control__parse_identify_results] firmware_version is: 4.20.0
[2025-11-19 16:17:52.298] [2642] [HailoRT] [info] [vdevice.cpp:523] [create] Creating vdevice with params: device_count: 1, scheduling_algorithm: ROUND_ROBIN, multi_process_service: false
[2025-11-19 16:17:52.303] [2642] [HailoRT] [info] [device.cpp:49] [Device] OS Version: Linux 6.12.47+rpt-rpi-2712 #1 SMP PREEMPT Debian 1:6.12.47-1+rpt1~bookworm (2025-09-16) aarch64
[2025-11-19 16:17:52.307] [2642] [HailoRT] [info] [control.cpp:108] [control__parse_identify_results] firmware_version is: 4.20.0
[2025-11-19 16:17:52.323] [2642] [HailoRT] [error] [vdevice.cpp:820] [create_devices] CHECK failed - Failed to create vdevice. there are not enough free devices. requested: 1, found: 0
[2025-11-19 16:17:52.323] [2642] [HailoRT] [error] [vdevice.cpp:631] [create] CHECK_SUCCESS failed with status=HAILO_OUT_OF_PHYSICAL_DEVICES(74)
[2025-11-19 16:17:52.323] [2642] [HailoRT] [error] [shared_resource_manager.hpp:81] [register_resource] CHECK_SUCCESS failed with status=HAILO_OUT_OF_PHYSICAL_DEVICES(74)
[2025-11-19 16:17:52.323] [2642] [HailoRT] [error] [vdevice.cpp:132] [create] CHECK_SUCCESS failed with status=HAILO_OUT_OF_PHYSICAL_DEVICES(74)
[2025-11-19 16:17:52.323] [2642] [HailoRT] [error] [vdevice.cpp:554] [create] CHECK_SUCCESS failed with status=HAILO_OUT_OF_PHYSICAL_DEVICES(74)
[2025-11-19 16:18:43.740] [1933] [HailoRT] [info] [device.cpp:49] [Device] OS Version: Linux 6.12.47+rpt-rpi-2712 #1 SMP PREEMPT Debian 1:6.12.47-1+rpt1~bookworm (2025-09-16) aarch64
[2025-11-19 16:18:43.741] [1933] [HailoRT] [info] [control.cpp:108] [control__parse_identify_results] firmware_version is: 4.20.0
[2025-11-19 16:18:43.742] [1933] [HailoRT] [info] [control.cpp:108] [control__parse_identify_results] firmware_version is: 4.20.0
[2025-11-19 16:18:43.800] [1941] [HailoRT] [info] [device.cpp:49] [Device] OS Version: Linux 6.12.47+rpt-rpi-2712 #1 SMP PREEMPT Debian 1:6.12.47-1+rpt1~bookworm (2025-09-16) aarch64
[2025-11-19 16:18:43.802] [1941] [HailoRT] [info] [control.cpp:108] [control__parse_identify_results] firmware_version is: 4.20.0
[2025-11-19 16:18:43.802] [1941] [HailoRT] [info] [control.cpp:108] [control__parse_identify_results] firmware_version is: 4.20.0
[2025-11-19 16:18:44.173] [1776] [HailoRT] [info] [vdevice.cpp:523] [create] Creating vdevice with params: device_count: 1, scheduling_algorithm: ROUND_ROBIN, multi_process_service: false
[2025-11-19 16:18:44.198] [1776] [HailoRT] [info] [device.cpp:49] [Device] OS Version: Linux 6.12.47+rpt-rpi-2712 #1 SMP PREEMPT Debian 1:6.12.47-1+rpt1~bookworm (2025-09-16) aarch64
[2025-11-19 16:18:44.200] [1776] [HailoRT] [info] [control.cpp:108] [control__parse_identify_results] firmware_version is: 4.20.0
[2025-11-19 16:18:44.201] [1776] [HailoRT] [info] [vdevice.cpp:651] [create] VDevice Infos: 0001:01:00.0
[2025-11-19 16:18:44.323] [1776] [HailoRT] [info] [hef.cpp:1929] [get_network_group_and_network_name] No name was given. Addressing all networks of default network_group: yolov11n
[2025-11-19 16:18:44.323] [1776] [HailoRT] [info] [hef.cpp:1929] [get_network_group_and_network_name] No name was given. Addressing all networks of default network_group: yolov11n
[2025-11-19 16:18:44.419] [1776] [HailoRT] [info] [internal_buffer_manager.cpp:204] [print_execution_results] Planned internal buffer memory: CMA memory 0, user memory 2772480. memory to edge layer usage factor is 1
[2025-11-19 16:18:44.419] [1776] [HailoRT] [info] [internal_buffer_manager.cpp:212] [print_execution_results] Default Internal buffer planner executed successfully
[2025-11-19 16:18:44.470] [1776] [HailoRT] [info] [device_internal.cpp:57] [configure] Configuring HEF took 70.553463 milliseconds
[2025-11-19 16:18:44.471] [1776] [HailoRT] [info] [vdevice.cpp:749] [configure] Configuring HEF on VDevice took 71.761741 milliseconds
[2025-11-19 16:18:44.471] [1776] [HailoRT] [info] [infer_model.cpp:436] [configure] Configuring network group 'yolov11n' with params: batch size: 2, power mode: PERFORMANCE, latency: NONE
[2025-11-19 16:18:44.475] [1776] [HailoRT] [info] [multi_io_elements.cpp:756] [create] Created (AsyncHwEl)
[2025-11-19 16:18:44.500] [1776] [HailoRT] [info] [queue_elements.cpp:450] [create] Created (EntryPushQEl0yolov11n/input_layer1 | timeout: 10s)
[2025-11-19 16:18:44.500] [1776] [HailoRT] [info] [filter_elements.cpp:101] [create] Created (PreInferEl3yolov11n/input_layer1 | Reorder - src_order: RGB4, src_shape: (640, 640, 3), dst_order: NHCW, dst_shape: (640, 640, 3))
[2025-11-19 16:18:44.501] [1776] [HailoRT] [info] [queue_elements.cpp:450] [create] Created (PushQEl3yolov11n/input_layer1 | timeout: 10s)
[2025-11-19 16:18:44.501] [1776] [HailoRT] [info] [multi_io_elements.cpp:135] [create] Created (NmsPPMuxEl0YOLOV8-Post-Process | Op YOLOV8, Name: YOLOV8-Post-Process, Score threshold: 0.300, IoU threshold: 0.45, Classes: 80, Cross classes: false, NMS results order: BY_CLASS, Max bboxes per class: 100, Image height: 640, Image width: 640)
[2025-11-19 16:18:44.502] [1776] [HailoRT] [info] [queue_elements.cpp:942] [create] Created (MultiPushQEl0YOLOV8-Post-Process | timeout: 10s)
[2025-11-19 16:18:44.502] [1776] [HailoRT] [info] [edge_elements.cpp:187] [create] Created (LastAsyncEl0NmsPPMuxEl0YOLOV8-Post-Process)
[2025-11-19 16:18:44.502] [1776] [HailoRT] [info] [pipeline.cpp:891] [print_deep_description] EntryPushQEl0yolov11n/input_layer1 | inputs: user | outputs: PreInferEl3yolov11n/input_layer1(running in thread_id: 1995)
[2025-11-19 16:18:44.505] [1776] [HailoRT] [info] [pipeline.cpp:891] [print_deep_description] PreInferEl3yolov11n/input_layer1 | inputs: EntryPushQEl0yolov11n/input_layer1[0] | outputs: PushQEl3yolov11n/input_layer1
[2025-11-19 16:18:44.505] [1776] [HailoRT] [info] [pipeline.cpp:891] [print_deep_description] PushQEl3yolov11n/input_layer1 | inputs: PreInferEl3yolov11n/input_layer1[0] | outputs: AsyncHwEl(running in thread_id: 1996)
[2025-11-19 16:18:44.505] [1776] [HailoRT] [info] [pipeline.cpp:891] [print_deep_description] AsyncHwEl | inputs: PushQEl3yolov11n/input_layer1[0] | outputs: MultiPushQEl0YOLOV8-Post-Process MultiPushQEl0YOLOV8-Post-Process MultiPushQEl0YOLOV8-Post-Process MultiPushQEl0YOLOV8-Post-Process MultiPushQEl0YOLOV8-Post-Process MultiPushQEl0YOLOV8-Post-Process
[2025-11-19 16:18:44.505] [1776] [HailoRT] [info] [pipeline.cpp:891] [print_deep_description] MultiPushQEl0YOLOV8-Post-Process | inputs: AsyncHwEl[0] AsyncHwEl[1] AsyncHwEl[2] AsyncHwEl[3] AsyncHwEl[4] AsyncHwEl[5] | outputs: NmsPPMuxEl0YOLOV8-Post-Process(running in thread_id: 1997)
[2025-11-19 16:18:44.505] [1776] [HailoRT] [info] [pipeline.cpp:891] [print_deep_description] NmsPPMuxEl0YOLOV8-Post-Process | inputs: MultiPushQEl0YOLOV8-Post-Process[0] | outputs: LastAsyncEl0NmsPPMuxEl0YOLOV8-Post-Process
[2025-11-19 16:18:44.505] [1776] [HailoRT] [info] [pipeline.cpp:891] [print_deep_description] LastAsyncEl0NmsPPMuxEl0YOLOV8-Post-Process | inputs: NmsPPMuxEl0YOLOV8-Post-Process[0] | outputs: user
[2025-11-19 16:18:45.373] [1981] [HailoRT] [info] [hef.cpp:1929] [get_network_group_and_network_name] No name was given. Addressing all networks of default network_group: yolov11n
[2025-11-19 16:21:19.204] [2323] [HailoRT] [info] [device.cpp:49] [Device] OS Version: Linux 6.12.47+rpt-rpi-2712 #1 SMP PREEMPT Debian 1:6.12.47-1+rpt1~bookworm (2025-09-16) aarch64
[2025-11-19 16:21:19.207] [2323] [HailoRT] [info] [control.cpp:108] [control__parse_identify_results] firmware_version is: 4.20.0
[2025-11-19 16:21:19.208] [2323] [HailoRT] [info] [control.cpp:108] [control__parse_identify_results] firmware_version is: 4.20.0
[2025-11-19 16:21:19.241] [2331] [HailoRT] [info] [device.cpp:49] [Device] OS Version: Linux 6.12.47+rpt-rpi-2712 #1 SMP PREEMPT Debian 1:6.12.47-1+rpt1~bookworm (2025-09-16) aarch64
[2025-11-19 16:21:19.244] [2331] [HailoRT] [info] [control.cpp:108] [control__parse_identify_results] firmware_version is: 4.20.0
[2025-11-19 16:21:19.245] [2331] [HailoRT] [info] [control.cpp:108] [control__parse_identify_results] firmware_version is: 4.20.0
[2025-11-19 16:21:19.318] [2310] [HailoRT] [info] [vdevice.cpp:523] [create] Creating vdevice with params: device_count: 1, scheduling_algorithm: ROUND_ROBIN, multi_process_service: false
[2025-11-19 16:21:19.318] [2310] [HailoRT] [info] [device.cpp:49] [Device] OS Version: Linux 6.12.47+rpt-rpi-2712 #1 SMP PREEMPT Debian 1:6.12.47-1+rpt1~bookworm (2025-09-16) aarch64
[2025-11-19 16:21:19.324] [2310] [HailoRT] [info] [control.cpp:108] [control__parse_identify_results] firmware_version is: 4.20.0
[2025-11-19 16:21:19.350] [2310] [HailoRT] [error] [vdevice.cpp:820] [create_devices] CHECK failed - Failed to create vdevice. there are not enough free devices. requested: 1, found: 0
[2025-11-19 16:21:19.350] [2310] [HailoRT] [error] [vdevice.cpp:631] [create] CHECK_SUCCESS failed with status=HAILO_OUT_OF_PHYSICAL_DEVICES(74)
[2025-11-19 16:21:19.350] [2310] [HailoRT] [error] [shared_resource_manager.hpp:81] [register_resource] CHECK_SUCCESS failed with status=HAILO_OUT_OF_PHYSICAL_DEVICES(74)
[2025-11-19 16:21:19.350] [2310] [HailoRT] [error] [vdevice.cpp:132] [create] CHECK_SUCCESS failed with status=HAILO_OUT_OF_PHYSICAL_DEVICES(74)
[2025-11-19 16:21:19.350] [2310] [HailoRT] [error] [vdevice.cpp:554] [create] CHECK_SUCCESS failed with status=HAILO_OUT_OF_PHYSICAL_DEVICES(74)
[2025-11-19 16:22:15.726] [1870] [HailoRT] [info] [device.cpp:49] [Device] OS Version: Linux 6.12.47+rpt-rpi-2712 #1 SMP PREEMPT Debian 1:6.12.47-1+rpt1~bookworm (2025-09-16) aarch64
[2025-11-19 16:22:15.729] [1870] [HailoRT] [info] [control.cpp:108] [control__parse_identify_results] firmware_version is: 4.20.0
[2025-11-19 16:22:15.730] [1870] [HailoRT] [info] [control.cpp:108] [control__parse_identify_results] firmware_version is: 4.20.0
[2025-11-19 16:22:15.799] [1898] [HailoRT] [info] [device.cpp:49] [Device] OS Version: Linux 6.12.47+rpt-rpi-2712 #1 SMP PREEMPT Debian 1:6.12.47-1+rpt1~bookworm (2025-09-16) aarch64
[2025-11-19 16:22:15.801] [1898] [HailoRT] [info] [control.cpp:108] [control__parse_identify_results] firmware_version is: 4.20.0
[2025-11-19 16:22:15.804] [1898] [HailoRT] [info] [control.cpp:108] [control__parse_identify_results] firmware_version is: 4.20.0
[2025-11-19 16:22:16.944] [1772] [HailoRT] [info] [vdevice.cpp:523] [create] Creating vdevice with params: device_count: 1, scheduling_algorithm: ROUND_ROBIN, multi_process_service: false
[2025-11-19 16:22:16.992] [1772] [HailoRT] [info] [device.cpp:49] [Device] OS Version: Linux 6.12.47+rpt-rpi-2712 #1 SMP PREEMPT Debian 1:6.12.47-1+rpt1~bookworm (2025-09-16) aarch64
[2025-11-19 16:22:16.995] [1772] [HailoRT] [info] [control.cpp:108] [control__parse_identify_results] firmware_version is: 4.20.0
[2025-11-19 16:22:17.000] [1772] [HailoRT] [info] [vdevice.cpp:651] [create] VDevice Infos: 0001:01:00.0
[2025-11-19 16:22:17.156] [1772] [HailoRT] [info] [hef.cpp:1929] [get_network_group_and_network_name] No name was given. Addressing all networks of default network_group: yolov11n
[2025-11-19 16:22:17.156] [1772] [HailoRT] [info] [hef.cpp:1929] [get_network_group_and_network_name] No name was given. Addressing all networks of default network_group: yolov11n
[2025-11-19 16:22:17.318] [1772] [HailoRT] [info] [internal_buffer_manager.cpp:204] [print_execution_results] Planned internal buffer memory: CMA memory 0, user memory 2772480. memory to edge layer usage factor is 1
[2025-11-19 16:22:17.318] [1772] [HailoRT] [info] [internal_buffer_manager.cpp:212] [print_execution_results] Default Internal buffer planner executed successfully
[2025-11-19 16:22:17.387] [1772] [HailoRT] [info] [device_internal.cpp:57] [configure] Configuring HEF took 93.785863 milliseconds
[2025-11-19 16:22:17.387] [1772] [HailoRT] [info] [vdevice.cpp:749] [configure] Configuring HEF on VDevice took 94.68533 milliseconds
[2025-11-19 16:22:17.387] [1772] [HailoRT] [info] [infer_model.cpp:436] [configure] Configuring network group 'yolov11n' with params: batch size: 2, power mode: PERFORMANCE, latency: NONE
[2025-11-19 16:22:17.396] [1772] [HailoRT] [info] [multi_io_elements.cpp:756] [create] Created (AsyncHwEl)
[2025-11-19 16:22:17.399] [1772] [HailoRT] [info] [queue_elements.cpp:450] [create] Created (EntryPushQEl0yolov11n/input_layer1 | timeout: 10s)
[2025-11-19 16:22:17.399] [1772] [HailoRT] [info] [filter_elements.cpp:101] [create] Created (PreInferEl3yolov11n/input_layer1 | Reorder - src_order: RGB4, src_shape: (640, 640, 3), dst_order: NHCW, dst_shape: (640, 640, 3))
[2025-11-19 16:22:17.399] [1772] [HailoRT] [info] [queue_elements.cpp:450] [create] Created (PushQEl3yolov11n/input_layer1 | timeout: 10s)
[2025-11-19 16:22:17.399] [1772] [HailoRT] [info] [multi_io_elements.cpp:135] [create] Created (NmsPPMuxEl0YOLOV8-Post-Process | Op YOLOV8, Name: YOLOV8-Post-Process, Score threshold: 0.300, IoU threshold: 0.45, Classes: 80, Cross classes: false, NMS results order: BY_CLASS, Max bboxes per class: 100, Image height: 640, Image width: 640)
[2025-11-19 16:22:17.400] [1772] [HailoRT] [info] [queue_elements.cpp:942] [create] Created (MultiPushQEl0YOLOV8-Post-Process | timeout: 10s)
[2025-11-19 16:22:17.400] [1772] [HailoRT] [info] [edge_elements.cpp:187] [create] Created (LastAsyncEl0NmsPPMuxEl0YOLOV8-Post-Process)
[2025-11-19 16:22:17.400] [1772] [HailoRT] [info] [pipeline.cpp:891] [print_deep_description] EntryPushQEl0yolov11n/input_layer1 | inputs: user | outputs: PreInferEl3yolov11n/input_layer1(running in thread_id: 2014)
[2025-11-19 16:22:17.404] [1772] [HailoRT] [info] [pipeline.cpp:891] [print_deep_description] PreInferEl3yolov11n/input_layer1 | inputs: EntryPushQEl0yolov11n/input_layer1[0] | outputs: PushQEl3yolov11n/input_layer1
[2025-11-19 16:22:17.404] [1772] [HailoRT] [info] [pipeline.cpp:891] [print_deep_description] PushQEl3yolov11n/input_layer1 | inputs: PreInferEl3yolov11n/input_layer1[0] | outputs: AsyncHwEl(running in thread_id: 2015)
[2025-11-19 16:22:17.404] [1772] [HailoRT] [info] [pipeline.cpp:891] [print_deep_description] AsyncHwEl | inputs: PushQEl3yolov11n/input_layer1[0] | outputs: MultiPushQEl0YOLOV8-Post-Process MultiPushQEl0YOLOV8-Post-Process MultiPushQEl0YOLOV8-Post-Process MultiPushQEl0YOLOV8-Post-Process MultiPushQEl0YOLOV8-Post-Process MultiPushQEl0YOLOV8-Post-Process
[2025-11-19 16:22:17.405] [1772] [HailoRT] [info] [pipeline.cpp:891] [print_deep_description] MultiPushQEl0YOLOV8-Post-Process | inputs: AsyncHwEl[0] AsyncHwEl[1] AsyncHwEl[2] AsyncHwEl[3] AsyncHwEl[4] AsyncHwEl[5] | outputs: NmsPPMuxEl0YOLOV8-Post-Process(running in thread_id: 2016)
[2025-11-19 16:22:17.405] [1772] [HailoRT] [info] [pipeline.cpp:891] [print_deep_description] NmsPPMuxEl0YOLOV8-Post-Process | inputs: MultiPushQEl0YOLOV8-Post-Process[0] | outputs: LastAsyncEl0NmsPPMuxEl0YOLOV8-Post-Process
[2025-11-19 16:22:17.405] [1772] [HailoRT] [info] [pipeline.cpp:891] [print_deep_description] LastAsyncEl0NmsPPMuxEl0YOLOV8-Post-Process | inputs: NmsPPMuxEl0YOLOV8-Post-Process[0] | outputs: user
[2025-11-19 16:22:18.246] [2002] [HailoRT] [info] [hef.cpp:1929] [get_network_group_and_network_name] No name was given. Addressing all networks of default network_group: yolov11n
[2025-11-19 16:26:34.745] [2786] [HailoRT] [info] [device.cpp:49] [Device] OS Version: Linux 6.12.47+rpt-rpi-2712 #1 SMP PREEMPT Debian 1:6.12.47-1+rpt1~bookworm (2025-09-16) aarch64
[2025-11-19 16:26:34.747] [2786] [HailoRT] [info] [control.cpp:108] [control__parse_identify_results] firmware_version is: 4.20.0
[2025-11-19 16:26:34.749] [2786] [HailoRT] [info] [control.cpp:108] [control__parse_identify_results] firmware_version is: 4.20.0
[2025-11-19 16:26:34.778] [2795] [HailoRT] [info] [device.cpp:49] [Device] OS Version: Linux 6.12.47+rpt-rpi-2712 #1 SMP PREEMPT Debian 1:6.12.47-1+rpt1~bookworm (2025-09-16) aarch64
[2025-11-19 16:26:34.780] [2795] [HailoRT] [info] [control.cpp:108] [control__parse_identify_results] firmware_version is: 4.20.0
[2025-11-19 16:26:34.781] [2795] [HailoRT] [info] [control.cpp:108] [control__parse_identify_results] firmware_version is: 4.20.0
[2025-11-19 16:26:34.855] [2758] [HailoRT] [info] [vdevice.cpp:523] [create] Creating vdevice with params: device_count: 1, scheduling_algorithm: ROUND_ROBIN, multi_process_service: false
[2025-11-19 16:26:34.856] [2758] [HailoRT] [info] [device.cpp:49] [Device] OS Version: Linux 6.12.47+rpt-rpi-2712 #1 SMP PREEMPT Debian 1:6.12.47-1+rpt1~bookworm (2025-09-16) aarch64
[2025-11-19 16:26:34.860] [2758] [HailoRT] [info] [control.cpp:108] [control__parse_identify_results] firmware_version is: 4.20.0
[2025-11-19 16:26:34.884] [2758] [HailoRT] [error] [vdevice.cpp:820] [create_devices] CHECK failed - Failed to create vdevice. there are not enough free devices. requested: 1, found: 0
[2025-11-19 16:26:34.884] [2758] [HailoRT] [error] [vdevice.cpp:631] [create] CHECK_SUCCESS failed with status=HAILO_OUT_OF_PHYSICAL_DEVICES(74)
[2025-11-19 16:26:34.884] [2758] [HailoRT] [error] [shared_resource_manager.hpp:81] [register_resource] CHECK_SUCCESS failed with status=HAILO_OUT_OF_PHYSICAL_DEVICES(74)
[2025-11-19 16:26:34.884] [2758] [HailoRT] [error] [vdevice.cpp:132] [create] CHECK_SUCCESS failed with status=HAILO_OUT_OF_PHYSICAL_DEVICES(74)
[2025-11-19 16:26:34.884] [2758] [HailoRT] [error] [vdevice.cpp:554] [create] CHECK_SUCCESS failed with status=HAILO_OUT_OF_PHYSICAL_DEVICES(74)
[2025-11-19 16:39:54.259] [3333] [HailoRT] [info] [device.cpp:49] [Device] OS Version: Linux 6.12.47+rpt-rpi-2712 #1 SMP PREEMPT Debian 1:6.12.47-1+rpt1~bookworm (2025-09-16) aarch64
[2025-11-19 16:39:54.260] [3333] [HailoRT] [info] [control.cpp:108] [control__parse_identify_results] firmware_version is: 4.20.0
[2025-11-19 16:39:54.261] [3333] [HailoRT] [info] [control.cpp:108] [control__parse_identify_results] firmware_version is: 4.20.0
[2025-11-19 16:39:54.319] [3343] [HailoRT] [info] [device.cpp:49] [Device] OS Version: Linux 6.12.47+rpt-rpi-2712 #1 SMP PREEMPT Debian 1:6.12.47-1+rpt1~bookworm (2025-09-16) aarch64
[2025-11-19 16:39:54.320] [3343] [HailoRT] [info] [control.cpp:108] [control__parse_identify_results] firmware_version is: 4.20.0
[2025-11-19 16:39:54.322] [3343] [HailoRT] [info] [control.cpp:108] [control__parse_identify_results] firmware_version is: 4.20.0
[2025-11-19 16:39:54.410] [3314] [HailoRT] [info] [vdevice.cpp:523] [create] Creating vdevice with params: device_count: 1, scheduling_algorithm: ROUND_ROBIN, multi_process_service: false
[2025-11-19 16:39:54.423] [3314] [HailoRT] [info] [device.cpp:49] [Device] OS Version: Linux 6.12.47+rpt-rpi-2712 #1 SMP PREEMPT Debian 1:6.12.47-1+rpt1~bookworm (2025-09-16) aarch64
[2025-11-19 16:39:54.428] [3314] [HailoRT] [info] [control.cpp:108] [control__parse_identify_results] firmware_version is: 4.20.0
[2025-11-19 16:39:54.428] [3314] [HailoRT] [info] [vdevice.cpp:651] [create] VDevice Infos: 0001:01:00.0
[2025-11-19 16:39:54.475] [3314] [HailoRT] [info] [hef.cpp:1929] [get_network_group_and_network_name] No name was given. Addressing all networks of default network_group: yolov11n
[2025-11-19 16:39:54.475] [3314] [HailoRT] [info] [hef.cpp:1929] [get_network_group_and_network_name] No name was given. Addressing all networks of default network_group: yolov11n
[2025-11-19 16:39:54.517] [3314] [HailoRT] [info] [internal_buffer_manager.cpp:204] [print_execution_results] Planned internal buffer memory: CMA memory 0, user memory 2772480. memory to edge layer usage factor is 1
[2025-11-19 16:39:54.517] [3314] [HailoRT] [info] [internal_buffer_manager.cpp:212] [print_execution_results] Default Internal buffer planner executed successfully
[2025-11-19 16:39:54.545] [3314] [HailoRT] [info] [device_internal.cpp:57] [configure] Configuring HEF took 34.172742 milliseconds
[2025-11-19 16:39:54.545] [3314] [HailoRT] [info] [vdevice.cpp:749] [configure] Configuring HEF on VDevice took 34.53954 milliseconds
[2025-11-19 16:39:54.545] [3314] [HailoRT] [info] [infer_model.cpp:436] [configure] Configuring network group 'yolov11n' with params: batch size: 2, power mode: PERFORMANCE, latency: NONE
[2025-11-19 16:39:54.545] [3314] [HailoRT] [info] [multi_io_elements.cpp:756] [create] Created (AsyncHwEl)
[2025-11-19 16:39:54.545] [3314] [HailoRT] [info] [queue_elements.cpp:450] [create] Created (EntryPushQEl0yolov11n/input_layer1 | timeout: 10s)
[2025-11-19 16:39:54.545] [3314] [HailoRT] [info] [filter_elements.cpp:101] [create] Created (PreInferEl3yolov11n/input_layer1 | Reorder - src_order: RGB4, src_shape: (640, 640, 3), dst_order: NHCW, dst_shape: (640, 640, 3))
[2025-11-19 16:39:54.548] [3314] [HailoRT] [info] [queue_elements.cpp:450] [create] Created (PushQEl3yolov11n/input_layer1 | timeout: 10s)
[2025-11-19 16:39:54.548] [3314] [HailoRT] [info] [multi_io_elements.cpp:135] [create] Created (NmsPPMuxEl0YOLOV8-Post-Process | Op YOLOV8, Name: YOLOV8-Post-Process, Score threshold: 0.300, IoU threshold: 0.45, Classes: 80, Cross classes: false, NMS results order: BY_CLASS, Max bboxes per class: 100, Image height: 640, Image width: 640)
[2025-11-19 16:39:54.548] [3314] [HailoRT] [info] [queue_elements.cpp:942] [create] Created (MultiPushQEl0YOLOV8-Post-Process | timeout: 10s)
[2025-11-19 16:39:54.548] [3314] [HailoRT] [info] [edge_elements.cpp:187] [create] Created (LastAsyncEl0NmsPPMuxEl0YOLOV8-Post-Process)
[2025-11-19 16:39:54.548] [3314] [HailoRT] [info] [pipeline.cpp:891] [print_deep_description] EntryPushQEl0yolov11n/input_layer1 | inputs: user | outputs: PreInferEl3yolov11n/input_layer1(running in thread_id: 3389)
[2025-11-19 16:39:54.548] [3314] [HailoRT] [info] [pipeline.cpp:891] [print_deep_description] PreInferEl3yolov11n/input_layer1 | inputs: EntryPushQEl0yolov11n/input_layer1[0] | outputs: PushQEl3yolov11n/input_layer1
[2025-11-19 16:39:54.548] [3314] [HailoRT] [info] [pipeline.cpp:891] [print_deep_description] PushQEl3yolov11n/input_layer1 | inputs: PreInferEl3yolov11n/input_layer1[0] | outputs: AsyncHwEl(running in thread_id: 3390)
[2025-11-19 16:39:54.548] [3314] [HailoRT] [info] [pipeline.cpp:891] [print_deep_description] AsyncHwEl | inputs: PushQEl3yolov11n/input_layer1[0] | outputs: MultiPushQEl0YOLOV8-Post-Process MultiPushQEl0YOLOV8-Post-Process MultiPushQEl0YOLOV8-Post-Process MultiPushQEl0YOLOV8-Post-Process MultiPushQEl0YOLOV8-Post-Process MultiPushQEl0YOLOV8-Post-Process
[2025-11-19 16:39:54.548] [3314] [HailoRT] [info] [pipeline.cpp:891] [print_deep_description] MultiPushQEl0YOLOV8-Post-Process | inputs: AsyncHwEl[0] AsyncHwEl[1] AsyncHwEl[2] AsyncHwEl[3] AsyncHwEl[4] AsyncHwEl[5] | outputs: NmsPPMuxEl0YOLOV8-Post-Process(running in thread_id: 3391)
[2025-11-19 16:39:54.548] [3314] [HailoRT] [info] [pipeline.cpp:891] [print_deep_description] NmsPPMuxEl0YOLOV8-Post-Process | inputs: MultiPushQEl0YOLOV8-Post-Process[0] | outputs: LastAsyncEl0NmsPPMuxEl0YOLOV8-Post-Process
[2025-11-19 16:39:54.548] [3314] [HailoRT] [info] [pipeline.cpp:891] [print_deep_description] LastAsyncEl0NmsPPMuxEl0YOLOV8-Post-Process | inputs: NmsPPMuxEl0YOLOV8-Post-Process[0] | outputs: user
[2025-11-19 16:39:55.336] [3369] [HailoRT] [info] [hef.cpp:1929] [get_network_group_and_network_name] No name was given. Addressing all networks of default network_group: yolov11n
[2025-11-19 16:40:02.314] [3428] [HailoRT] [info] [device.cpp:49] [Device] OS Version: Linux 6.12.47+rpt-rpi-2712 #1 SMP PREEMPT Debian 1:6.12.47-1+rpt1~bookworm (2025-09-16) aarch64
[2025-11-19 16:40:02.318] [3428] [HailoRT] [info] [control.cpp:108] [control__parse_identify_results] firmware_version is: 4.20.0
[2025-11-19 16:40:02.321] [3428] [HailoRT] [info] [control.cpp:108] [control__parse_identify_results] firmware_version is: 4.20.0
[2025-11-19 16:40:02.357] [3439] [HailoRT] [info] [device.cpp:49] [Device] OS Version: Linux 6.12.47+rpt-rpi-2712 #1 SMP PREEMPT Debian 1:6.12.47-1+rpt1~bookworm (2025-09-16) aarch64
[2025-11-19 16:40:02.368] [3439] [HailoRT] [info] [control.cpp:108] [control__parse_identify_results] firmware_version is: 4.20.0
[2025-11-19 16:40:02.379] [3439] [HailoRT] [info] [control.cpp:108] [control__parse_identify_results] firmware_version is: 4.20.0
[2025-11-19 16:40:02.507] [3412] [HailoRT] [info] [vdevice.cpp:523] [create] Creating vdevice with params: device_count: 1, scheduling_algorithm: ROUND_ROBIN, multi_process_service: false
[2025-11-19 16:40:02.516] [3412] [HailoRT] [info] [device.cpp:49] [Device] OS Version: Linux 6.12.47+rpt-rpi-2712 #1 SMP PREEMPT Debian 1:6.12.47-1+rpt1~bookworm (2025-09-16) aarch64
[2025-11-19 16:40:02.524] [3412] [HailoRT] [info] [control.cpp:108] [control__parse_identify_results] firmware_version is: 4.20.0
[2025-11-19 16:40:02.542] [3412] [HailoRT] [error] [vdevice.cpp:820] [create_devices] CHECK failed - Failed to create vdevice. there are not enough free devices. requested: 1, found: 0
[2025-11-19 16:40:02.542] [3412] [HailoRT] [error] [vdevice.cpp:631] [create] CHECK_SUCCESS failed with status=HAILO_OUT_OF_PHYSICAL_DEVICES(74)
[2025-11-19 16:40:02.543] [3412] [HailoRT] [error] [shared_resource_manager.hpp:81] [register_resource] CHECK_SUCCESS failed with status=HAILO_OUT_OF_PHYSICAL_DEVICES(74)
[2025-11-19 16:40:02.543] [3412] [HailoRT] [error] [vdevice.cpp:132] [create] CHECK_SUCCESS failed with status=HAILO_OUT_OF_PHYSICAL_DEVICES(74)
[2025-11-19 16:40:02.543] [3412] [HailoRT] [error] [vdevice.cpp:554] [create] CHECK_SUCCESS failed with status=HAILO_OUT_OF_PHYSICAL_DEVICES(74)
[2025-11-19 16:40:21.765] [3530] [HailoRT] [info] [async_infer_runner.cpp:86] [shutdown] Pipeline was aborted. Shutting it down
[2025-11-19 16:40:21.768] [3530] [HailoRT] [info] [queue_elements.cpp:1131] [execute_deactivate] enqueue() in element MultiPushQEl0YOLOV8-Post-Process was aborted, got status = HAILO_SHUTDOWN_EVENT_SIGNALED(57)
[2025-11-19 16:40:21.768] [3530] [HailoRT] [info] [queue_elements.cpp:1131] [execute_deactivate] enqueue() in element MultiPushQEl0YOLOV8-Post-Process was aborted, got status = HAILO_SHUTDOWN_EVENT_SIGNALED(57)
[2025-11-19 16:40:21.768] [3530] [HailoRT] [info] [queue_elements.cpp:1131] [execute_deactivate] enqueue() in element MultiPushQEl0YOLOV8-Post-Process was aborted, got status = HAILO_SHUTDOWN_EVENT_SIGNALED(57)
[2025-11-19 16:40:21.768] [3530] [HailoRT] [info] [queue_elements.cpp:1131] [execute_deactivate] enqueue() in element MultiPushQEl0YOLOV8-Post-Process was aborted, got status = HAILO_SHUTDOWN_EVENT_SIGNALED(57)
[2025-11-19 16:40:21.768] [3530] [HailoRT] [info] [queue_elements.cpp:1131] [execute_deactivate] enqueue() in element MultiPushQEl0YOLOV8-Post-Process was aborted, got status = HAILO_SHUTDOWN_EVENT_SIGNALED(57)
[2025-11-19 16:40:21.768] [3530] [HailoRT] [info] [queue_elements.cpp:1131] [execute_deactivate] enqueue() in element MultiPushQEl0YOLOV8-Post-Process was aborted, got status = HAILO_SHUTDOWN_EVENT_SIGNALED(57)
[2025-11-19 16:40:21.768] [3530] [HailoRT] [info] [queue_elements.cpp:570] [execute_deactivate] enqueue() in element PushQEl3yolov11n/input_layer1 was aborted, got status = HAILO_SHUTDOWN_EVENT_SIGNALED(57)
[2025-11-19 16:40:21.768] [3530] [HailoRT] [info] [queue_elements.cpp:570] [execute_deactivate] enqueue() in element EntryPushQEl0yolov11n/input_layer1 was aborted, got status = HAILO_SHUTDOWN_EVENT_SIGNALED(57)
[2025-11-19 16:40:21.768] [3530] [HailoRT] [info] [queue_elements.cpp:46] [~BaseQueueElement] Queue element EntryPushQEl0yolov11n/input_layer1 has 0 frames in his Queue on destruction
[2025-11-19 16:40:21.768] [3530] [HailoRT] [info] [queue_elements.cpp:46] [~BaseQueueElement] Queue element PushQEl3yolov11n/input_layer1 has 0 frames in his Queue on destruction
[2025-11-19 16:42:07.107] [3938] [HailoRT] [info] [device.cpp:49] [Device] OS Version: Linux 6.12.47+rpt-rpi-2712 #1 SMP PREEMPT Debian 1:6.12.47-1+rpt1~bookworm (2025-09-16) aarch64
[2025-11-19 16:42:07.109] [3938] [HailoRT] [info] [control.cpp:108] [control__parse_identify_results] firmware_version is: 4.20.0
[2025-11-19 16:42:07.111] [3938] [HailoRT] [info] [control.cpp:108] [control__parse_identify_results] firmware_version is: 4.20.0
[2025-11-19 16:42:07.163] [3949] [HailoRT] [info] [device.cpp:49] [Device] OS Version: Linux 6.12.47+rpt-rpi-2712 #1 SMP PREEMPT Debian 1:6.12.47-1+rpt1~bookworm (2025-09-16) aarch64
[2025-11-19 16:42:07.166] [3949] [HailoRT] [info] [control.cpp:108] [control__parse_identify_results] firmware_version is: 4.20.0
[2025-11-19 16:42:07.168] [3949] [HailoRT] [info] [control.cpp:108] [control__parse_identify_results] firmware_version is: 4.20.0
[2025-11-19 16:42:07.299] [3920] [HailoRT] [info] [vdevice.cpp:523] [create] Creating vdevice with params: device_count: 1, scheduling_algorithm: ROUND_ROBIN, multi_process_service: false
[2025-11-19 16:42:07.311] [3920] [HailoRT] [info] [device.cpp:49] [Device] OS Version: Linux 6.12.47+rpt-rpi-2712 #1 SMP PREEMPT Debian 1:6.12.47-1+rpt1~bookworm (2025-09-16) aarch64
[2025-11-19 16:42:07.318] [3920] [HailoRT] [info] [control.cpp:108] [control__parse_identify_results] firmware_version is: 4.20.0
[2025-11-19 16:42:07.318] [3920] [HailoRT] [info] [vdevice.cpp:651] [create] VDevice Infos: 0001:01:00.0
[2025-11-19 16:42:07.375] [3920] [HailoRT] [info] [hef.cpp:1929] [get_network_group_and_network_name] No name was given. Addressing all networks of default network_group: yolov11n
[2025-11-19 16:42:07.375] [3920] [HailoRT] [info] [hef.cpp:1929] [get_network_group_and_network_name] No name was given. Addressing all networks of default network_group: yolov11n
[2025-11-19 16:42:07.451] [3920] [HailoRT] [info] [internal_buffer_manager.cpp:204] [print_execution_results] Planned internal buffer memory: CMA memory 0, user memory 2772480. memory to edge layer usage factor is 1
[2025-11-19 16:42:07.451] [3920] [HailoRT] [info] [internal_buffer_manager.cpp:212] [print_execution_results] Default Internal buffer planner executed successfully
[2025-11-19 16:42:07.503] [3920] [HailoRT] [info] [device_internal.cpp:57] [configure] Configuring HEF took 64.032403 milliseconds
[2025-11-19 16:42:07.503] [3920] [HailoRT] [info] [vdevice.cpp:749] [configure] Configuring HEF on VDevice took 64.462517 milliseconds
[2025-11-19 16:42:07.503] [3920] [HailoRT] [info] [infer_model.cpp:436] [configure] Configuring network group 'yolov11n' with params: batch size: 2, power mode: PERFORMANCE, latency: NONE
[2025-11-19 16:42:07.504] [3920] [HailoRT] [info] [multi_io_elements.cpp:756] [create] Created (AsyncHwEl)
[2025-11-19 16:42:07.507] [3920] [HailoRT] [info] [queue_elements.cpp:450] [create] Created (EntryPushQEl0yolov11n/input_layer1 | timeout: 10s)
[2025-11-19 16:42:07.507] [3920] [HailoRT] [info] [filter_elements.cpp:101] [create] Created (PreInferEl3yolov11n/input_layer1 | Reorder - src_order: RGB4, src_shape: (640, 640, 3), dst_order: NHCW, dst_shape: (640, 640, 3))
[2025-11-19 16:42:07.508] [3920] [HailoRT] [info] [queue_elements.cpp:450] [create] Created (PushQEl3yolov11n/input_layer1 | timeout: 10s)
[2025-11-19 16:42:07.508] [3920] [HailoRT] [info] [multi_io_elements.cpp:135] [create] Created (NmsPPMuxEl0YOLOV8-Post-Process | Op YOLOV8, Name: YOLOV8-Post-Process, Score threshold: 0.300, IoU threshold: 0.45, Classes: 80, Cross classes: false, NMS results order: BY_CLASS, Max bboxes per class: 100, Image height: 640, Image width: 640)
[2025-11-19 16:42:07.510] [3920] [HailoRT] [info] [queue_elements.cpp:942] [create] Created (MultiPushQEl0YOLOV8-Post-Process | timeout: 10s)
[2025-11-19 16:42:07.510] [3920] [HailoRT] [info] [edge_elements.cpp:187] [create] Created (LastAsyncEl0NmsPPMuxEl0YOLOV8-Post-Process)
[2025-11-19 16:42:07.511] [3920] [HailoRT] [info] [pipeline.cpp:891] [print_deep_description] EntryPushQEl0yolov11n/input_layer1 | inputs: user | outputs: PreInferEl3yolov11n/input_layer1(running in thread_id: 3998)
[2025-11-19 16:42:07.511] [3920] [HailoRT] [info] [pipeline.cpp:891] [print_deep_description] PreInferEl3yolov11n/input_layer1 | inputs: EntryPushQEl0yolov11n/input_layer1[0] | outputs: PushQEl3yolov11n/input_layer1
[2025-11-19 16:42:07.511] [3920] [HailoRT] [info] [pipeline.cpp:891] [print_deep_description] PushQEl3yolov11n/input_layer1 | inputs: PreInferEl3yolov11n/input_layer1[0] | outputs: AsyncHwEl(running in thread_id: 3999)
[2025-11-19 16:42:07.511] [3920] [HailoRT] [info] [pipeline.cpp:891] [print_deep_description] AsyncHwEl | inputs: PushQEl3yolov11n/input_layer1[0] | outputs: MultiPushQEl0YOLOV8-Post-Process MultiPushQEl0YOLOV8-Post-Process MultiPushQEl0YOLOV8-Post-Process MultiPushQEl0YOLOV8-Post-Process MultiPushQEl0YOLOV8-Post-Process MultiPushQEl0YOLOV8-Post-Process
[2025-11-19 16:42:07.511] [3920] [HailoRT] [info] [pipeline.cpp:891] [print_deep_description] MultiPushQEl0YOLOV8-Post-Process | inputs: AsyncHwEl[0] AsyncHwEl[1] AsyncHwEl[2] AsyncHwEl[3] AsyncHwEl[4] AsyncHwEl[5] | outputs: NmsPPMuxEl0YOLOV8-Post-Process(running in thread_id: 4000)
[2025-11-19 16:42:07.511] [3920] [HailoRT] [info] [pipeline.cpp:891] [print_deep_description] NmsPPMuxEl0YOLOV8-Post-Process | inputs: MultiPushQEl0YOLOV8-Post-Process[0] | outputs: LastAsyncEl0NmsPPMuxEl0YOLOV8-Post-Process
[2025-11-19 16:42:07.511] [3920] [HailoRT] [info] [pipeline.cpp:891] [print_deep_description] LastAsyncEl0NmsPPMuxEl0YOLOV8-Post-Process | inputs: NmsPPMuxEl0YOLOV8-Post-Process[0] | outputs: user
[2025-11-19 16:42:08.348] [3983] [HailoRT] [info] [hef.cpp:1929] [get_network_group_and_network_name] No name was given. Addressing all networks of default network_group: yolov11n
[2025-11-19 16:42:34.614] [4103] [HailoRT] [info] [async_infer_runner.cpp:86] [shutdown] Pipeline was aborted. Shutting it down
[2025-11-19 16:42:34.618] [4103] [HailoRT] [info] [queue_elements.cpp:1131] [execute_deactivate] enqueue() in element MultiPushQEl0YOLOV8-Post-Process was aborted, got status = HAILO_SHUTDOWN_EVENT_SIGNALED(57)
[2025-11-19 16:42:34.618] [4103] [HailoRT] [info] [queue_elements.cpp:1131] [execute_deactivate] enqueue() in element MultiPushQEl0YOLOV8-Post-Process was aborted, got status = HAILO_SHUTDOWN_EVENT_SIGNALED(57)
[2025-11-19 16:42:34.618] [4103] [HailoRT] [info] [queue_elements.cpp:1131] [execute_deactivate] enqueue() in element MultiPushQEl0YOLOV8-Post-Process was aborted, got status = HAILO_SHUTDOWN_EVENT_SIGNALED(57)
[2025-11-19 16:42:34.618] [4103] [HailoRT] [info] [queue_elements.cpp:1131] [execute_deactivate] enqueue() in element MultiPushQEl0YOLOV8-Post-Process was aborted, got status = HAILO_SHUTDOWN_EVENT_SIGNALED(57)
[2025-11-19 16:42:34.618] [4103] [HailoRT] [info] [queue_elements.cpp:1131] [execute_deactivate] enqueue() in element MultiPushQEl0YOLOV8-Post-Process was aborted, got status = HAILO_SHUTDOWN_EVENT_SIGNALED(57)
[2025-11-19 16:42:34.618] [4103] [HailoRT] [info] [queue_elements.cpp:1131] [execute_deactivate] enqueue() in element MultiPushQEl0YOLOV8-Post-Process was aborted, got status = HAILO_SHUTDOWN_EVENT_SIGNALED(57)
[2025-11-19 16:42:34.618] [4103] [HailoRT] [info] [queue_elements.cpp:570] [execute_deactivate] enqueue() in element PushQEl3yolov11n/input_layer1 was aborted, got status = HAILO_SHUTDOWN_EVENT_SIGNALED(57)
[2025-11-19 16:42:34.618] [4103] [HailoRT] [info] [queue_elements.cpp:570] [execute_deactivate] enqueue() in element EntryPushQEl0yolov11n/input_layer1 was aborted, got status = HAILO_SHUTDOWN_EVENT_SIGNALED(57)
[2025-11-19 16:42:34.618] [4103] [HailoRT] [info] [queue_elements.cpp:46] [~BaseQueueElement] Queue element EntryPushQEl0yolov11n/input_layer1 has 0 frames in his Queue on destruction
[2025-11-19 16:42:34.618] [4103] [HailoRT] [info] [queue_elements.cpp:46] [~BaseQueueElement] Queue element PushQEl3yolov11n/input_layer1 has 0 frames in his Queue on destruction
[2025-11-19 16:47:32.762] [4456] [HailoRT] [info] [device.cpp:49] [Device] OS Version: Linux 6.12.47+rpt-rpi-2712 #1 SMP PREEMPT Debian 1:6.12.47-1+rpt1~bookworm (2025-09-16) aarch64
[2025-11-19 16:47:32.765] [4456] [HailoRT] [info] [control.cpp:108] [control__parse_identify_results] firmware_version is: 4.20.0
[2025-11-19 16:47:32.767] [4456] [HailoRT] [info] [control.cpp:108] [control__parse_identify_results] firmware_version is: 4.20.0
[2025-11-19 16:47:32.818] [4469] [HailoRT] [info] [device.cpp:49] [Device] OS Version: Linux 6.12.47+rpt-rpi-2712 #1 SMP PREEMPT Debian 1:6.12.47-1+rpt1~bookworm (2025-09-16) aarch64
[2025-11-19 16:47:32.823] [4469] [HailoRT] [info] [control.cpp:108] [control__parse_identify_results] firmware_version is: 4.20.0
[2025-11-19 16:47:32.824] [4469] [HailoRT] [info] [control.cpp:108] [control__parse_identify_results] firmware_version is: 4.20.0
[2025-11-19 16:47:32.933] [4441] [HailoRT] [info] [vdevice.cpp:523] [create] Creating vdevice with params: device_count: 1, scheduling_algorithm: ROUND_ROBIN, multi_process_service: false
[2025-11-19 16:47:32.944] [4441] [HailoRT] [info] [device.cpp:49] [Device] OS Version: Linux 6.12.47+rpt-rpi-2712 #1 SMP PREEMPT Debian 1:6.12.47-1+rpt1~bookworm (2025-09-16) aarch64
[2025-11-19 16:47:32.948] [4441] [HailoRT] [info] [control.cpp:108] [control__parse_identify_results] firmware_version is: 4.20.0
[2025-11-19 16:47:32.948] [4441] [HailoRT] [info] [vdevice.cpp:651] [create] VDevice Infos: 0001:01:00.0
[2025-11-19 16:47:32.998] [4441] [HailoRT] [info] [hef.cpp:1929] [get_network_group_and_network_name] No name was given. Addressing all networks of default network_group: yolov11n
[2025-11-19 16:47:32.998] [4441] [HailoRT] [info] [hef.cpp:1929] [get_network_group_and_network_name] No name was given. Addressing all networks of default network_group: yolov11n
[2025-11-19 16:47:33.041] [4441] [HailoRT] [info] [internal_buffer_manager.cpp:204] [print_execution_results] Planned internal buffer memory: CMA memory 0, user memory 2772480. memory to edge layer usage factor is 1
[2025-11-19 16:47:33.041] [4441] [HailoRT] [info] [internal_buffer_manager.cpp:212] [print_execution_results] Default Internal buffer planner executed successfully
[2025-11-19 16:47:33.075] [4441] [HailoRT] [info] [device_internal.cpp:57] [configure] Configuring HEF took 41.301039 milliseconds
[2025-11-19 16:47:33.075] [4441] [HailoRT] [info] [vdevice.cpp:749] [configure] Configuring HEF on VDevice took 41.903412 milliseconds
[2025-11-19 16:47:33.075] [4441] [HailoRT] [info] [infer_model.cpp:436] [configure] Configuring network group 'yolov11n' with params: batch size: 2, power mode: PERFORMANCE, latency: NONE
[2025-11-19 16:47:33.075] [4441] [HailoRT] [info] [multi_io_elements.cpp:756] [create] Created (AsyncHwEl)
[2025-11-19 16:47:33.075] [4441] [HailoRT] [info] [queue_elements.cpp:450] [create] Created (EntryPushQEl0yolov11n/input_layer1 | timeout: 10s)
[2025-11-19 16:47:33.075] [4441] [HailoRT] [info] [filter_elements.cpp:101] [create] Created (PreInferEl3yolov11n/input_layer1 | Reorder - src_order: RGB4, src_shape: (640, 640, 3), dst_order: NHCW, dst_shape: (640, 640, 3))
[2025-11-19 16:47:33.076] [4441] [HailoRT] [info] [queue_elements.cpp:450] [create] Created (PushQEl3yolov11n/input_layer1 | timeout: 10s)
[2025-11-19 16:47:33.076] [4441] [HailoRT] [info] [multi_io_elements.cpp:135] [create] Created (NmsPPMuxEl0YOLOV8-Post-Process | Op YOLOV8, Name: YOLOV8-Post-Process, Score threshold: 0.300, IoU threshold: 0.45, Classes: 80, Cross classes: false, NMS results order: BY_CLASS, Max bboxes per class: 100, Image height: 640, Image width: 640)
[2025-11-19 16:47:33.077] [4441] [HailoRT] [info] [queue_elements.cpp:942] [create] Created (MultiPushQEl0YOLOV8-Post-Process | timeout: 10s)
[2025-11-19 16:47:33.077] [4441] [HailoRT] [info] [edge_elements.cpp:187] [create] Created (LastAsyncEl0NmsPPMuxEl0YOLOV8-Post-Process)
[2025-11-19 16:47:33.077] [4441] [HailoRT] [info] [pipeline.cpp:891] [print_deep_description] EntryPushQEl0yolov11n/input_layer1 | inputs: user | outputs: PreInferEl3yolov11n/input_layer1(running in thread_id: 4518)
[2025-11-19 16:47:33.077] [4441] [HailoRT] [info] [pipeline.cpp:891] [print_deep_description] PreInferEl3yolov11n/input_layer1 | inputs: EntryPushQEl0yolov11n/input_layer1[0] | outputs: PushQEl3yolov11n/input_layer1
[2025-11-19 16:47:33.077] [4441] [HailoRT] [info] [pipeline.cpp:891] [print_deep_description] PushQEl3yolov11n/input_layer1 | inputs: PreInferEl3yolov11n/input_layer1[0] | outputs: AsyncHwEl(running in thread_id: 4519)
[2025-11-19 16:47:33.077] [4441] [HailoRT] [info] [pipeline.cpp:891] [print_deep_description] AsyncHwEl | inputs: PushQEl3yolov11n/input_layer1[0] | outputs: MultiPushQEl0YOLOV8-Post-Process MultiPushQEl0YOLOV8-Post-Process MultiPushQEl0YOLOV8-Post-Process MultiPushQEl0YOLOV8-Post-Process MultiPushQEl0YOLOV8-Post-Process MultiPushQEl0YOLOV8-Post-Process
[2025-11-19 16:47:33.077] [4441] [HailoRT] [info] [pipeline.cpp:891] [print_deep_description] MultiPushQEl0YOLOV8-Post-Process | inputs: AsyncHwEl[0] AsyncHwEl[1] AsyncHwEl[2] AsyncHwEl[3] AsyncHwEl[4] AsyncHwEl[5] | outputs: NmsPPMuxEl0YOLOV8-Post-Process(running in thread_id: 4520)
[2025-11-19 16:47:33.077] [4441] [HailoRT] [info] [pipeline.cpp:891] [print_deep_description] NmsPPMuxEl0YOLOV8-Post-Process | inputs: MultiPushQEl0YOLOV8-Post-Process[0] | outputs: LastAsyncEl0NmsPPMuxEl0YOLOV8-Post-Process
[2025-11-19 16:47:33.077] [4441] [HailoRT] [info] [pipeline.cpp:891] [print_deep_description] LastAsyncEl0NmsPPMuxEl0YOLOV8-Post-Process | inputs: NmsPPMuxEl0YOLOV8-Post-Process[0] | outputs: user
[2025-11-19 16:47:33.895] [4502] [HailoRT] [info] [hef.cpp:1929] [get_network_group_and_network_name] No name was given. Addressing all networks of default network_group: yolov11n
[2025-11-19 16:50:12.420] [1804] [HailoRT] [info] [device.cpp:49] [Device] OS Version: Linux 6.12.47+rpt-rpi-2712 #1 SMP PREEMPT Debian 1:6.12.47-1+rpt1~bookworm (2025-09-16) aarch64
[2025-11-19 16:50:12.421] [1804] [HailoRT] [info] [control.cpp:108] [control__parse_identify_results] firmware_version is: 4.20.0
[2025-11-19 16:50:12.422] [1804] [HailoRT] [info] [control.cpp:108] [control__parse_identify_results] firmware_version is: 4.20.0
[2025-11-19 16:50:12.484] [1814] [HailoRT] [info] [device.cpp:49] [Device] OS Version: Linux 6.12.47+rpt-rpi-2712 #1 SMP PREEMPT Debian 1:6.12.47-1+rpt1~bookworm (2025-09-16) aarch64
[2025-11-19 16:50:12.486] [1814] [HailoRT] [info] [control.cpp:108] [control__parse_identify_results] firmware_version is: 4.20.0
[2025-11-19 16:50:12.486] [1814] [HailoRT] [info] [control.cpp:108] [control__parse_identify_results] firmware_version is: 4.20.0
[2025-11-19 16:50:12.875] [1786] [HailoRT] [info] [vdevice.cpp:523] [create] Creating vdevice with params: device_count: 1, scheduling_algorithm: ROUND_ROBIN, multi_process_service: false
[2025-11-19 16:50:12.899] [1786] [HailoRT] [info] [device.cpp:49] [Device] OS Version: Linux 6.12.47+rpt-rpi-2712 #1 SMP PREEMPT Debian 1:6.12.47-1+rpt1~bookworm (2025-09-16) aarch64
[2025-11-19 16:50:12.900] [1786] [HailoRT] [info] [control.cpp:108] [control__parse_identify_results] firmware_version is: 4.20.0
[2025-11-19 16:50:12.903] [1786] [HailoRT] [info] [vdevice.cpp:651] [create] VDevice Infos: 0001:01:00.0
[2025-11-19 16:50:13.021] [1786] [HailoRT] [info] [hef.cpp:1929] [get_network_group_and_network_name] No name was given. Addressing all networks of default network_group: yolov11n
[2025-11-19 16:50:13.021] [1786] [HailoRT] [info] [hef.cpp:1929] [get_network_group_and_network_name] No name was given. Addressing all networks of default network_group: yolov11n
[2025-11-19 16:50:13.080] [1786] [HailoRT] [info] [internal_buffer_manager.cpp:204] [print_execution_results] Planned internal buffer memory: CMA memory 0, user memory 2772480. memory to edge layer usage factor is 1
[2025-11-19 16:50:13.080] [1786] [HailoRT] [info] [internal_buffer_manager.cpp:212] [print_execution_results] Default Internal buffer planner executed successfully
[2025-11-19 16:50:13.108] [1786] [HailoRT] [info] [device_internal.cpp:57] [configure] Configuring HEF took 39.05363 milliseconds
[2025-11-19 16:50:13.108] [1786] [HailoRT] [info] [vdevice.cpp:749] [configure] Configuring HEF on VDevice took 39.788944 milliseconds
[2025-11-19 16:50:13.108] [1786] [HailoRT] [info] [infer_model.cpp:436] [configure] Configuring network group 'yolov11n' with params: batch size: 2, power mode: PERFORMANCE, latency: NONE
[2025-11-19 16:50:13.112] [1786] [HailoRT] [info] [multi_io_elements.cpp:756] [create] Created (AsyncHwEl)
[2025-11-19 16:50:13.113] [1786] [HailoRT] [info] [queue_elements.cpp:450] [create] Created (EntryPushQEl0yolov11n/input_layer1 | timeout: 10s)
[2025-11-19 16:50:13.113] [1786] [HailoRT] [info] [filter_elements.cpp:101] [create] Created (PreInferEl3yolov11n/input_layer1 | Reorder - src_order: RGB4, src_shape: (640, 640, 3), dst_order: NHCW, dst_shape: (640, 640, 3))
[2025-11-19 16:50:13.113] [1786] [HailoRT] [info] [queue_elements.cpp:450] [create] Created (PushQEl3yolov11n/input_layer1 | timeout: 10s)
[2025-11-19 16:50:13.113] [1786] [HailoRT] [info] [multi_io_elements.cpp:135] [create] Created (NmsPPMuxEl0YOLOV8-Post-Process | Op YOLOV8, Name: YOLOV8-Post-Process, Score threshold: 0.300, IoU threshold: 0.45, Classes: 80, Cross classes: false, NMS results order: BY_CLASS, Max bboxes per class: 100, Image height: 640, Image width: 640)
[2025-11-19 16:50:13.114] [1786] [HailoRT] [info] [queue_elements.cpp:942] [create] Created (MultiPushQEl0YOLOV8-Post-Process | timeout: 10s)
[2025-11-19 16:50:13.114] [1786] [HailoRT] [info] [edge_elements.cpp:187] [create] Created (LastAsyncEl0NmsPPMuxEl0YOLOV8-Post-Process)
[2025-11-19 16:50:13.114] [1786] [HailoRT] [info] [pipeline.cpp:891] [print_deep_description] EntryPushQEl0yolov11n/input_layer1 | inputs: user | outputs: PreInferEl3yolov11n/input_layer1(running in thread_id: 1863)
[2025-11-19 16:50:13.114] [1786] [HailoRT] [info] [pipeline.cpp:891] [print_deep_description] PreInferEl3yolov11n/input_layer1 | inputs: EntryPushQEl0yolov11n/input_layer1[0] | outputs: PushQEl3yolov11n/input_layer1
[2025-11-19 16:50:13.114] [1786] [HailoRT] [info] [pipeline.cpp:891] [print_deep_description] PushQEl3yolov11n/input_layer1 | inputs: PreInferEl3yolov11n/input_layer1[0] | outputs: AsyncHwEl(running in thread_id: 1864)
[2025-11-19 16:50:13.114] [1786] [HailoRT] [info] [pipeline.cpp:891] [print_deep_description] AsyncHwEl | inputs: PushQEl3yolov11n/input_layer1[0] | outputs: MultiPushQEl0YOLOV8-Post-Process MultiPushQEl0YOLOV8-Post-Process MultiPushQEl0YOLOV8-Post-Process MultiPushQEl0YOLOV8-Post-Process MultiPushQEl0YOLOV8-Post-Process MultiPushQEl0YOLOV8-Post-Process
[2025-11-19 16:50:13.114] [1786] [HailoRT] [info] [pipeline.cpp:891] [print_deep_description] MultiPushQEl0YOLOV8-Post-Process | inputs: AsyncHwEl[0] AsyncHwEl[1] AsyncHwEl[2] AsyncHwEl[3] AsyncHwEl[4] AsyncHwEl[5] | outputs: NmsPPMuxEl0YOLOV8-Post-Process(running in thread_id: 1865)
[2025-11-19 16:50:13.114] [1786] [HailoRT] [info] [pipeline.cpp:891] [print_deep_description] NmsPPMuxEl0YOLOV8-Post-Process | inputs: MultiPushQEl0YOLOV8-Post-Process[0] | outputs: LastAsyncEl0NmsPPMuxEl0YOLOV8-Post-Process
[2025-11-19 16:50:13.114] [1786] [HailoRT] [info] [pipeline.cpp:891] [print_deep_description] LastAsyncEl0NmsPPMuxEl0YOLOV8-Post-Process | inputs: NmsPPMuxEl0YOLOV8-Post-Process[0] | outputs: user
[2025-11-19 16:50:13.921] [1852] [HailoRT] [info] [hef.cpp:1929] [get_network_group_and_network_name] No name was given. Addressing all networks of default network_group: yolov11n
[2025-11-19 16:56:07.028] [2406] [HailoRT] [info] [device.cpp:49] [Device] OS Version: Linux 6.12.47+rpt-rpi-2712 #1 SMP PREEMPT Debian 1:6.12.47-1+rpt1~bookworm (2025-09-16) aarch64
[2025-11-19 16:56:07.030] [2406] [HailoRT] [info] [control.cpp:108] [control__parse_identify_results] firmware_version is: 4.20.0
[2025-11-19 16:56:07.032] [2406] [HailoRT] [info] [control.cpp:108] [control__parse_identify_results] firmware_version is: 4.20.0
[2025-11-19 16:56:07.096] [2417] [HailoRT] [info] [device.cpp:49] [Device] OS Version: Linux 6.12.47+rpt-rpi-2712 #1 SMP PREEMPT Debian 1:6.12.47-1+rpt1~bookworm (2025-09-16) aarch64
[2025-11-19 16:56:07.099] [2417] [HailoRT] [info] [control.cpp:108] [control__parse_identify_results] firmware_version is: 4.20.0
[2025-11-19 16:56:07.101] [2417] [HailoRT] [info] [control.cpp:108] [control__parse_identify_results] firmware_version is: 4.20.0
[2025-11-19 16:56:07.202] [2391] [HailoRT] [info] [vdevice.cpp:523] [create] Creating vdevice with params: device_count: 1, scheduling_algorithm: ROUND_ROBIN, multi_process_service: false
[2025-11-19 16:56:07.215] [2391] [HailoRT] [info] [device.cpp:49] [Device] OS Version: Linux 6.12.47+rpt-rpi-2712 #1 SMP PREEMPT Debian 1:6.12.47-1+rpt1~bookworm (2025-09-16) aarch64
[2025-11-19 16:56:07.220] [2391] [HailoRT] [info] [control.cpp:108] [control__parse_identify_results] firmware_version is: 4.20.0
[2025-11-19 16:56:07.220] [2391] [HailoRT] [info] [vdevice.cpp:651] [create] VDevice Infos: 0001:01:00.0
[2025-11-19 16:56:07.260] [2391] [HailoRT] [info] [hef.cpp:1929] [get_network_group_and_network_name] No name was given. Addressing all networks of default network_group: yolov11n
[2025-11-19 16:56:07.260] [2391] [HailoRT] [info] [hef.cpp:1929] [get_network_group_and_network_name] No name was given. Addressing all networks of default network_group: yolov11n
[2025-11-19 16:56:07.325] [2391] [HailoRT] [info] [internal_buffer_manager.cpp:204] [print_execution_results] Planned internal buffer memory: CMA memory 0, user memory 2772480. memory to edge layer usage factor is 1
[2025-11-19 16:56:07.325] [2391] [HailoRT] [info] [internal_buffer_manager.cpp:212] [print_execution_results] Default Internal buffer planner executed successfully
[2025-11-19 16:56:07.371] [2391] [HailoRT] [info] [device_internal.cpp:57] [configure] Configuring HEF took 55.590156 milliseconds
[2025-11-19 16:56:07.371] [2391] [HailoRT] [info] [vdevice.cpp:749] [configure] Configuring HEF on VDevice took 56.134195 milliseconds
[2025-11-19 16:56:07.371] [2391] [HailoRT] [info] [infer_model.cpp:436] [configure] Configuring network group 'yolov11n' with params: batch size: 2, power mode: PERFORMANCE, latency: NONE
[2025-11-19 16:56:07.371] [2391] [HailoRT] [info] [multi_io_elements.cpp:756] [create] Created (AsyncHwEl)
[2025-11-19 16:56:07.372] [2391] [HailoRT] [info] [queue_elements.cpp:450] [create] Created (EntryPushQEl0yolov11n/input_layer1 | timeout: 10s)
[2025-11-19 16:56:07.372] [2391] [HailoRT] [info] [filter_elements.cpp:101] [create] Created (PreInferEl3yolov11n/input_layer1 | Reorder - src_order: RGB4, src_shape: (640, 640, 3), dst_order: NHCW, dst_shape: (640, 640, 3))
[2025-11-19 16:56:07.372] [2391] [HailoRT] [info] [queue_elements.cpp:450] [create] Created (PushQEl3yolov11n/input_layer1 | timeout: 10s)
[2025-11-19 16:56:07.372] [2391] [HailoRT] [info] [multi_io_elements.cpp:135] [create] Created (NmsPPMuxEl0YOLOV8-Post-Process | Op YOLOV8, Name: YOLOV8-Post-Process, Score threshold: 0.300, IoU threshold: 0.45, Classes: 80, Cross classes: false, NMS results order: BY_CLASS, Max bboxes per class: 100, Image height: 640, Image width: 640)
[2025-11-19 16:56:07.372] [2391] [HailoRT] [info] [queue_elements.cpp:942] [create] Created (MultiPushQEl0YOLOV8-Post-Process | timeout: 10s)
[2025-11-19 16:56:07.372] [2391] [HailoRT] [info] [edge_elements.cpp:187] [create] Created (LastAsyncEl0NmsPPMuxEl0YOLOV8-Post-Process)
[2025-11-19 16:56:07.372] [2391] [HailoRT] [info] [pipeline.cpp:891] [print_deep_description] EntryPushQEl0yolov11n/input_layer1 | inputs: user | outputs: PreInferEl3yolov11n/input_layer1(running in thread_id: 2463)
[2025-11-19 16:56:07.372] [2391] [HailoRT] [info] [pipeline.cpp:891] [print_deep_description] PreInferEl3yolov11n/input_layer1 | inputs: EntryPushQEl0yolov11n/input_layer1[0] | outputs: PushQEl3yolov11n/input_layer1
[2025-11-19 16:56:07.372] [2391] [HailoRT] [info] [pipeline.cpp:891] [print_deep_description] PushQEl3yolov11n/input_layer1 | inputs: PreInferEl3yolov11n/input_layer1[0] | outputs: AsyncHwEl(running in thread_id: 2464)
[2025-11-19 16:56:07.372] [2391] [HailoRT] [info] [pipeline.cpp:891] [print_deep_description] AsyncHwEl | inputs: PushQEl3yolov11n/input_layer1[0] | outputs: MultiPushQEl0YOLOV8-Post-Process MultiPushQEl0YOLOV8-Post-Process MultiPushQEl0YOLOV8-Post-Process MultiPushQEl0YOLOV8-Post-Process MultiPushQEl0YOLOV8-Post-Process MultiPushQEl0YOLOV8-Post-Process
[2025-11-19 16:56:07.372] [2391] [HailoRT] [info] [pipeline.cpp:891] [print_deep_description] MultiPushQEl0YOLOV8-Post-Process | inputs: AsyncHwEl[0] AsyncHwEl[1] AsyncHwEl[2] AsyncHwEl[3] AsyncHwEl[4] AsyncHwEl[5] | outputs: NmsPPMuxEl0YOLOV8-Post-Process(running in thread_id: 2465)
[2025-11-19 16:56:07.373] [2391] [HailoRT] [info] [pipeline.cpp:891] [print_deep_description] NmsPPMuxEl0YOLOV8-Post-Process | inputs: MultiPushQEl0YOLOV8-Post-Process[0] | outputs: LastAsyncEl0NmsPPMuxEl0YOLOV8-Post-Process
[2025-11-19 16:56:07.373] [2391] [HailoRT] [info] [pipeline.cpp:891] [print_deep_description] LastAsyncEl0NmsPPMuxEl0YOLOV8-Post-Process | inputs: NmsPPMuxEl0YOLOV8-Post-Process[0] | outputs: user
[2025-11-19 16:56:08.205] [2451] [HailoRT] [info] [hef.cpp:1929] [get_network_group_and_network_name] No name was given. Addressing all networks of default network_group: yolov11n
[2025-11-19 16:58:52.268] [2703] [HailoRT] [info] [device.cpp:49] [Device] OS Version: Linux 6.12.47+rpt-rpi-2712 #1 SMP PREEMPT Debian 1:6.12.47-1+rpt1~bookworm (2025-09-16) aarch64
[2025-11-19 16:58:52.270] [2703] [HailoRT] [info] [control.cpp:108] [control__parse_identify_results] firmware_version is: 4.20.0
[2025-11-19 16:58:52.271] [2703] [HailoRT] [info] [control.cpp:108] [control__parse_identify_results] firmware_version is: 4.20.0
[2025-11-19 16:58:52.324] [2715] [HailoRT] [info] [device.cpp:49] [Device] OS Version: Linux 6.12.47+rpt-rpi-2712 #1 SMP PREEMPT Debian 1:6.12.47-1+rpt1~bookworm (2025-09-16) aarch64
[2025-11-19 16:58:52.326] [2715] [HailoRT] [info] [control.cpp:108] [control__parse_identify_results] firmware_version is: 4.20.0
[2025-11-19 16:58:52.327] [2715] [HailoRT] [info] [control.cpp:108] [control__parse_identify_results] firmware_version is: 4.20.0
[2025-11-19 16:58:52.403] [2688] [HailoRT] [info] [vdevice.cpp:523] [create] Creating vdevice with params: device_count: 1, scheduling_algorithm: ROUND_ROBIN, multi_process_service: false
[2025-11-19 16:58:52.415] [2688] [HailoRT] [info] [device.cpp:49] [Device] OS Version: Linux 6.12.47+rpt-rpi-2712 #1 SMP PREEMPT Debian 1:6.12.47-1+rpt1~bookworm (2025-09-16) aarch64
[2025-11-19 16:58:52.416] [2688] [HailoRT] [info] [control.cpp:108] [control__parse_identify_results] firmware_version is: 4.20.0
[2025-11-19 16:58:52.416] [2688] [HailoRT] [info] [vdevice.cpp:651] [create] VDevice Infos: 0001:01:00.0
[2025-11-19 16:58:52.443] [2688] [HailoRT] [info] [hef.cpp:1929] [get_network_group_and_network_name] No name was given. Addressing all networks of default network_group: yolov11n
[2025-11-19 16:58:52.443] [2688] [HailoRT] [info] [hef.cpp:1929] [get_network_group_and_network_name] No name was given. Addressing all networks of default network_group: yolov11n
[2025-11-19 16:58:52.490] [2688] [HailoRT] [info] [internal_buffer_manager.cpp:204] [print_execution_results] Planned internal buffer memory: CMA memory 0, user memory 2772480. memory to edge layer usage factor is 1
[2025-11-19 16:58:52.490] [2688] [HailoRT] [info] [internal_buffer_manager.cpp:212] [print_execution_results] Default Internal buffer planner executed successfully
[2025-11-19 16:58:52.514] [2688] [HailoRT] [info] [device_internal.cpp:57] [configure] Configuring HEF took 36.76662 milliseconds
[2025-11-19 16:58:52.514] [2688] [HailoRT] [info] [vdevice.cpp:749] [configure] Configuring HEF on VDevice took 37.117402 milliseconds
[2025-11-19 16:58:52.514] [2688] [HailoRT] [info] [infer_model.cpp:436] [configure] Configuring network group 'yolov11n' with params: batch size: 2, power mode: PERFORMANCE, latency: NONE
[2025-11-19 16:58:52.514] [2688] [HailoRT] [info] [multi_io_elements.cpp:756] [create] Created (AsyncHwEl)
[2025-11-19 16:58:52.514] [2688] [HailoRT] [info] [queue_elements.cpp:450] [create] Created (EntryPushQEl0yolov11n/input_layer1 | timeout: 10s)
[2025-11-19 16:58:52.514] [2688] [HailoRT] [info] [filter_elements.cpp:101] [create] Created (PreInferEl3yolov11n/input_layer1 | Reorder - src_order: RGB4, src_shape: (640, 640, 3), dst_order: NHCW, dst_shape: (640, 640, 3))
[2025-11-19 16:58:52.514] [2688] [HailoRT] [info] [queue_elements.cpp:450] [create] Created (PushQEl3yolov11n/input_layer1 | timeout: 10s)
[2025-11-19 16:58:52.515] [2688] [HailoRT] [info] [multi_io_elements.cpp:135] [create] Created (NmsPPMuxEl0YOLOV8-Post-Process | Op YOLOV8, Name: YOLOV8-Post-Process, Score threshold: 0.300, IoU threshold: 0.45, Classes: 80, Cross classes: false, NMS results order: BY_CLASS, Max bboxes per class: 100, Image height: 640, Image width: 640)
[2025-11-19 16:58:52.515] [2688] [HailoRT] [info] [queue_elements.cpp:942] [create] Created (MultiPushQEl0YOLOV8-Post-Process | timeout: 10s)
[2025-11-19 16:58:52.515] [2688] [HailoRT] [info] [edge_elements.cpp:187] [create] Created (LastAsyncEl0NmsPPMuxEl0YOLOV8-Post-Process)
[2025-11-19 16:58:52.515] [2688] [HailoRT] [info] [pipeline.cpp:891] [print_deep_description] EntryPushQEl0yolov11n/input_layer1 | inputs: user | outputs: PreInferEl3yolov11n/input_layer1(running in thread_id: 2761)
[2025-11-19 16:58:52.515] [2688] [HailoRT] [info] [pipeline.cpp:891] [print_deep_description] PreInferEl3yolov11n/input_layer1 | inputs: EntryPushQEl0yolov11n/input_layer1[0] | outputs: PushQEl3yolov11n/input_layer1
[2025-11-19 16:58:52.515] [2688] [HailoRT] [info] [pipeline.cpp:891] [print_deep_description] PushQEl3yolov11n/input_layer1 | inputs: PreInferEl3yolov11n/input_layer1[0] | outputs: AsyncHwEl(running in thread_id: 2762)
[2025-11-19 16:58:52.515] [2688] [HailoRT] [info] [pipeline.cpp:891] [print_deep_description] AsyncHwEl | inputs: PushQEl3yolov11n/input_layer1[0] | outputs: MultiPushQEl0YOLOV8-Post-Process MultiPushQEl0YOLOV8-Post-Process MultiPushQEl0YOLOV8-Post-Process MultiPushQEl0YOLOV8-Post-Process MultiPushQEl0YOLOV8-Post-Process MultiPushQEl0YOLOV8-Post-Process
[2025-11-19 16:58:52.515] [2688] [HailoRT] [info] [pipeline.cpp:891] [print_deep_description] MultiPushQEl0YOLOV8-Post-Process | inputs: AsyncHwEl[0] AsyncHwEl[1] AsyncHwEl[2] AsyncHwEl[3] AsyncHwEl[4] AsyncHwEl[5] | outputs: NmsPPMuxEl0YOLOV8-Post-Process(running in thread_id: 2763)
[2025-11-19 16:58:52.515] [2688] [HailoRT] [info] [pipeline.cpp:891] [print_deep_description] NmsPPMuxEl0YOLOV8-Post-Process | inputs: MultiPushQEl0YOLOV8-Post-Process[0] | outputs: LastAsyncEl0NmsPPMuxEl0YOLOV8-Post-Process
[2025-11-19 16:58:52.515] [2688] [HailoRT] [info] [pipeline.cpp:891] [print_deep_description] LastAsyncEl0NmsPPMuxEl0YOLOV8-Post-Process | inputs: NmsPPMuxEl0YOLOV8-Post-Process[0] | outputs: user
[2025-11-19 16:58:53.293] [2749] [HailoRT] [info] [hef.cpp:1929] [get_network_group_and_network_name] No name was given. Addressing all networks of default network_group: yolov11n
[2025-11-19 16:59:34.795] [2864] [HailoRT] [info] [async_infer_runner.cpp:86] [shutdown] Pipeline was aborted. Shutting it down
[2025-11-19 16:59:34.797] [2864] [HailoRT] [info] [queue_elements.cpp:1131] [execute_deactivate] enqueue() in element MultiPushQEl0YOLOV8-Post-Process was aborted, got status = HAILO_SHUTDOWN_EVENT_SIGNALED(57)
[2025-11-19 16:59:34.797] [2864] [HailoRT] [info] [queue_elements.cpp:1131] [execute_deactivate] enqueue() in element MultiPushQEl0YOLOV8-Post-Process was aborted, got status = HAILO_SHUTDOWN_EVENT_SIGNALED(57)
[2025-11-19 16:59:34.797] [2864] [HailoRT] [info] [queue_elements.cpp:1131] [execute_deactivate] enqueue() in element MultiPushQEl0YOLOV8-Post-Process was aborted, got status = HAILO_SHUTDOWN_EVENT_SIGNALED(57)
[2025-11-19 16:59:34.797] [2864] [HailoRT] [info] [queue_elements.cpp:1131] [execute_deactivate] enqueue() in element MultiPushQEl0YOLOV8-Post-Process was aborted, got status = HAILO_SHUTDOWN_EVENT_SIGNALED(57)
[2025-11-19 16:59:34.797] [2864] [HailoRT] [info] [queue_elements.cpp:1131] [execute_deactivate] enqueue() in element MultiPushQEl0YOLOV8-Post-Process was aborted, got status = HAILO_SHUTDOWN_EVENT_SIGNALED(57)
[2025-11-19 16:59:34.797] [2864] [HailoRT] [info] [queue_elements.cpp:1131] [execute_deactivate] enqueue() in element MultiPushQEl0YOLOV8-Post-Process was aborted, got status = HAILO_SHUTDOWN_EVENT_SIGNALED(57)
[2025-11-19 16:59:34.797] [2864] [HailoRT] [info] [queue_elements.cpp:570] [execute_deactivate] enqueue() in element PushQEl3yolov11n/input_layer1 was aborted, got status = HAILO_SHUTDOWN_EVENT_SIGNALED(57)
[2025-11-19 16:59:34.797] [2864] [HailoRT] [info] [queue_elements.cpp:570] [execute_deactivate] enqueue() in element EntryPushQEl0yolov11n/input_layer1 was aborted, got status = HAILO_SHUTDOWN_EVENT_SIGNALED(57)
[2025-11-19 16:59:34.797] [2864] [HailoRT] [info] [queue_elements.cpp:46] [~BaseQueueElement] Queue element EntryPushQEl0yolov11n/input_layer1 has 0 frames in his Queue on destruction
[2025-11-19 16:59:34.797] [2864] [HailoRT] [info] [queue_elements.cpp:46] [~BaseQueueElement] Queue element PushQEl3yolov11n/input_layer1 has 0 frames in his Queue on destruction
[2025-11-19 17:06:49.748] [3262] [HailoRT] [info] [device.cpp:49] [Device] OS Version: Linux 6.12.47+rpt-rpi-2712 #1 SMP PREEMPT Debian 1:6.12.47-1+rpt1~bookworm (2025-09-16) aarch64
[2025-11-19 17:06:49.750] [3262] [HailoRT] [info] [control.cpp:108] [control__parse_identify_results] firmware_version is: 4.20.0
[2025-11-19 17:06:49.751] [3262] [HailoRT] [info] [control.cpp:108] [control__parse_identify_results] firmware_version is: 4.20.0
[2025-11-19 17:06:49.792] [3273] [HailoRT] [info] [device.cpp:49] [Device] OS Version: Linux 6.12.47+rpt-rpi-2712 #1 SMP PREEMPT Debian 1:6.12.47-1+rpt1~bookworm (2025-09-16) aarch64
[2025-11-19 17:06:49.794] [3273] [HailoRT] [info] [control.cpp:108] [control__parse_identify_results] firmware_version is: 4.20.0
[2025-11-19 17:06:49.795] [3273] [HailoRT] [info] [control.cpp:108] [control__parse_identify_results] firmware_version is: 4.20.0
[2025-11-19 17:06:49.880] [3247] [HailoRT] [info] [vdevice.cpp:523] [create] Creating vdevice with params: device_count: 1, scheduling_algorithm: ROUND_ROBIN, multi_process_service: false
[2025-11-19 17:06:49.892] [3247] [HailoRT] [info] [device.cpp:49] [Device] OS Version: Linux 6.12.47+rpt-rpi-2712 #1 SMP PREEMPT Debian 1:6.12.47-1+rpt1~bookworm (2025-09-16) aarch64
[2025-11-19 17:06:49.893] [3247] [HailoRT] [info] [control.cpp:108] [control__parse_identify_results] firmware_version is: 4.20.0
[2025-11-19 17:06:49.893] [3247] [HailoRT] [info] [vdevice.cpp:651] [create] VDevice Infos: 0001:01:00.0
[2025-11-19 17:06:49.920] [3247] [HailoRT] [info] [hef.cpp:1929] [get_network_group_and_network_name] No name was given. Addressing all networks of default network_group: yolov11n
[2025-11-19 17:06:49.920] [3247] [HailoRT] [info] [hef.cpp:1929] [get_network_group_and_network_name] No name was given. Addressing all networks of default network_group: yolov11n
[2025-11-19 17:06:49.960] [3247] [HailoRT] [info] [internal_buffer_manager.cpp:204] [print_execution_results] Planned internal buffer memory: CMA memory 0, user memory 2772480. memory to edge layer usage factor is 1
[2025-11-19 17:06:49.960] [3247] [HailoRT] [info] [internal_buffer_manager.cpp:212] [print_execution_results] Default Internal buffer planner executed successfully
[2025-11-19 17:06:49.991] [3247] [HailoRT] [info] [device_internal.cpp:57] [configure] Configuring HEF took 37.409774 milliseconds
[2025-11-19 17:06:49.991] [3247] [HailoRT] [info] [vdevice.cpp:749] [configure] Configuring HEF on VDevice took 37.816156 milliseconds
[2025-11-19 17:06:49.991] [3247] [HailoRT] [info] [infer_model.cpp:436] [configure] Configuring network group 'yolov11n' with params: batch size: 2, power mode: PERFORMANCE, latency: NONE
[2025-11-19 17:06:49.991] [3247] [HailoRT] [info] [multi_io_elements.cpp:756] [create] Created (AsyncHwEl)
[2025-11-19 17:06:49.991] [3247] [HailoRT] [info] [queue_elements.cpp:450] [create] Created (EntryPushQEl0yolov11n/input_layer1 | timeout: 10s)
[2025-11-19 17:06:49.991] [3247] [HailoRT] [info] [filter_elements.cpp:101] [create] Created (PreInferEl3yolov11n/input_layer1 | Reorder - src_order: RGB4, src_shape: (640, 640, 3), dst_order: NHCW, dst_shape: (640, 640, 3))
[2025-11-19 17:06:49.991] [3247] [HailoRT] [info] [queue_elements.cpp:450] [create] Created (PushQEl3yolov11n/input_layer1 | timeout: 10s)
[2025-11-19 17:06:49.992] [3247] [HailoRT] [info] [multi_io_elements.cpp:135] [create] Created (NmsPPMuxEl0YOLOV8-Post-Process | Op YOLOV8, Name: YOLOV8-Post-Process, Score threshold: 0.300, IoU threshold: 0.45, Classes: 80, Cross classes: false, NMS results order: BY_CLASS, Max bboxes per class: 100, Image height: 640, Image width: 640)
[2025-11-19 17:06:49.992] [3247] [HailoRT] [info] [queue_elements.cpp:942] [create] Created (MultiPushQEl0YOLOV8-Post-Process | timeout: 10s)
[2025-11-19 17:06:49.992] [3247] [HailoRT] [info] [edge_elements.cpp:187] [create] Created (LastAsyncEl0NmsPPMuxEl0YOLOV8-Post-Process)
[2025-11-19 17:06:49.992] [3247] [HailoRT] [info] [pipeline.cpp:891] [print_deep_description] EntryPushQEl0yolov11n/input_layer1 | inputs: user | outputs: PreInferEl3yolov11n/input_layer1(running in thread_id: 3320)
[2025-11-19 17:06:49.992] [3247] [HailoRT] [info] [pipeline.cpp:891] [print_deep_description] PreInferEl3yolov11n/input_layer1 | inputs: EntryPushQEl0yolov11n/input_layer1[0] | outputs: PushQEl3yolov11n/input_layer1
[2025-11-19 17:06:49.992] [3247] [HailoRT] [info] [pipeline.cpp:891] [print_deep_description] PushQEl3yolov11n/input_layer1 | inputs: PreInferEl3yolov11n/input_layer1[0] | outputs: AsyncHwEl(running in thread_id: 3321)
[2025-11-19 17:06:49.992] [3247] [HailoRT] [info] [pipeline.cpp:891] [print_deep_description] AsyncHwEl | inputs: PushQEl3yolov11n/input_layer1[0] | outputs: MultiPushQEl0YOLOV8-Post-Process MultiPushQEl0YOLOV8-Post-Process MultiPushQEl0YOLOV8-Post-Process MultiPushQEl0YOLOV8-Post-Process MultiPushQEl0YOLOV8-Post-Process MultiPushQEl0YOLOV8-Post-Process
[2025-11-19 17:06:49.992] [3247] [HailoRT] [info] [pipeline.cpp:891] [print_deep_description] MultiPushQEl0YOLOV8-Post-Process | inputs: AsyncHwEl[0] AsyncHwEl[1] AsyncHwEl[2] AsyncHwEl[3] AsyncHwEl[4] AsyncHwEl[5] | outputs: NmsPPMuxEl0YOLOV8-Post-Process(running in thread_id: 3322)
[2025-11-19 17:06:49.992] [3247] [HailoRT] [info] [pipeline.cpp:891] [print_deep_description] NmsPPMuxEl0YOLOV8-Post-Process | inputs: MultiPushQEl0YOLOV8-Post-Process[0] | outputs: LastAsyncEl0NmsPPMuxEl0YOLOV8-Post-Process
[2025-11-19 17:06:49.992] [3247] [HailoRT] [info] [pipeline.cpp:891] [print_deep_description] LastAsyncEl0NmsPPMuxEl0YOLOV8-Post-Process | inputs: NmsPPMuxEl0YOLOV8-Post-Process[0] | outputs: user
[2025-11-19 17:06:50.802] [3302] [HailoRT] [info] [hef.cpp:1929] [get_network_group_and_network_name] No name was given. Addressing all networks of default network_group: yolov11n
[2025-11-19 17:11:04.615] [3484] [HailoRT] [info] [device.cpp:49] [Device] OS Version: Linux 6.12.47+rpt-rpi-2712 #1 SMP PREEMPT Debian 1:6.12.47-1+rpt1~bookworm (2025-09-16) aarch64
[2025-11-19 17:11:04.616] [3484] [HailoRT] [info] [control.cpp:108] [control__parse_identify_results] firmware_version is: 4.20.0
[2025-11-19 17:11:04.617] [3484] [HailoRT] [info] [control.cpp:108] [control__parse_identify_results] firmware_version is: 4.20.0
[2025-11-19 17:11:04.660] [3495] [HailoRT] [info] [device.cpp:49] [Device] OS Version: Linux 6.12.47+rpt-rpi-2712 #1 SMP PREEMPT Debian 1:6.12.47-1+rpt1~bookworm (2025-09-16) aarch64
[2025-11-19 17:11:04.662] [3495] [HailoRT] [info] [control.cpp:108] [control__parse_identify_results] firmware_version is: 4.20.0
[2025-11-19 17:11:04.663] [3495] [HailoRT] [info] [control.cpp:108] [control__parse_identify_results] firmware_version is: 4.20.0
[2025-11-19 17:11:04.747] [3469] [HailoRT] [info] [vdevice.cpp:523] [create] Creating vdevice with params: device_count: 1, scheduling_algorithm: ROUND_ROBIN, multi_process_service: false
[2025-11-19 17:11:04.759] [3469] [HailoRT] [info] [device.cpp:49] [Device] OS Version: Linux 6.12.47+rpt-rpi-2712 #1 SMP PREEMPT Debian 1:6.12.47-1+rpt1~bookworm (2025-09-16) aarch64
[2025-11-19 17:11:04.761] [3469] [HailoRT] [info] [control.cpp:108] [control__parse_identify_results] firmware_version is: 4.20.0
[2025-11-19 17:11:04.761] [3469] [HailoRT] [info] [vdevice.cpp:651] [create] VDevice Infos: 0001:01:00.0
[2025-11-19 17:11:04.791] [3469] [HailoRT] [info] [hef.cpp:1929] [get_network_group_and_network_name] No name was given. Addressing all networks of default network_group: yolov11n
[2025-11-19 17:11:04.791] [3469] [HailoRT] [info] [hef.cpp:1929] [get_network_group_and_network_name] No name was given. Addressing all networks of default network_group: yolov11n
[2025-11-19 17:11:04.843] [3469] [HailoRT] [info] [internal_buffer_manager.cpp:204] [print_execution_results] Planned internal buffer memory: CMA memory 0, user memory 2772480. memory to edge layer usage factor is 1
[2025-11-19 17:11:04.843] [3469] [HailoRT] [info] [internal_buffer_manager.cpp:212] [print_execution_results] Default Internal buffer planner executed successfully
[2025-11-19 17:11:04.869] [3469] [HailoRT] [info] [device_internal.cpp:57] [configure] Configuring HEF took 40.644846 milliseconds
[2025-11-19 17:11:04.869] [3469] [HailoRT] [info] [vdevice.cpp:749] [configure] Configuring HEF on VDevice took 41.744697 milliseconds
[2025-11-19 17:11:04.870] [3469] [HailoRT] [info] [infer_model.cpp:436] [configure] Configuring network group 'yolov11n' with params: batch size: 2, power mode: PERFORMANCE, latency: NONE
[2025-11-19 17:11:04.870] [3469] [HailoRT] [info] [multi_io_elements.cpp:756] [create] Created (AsyncHwEl)
[2025-11-19 17:11:04.870] [3469] [HailoRT] [info] [queue_elements.cpp:450] [create] Created (EntryPushQEl0yolov11n/input_layer1 | timeout: 10s)
[2025-11-19 17:11:04.870] [3469] [HailoRT] [info] [filter_elements.cpp:101] [create] Created (PreInferEl3yolov11n/input_layer1 | Reorder - src_order: RGB4, src_shape: (640, 640, 3), dst_order: NHCW, dst_shape: (640, 640, 3))
[2025-11-19 17:11:04.870] [3469] [HailoRT] [info] [queue_elements.cpp:450] [create] Created (PushQEl3yolov11n/input_layer1 | timeout: 10s)
[2025-11-19 17:11:04.870] [3469] [HailoRT] [info] [multi_io_elements.cpp:135] [create] Created (NmsPPMuxEl0YOLOV8-Post-Process | Op YOLOV8, Name: YOLOV8-Post-Process, Score threshold: 0.300, IoU threshold: 0.45, Classes: 80, Cross classes: false, NMS results order: BY_CLASS, Max bboxes per class: 100, Image height: 640, Image width: 640)
[2025-11-19 17:11:04.870] [3469] [HailoRT] [info] [queue_elements.cpp:942] [create] Created (MultiPushQEl0YOLOV8-Post-Process | timeout: 10s)
[2025-11-19 17:11:04.870] [3469] [HailoRT] [info] [edge_elements.cpp:187] [create] Created (LastAsyncEl0NmsPPMuxEl0YOLOV8-Post-Process)
[2025-11-19 17:11:04.870] [3469] [HailoRT] [info] [pipeline.cpp:891] [print_deep_description] EntryPushQEl0yolov11n/input_layer1 | inputs: user | outputs: PreInferEl3yolov11n/input_layer1(running in thread_id: 3541)
[2025-11-19 17:11:04.870] [3469] [HailoRT] [info] [pipeline.cpp:891] [print_deep_description] PreInferEl3yolov11n/input_layer1 | inputs: EntryPushQEl0yolov11n/input_layer1[0] | outputs: PushQEl3yolov11n/input_layer1
[2025-11-19 17:11:04.870] [3469] [HailoRT] [info] [pipeline.cpp:891] [print_deep_description] PushQEl3yolov11n/input_layer1 | inputs: PreInferEl3yolov11n/input_layer1[0] | outputs: AsyncHwEl(running in thread_id: 3542)
[2025-11-19 17:11:04.870] [3469] [HailoRT] [info] [pipeline.cpp:891] [print_deep_description] AsyncHwEl | inputs: PushQEl3yolov11n/input_layer1[0] | outputs: MultiPushQEl0YOLOV8-Post-Process MultiPushQEl0YOLOV8-Post-Process MultiPushQEl0YOLOV8-Post-Process MultiPushQEl0YOLOV8-Post-Process MultiPushQEl0YOLOV8-Post-Process MultiPushQEl0YOLOV8-Post-Process
[2025-11-19 17:11:04.870] [3469] [HailoRT] [info] [pipeline.cpp:891] [print_deep_description] MultiPushQEl0YOLOV8-Post-Process | inputs: AsyncHwEl[0] AsyncHwEl[1] AsyncHwEl[2] AsyncHwEl[3] AsyncHwEl[4] AsyncHwEl[5] | outputs: NmsPPMuxEl0YOLOV8-Post-Process(running in thread_id: 3543)
[2025-11-19 17:11:04.870] [3469] [HailoRT] [info] [pipeline.cpp:891] [print_deep_description] NmsPPMuxEl0YOLOV8-Post-Process | inputs: MultiPushQEl0YOLOV8-Post-Process[0] | outputs: LastAsyncEl0NmsPPMuxEl0YOLOV8-Post-Process
[2025-11-19 17:11:04.870] [3469] [HailoRT] [info] [pipeline.cpp:891] [print_deep_description] LastAsyncEl0NmsPPMuxEl0YOLOV8-Post-Process | inputs: NmsPPMuxEl0YOLOV8-Post-Process[0] | outputs: user
[2025-11-19 17:11:05.648] [3527] [HailoRT] [info] [hef.cpp:1929] [get_network_group_and_network_name] No name was given. Addressing all networks of default network_group: yolov11n
[2025-11-19 17:12:35.240] [3699] [HailoRT] [info] [device.cpp:49] [Device] OS Version: Linux 6.12.47+rpt-rpi-2712 #1 SMP PREEMPT Debian 1:6.12.47-1+rpt1~bookworm (2025-09-16) aarch64
[2025-11-19 17:12:35.242] [3699] [HailoRT] [info] [control.cpp:108] [control__parse_identify_results] firmware_version is: 4.20.0
[2025-11-19 17:12:35.243] [3699] [HailoRT] [info] [control.cpp:108] [control__parse_identify_results] firmware_version is: 4.20.0
[2025-11-19 17:12:35.292] [3710] [HailoRT] [info] [device.cpp:49] [Device] OS Version: Linux 6.12.47+rpt-rpi-2712 #1 SMP PREEMPT Debian 1:6.12.47-1+rpt1~bookworm (2025-09-16) aarch64
[2025-11-19 17:12:35.294] [3710] [HailoRT] [info] [control.cpp:108] [control__parse_identify_results] firmware_version is: 4.20.0
[2025-11-19 17:12:35.295] [3710] [HailoRT] [info] [control.cpp:108] [control__parse_identify_results] firmware_version is: 4.20.0
[2025-11-19 17:12:35.370] [3684] [HailoRT] [info] [vdevice.cpp:523] [create] Creating vdevice with params: device_count: 1, scheduling_algorithm: ROUND_ROBIN, multi_process_service: false
[2025-11-19 17:12:35.380] [3684] [HailoRT] [info] [device.cpp:49] [Device] OS Version: Linux 6.12.47+rpt-rpi-2712 #1 SMP PREEMPT Debian 1:6.12.47-1+rpt1~bookworm (2025-09-16) aarch64
[2025-11-19 17:12:35.382] [3684] [HailoRT] [info] [control.cpp:108] [control__parse_identify_results] firmware_version is: 4.20.0
[2025-11-19 17:12:35.382] [3684] [HailoRT] [info] [vdevice.cpp:651] [create] VDevice Infos: 0001:01:00.0
[2025-11-19 17:12:35.409] [3684] [HailoRT] [info] [hef.cpp:1929] [get_network_group_and_network_name] No name was given. Addressing all networks of default network_group: yolov11n
[2025-11-19 17:12:35.409] [3684] [HailoRT] [info] [hef.cpp:1929] [get_network_group_and_network_name] No name was given. Addressing all networks of default network_group: yolov11n
[2025-11-19 17:12:35.452] [3684] [HailoRT] [info] [internal_buffer_manager.cpp:204] [print_execution_results] Planned internal buffer memory: CMA memory 0, user memory 2772480. memory to edge layer usage factor is 1
[2025-11-19 17:12:35.452] [3684] [HailoRT] [info] [internal_buffer_manager.cpp:212] [print_execution_results] Default Internal buffer planner executed successfully
[2025-11-19 17:12:35.484] [3684] [HailoRT] [info] [device_internal.cpp:57] [configure] Configuring HEF took 39.169671 milliseconds
[2025-11-19 17:12:35.484] [3684] [HailoRT] [info] [vdevice.cpp:749] [configure] Configuring HEF on VDevice took 39.554283 milliseconds
[2025-11-19 17:12:35.484] [3684] [HailoRT] [info] [infer_model.cpp:436] [configure] Configuring network group 'yolov11n' with params: batch size: 2, power mode: PERFORMANCE, latency: NONE
[2025-11-19 17:12:35.484] [3684] [HailoRT] [info] [multi_io_elements.cpp:756] [create] Created (AsyncHwEl)
[2025-11-19 17:12:35.485] [3684] [HailoRT] [info] [queue_elements.cpp:450] [create] Created (EntryPushQEl0yolov11n/input_layer1 | timeout: 10s)
[2025-11-19 17:12:35.485] [3684] [HailoRT] [info] [filter_elements.cpp:101] [create] Created (PreInferEl3yolov11n/input_layer1 | Reorder - src_order: RGB4, src_shape: (640, 640, 3), dst_order: NHCW, dst_shape: (640, 640, 3))
[2025-11-19 17:12:35.485] [3684] [HailoRT] [info] [queue_elements.cpp:450] [create] Created (PushQEl3yolov11n/input_layer1 | timeout: 10s)
[2025-11-19 17:12:35.485] [3684] [HailoRT] [info] [multi_io_elements.cpp:135] [create] Created (NmsPPMuxEl0YOLOV8-Post-Process | Op YOLOV8, Name: YOLOV8-Post-Process, Score threshold: 0.300, IoU threshold: 0.45, Classes: 80, Cross classes: false, NMS results order: BY_CLASS, Max bboxes per class: 100, Image height: 640, Image width: 640)
[2025-11-19 17:12:35.486] [3684] [HailoRT] [info] [queue_elements.cpp:942] [create] Created (MultiPushQEl0YOLOV8-Post-Process | timeout: 10s)
[2025-11-19 17:12:35.486] [3684] [HailoRT] [info] [edge_elements.cpp:187] [create] Created (LastAsyncEl0NmsPPMuxEl0YOLOV8-Post-Process)
[2025-11-19 17:12:35.486] [3684] [HailoRT] [info] [pipeline.cpp:891] [print_deep_description] EntryPushQEl0yolov11n/input_layer1 | inputs: user | outputs: PreInferEl3yolov11n/input_layer1(running in thread_id: 3757)
[2025-11-19 17:12:35.486] [3684] [HailoRT] [info] [pipeline.cpp:891] [print_deep_description] PreInferEl3yolov11n/input_layer1 | inputs: EntryPushQEl0yolov11n/input_layer1[0] | outputs: PushQEl3yolov11n/input_layer1
[2025-11-19 17:12:35.486] [3684] [HailoRT] [info] [pipeline.cpp:891] [print_deep_description] PushQEl3yolov11n/input_layer1 | inputs: PreInferEl3yolov11n/input_layer1[0] | outputs: AsyncHwEl(running in thread_id: 3758)
[2025-11-19 17:12:35.486] [3684] [HailoRT] [info] [pipeline.cpp:891] [print_deep_description] AsyncHwEl | inputs: PushQEl3yolov11n/input_layer1[0] | outputs: MultiPushQEl0YOLOV8-Post-Process MultiPushQEl0YOLOV8-Post-Process MultiPushQEl0YOLOV8-Post-Process MultiPushQEl0YOLOV8-Post-Process MultiPushQEl0YOLOV8-Post-Process MultiPushQEl0YOLOV8-Post-Process
[2025-11-19 17:12:35.486] [3684] [HailoRT] [info] [pipeline.cpp:891] [print_deep_description] MultiPushQEl0YOLOV8-Post-Process | inputs: AsyncHwEl[0] AsyncHwEl[1] AsyncHwEl[2] AsyncHwEl[3] AsyncHwEl[4] AsyncHwEl[5] | outputs: NmsPPMuxEl0YOLOV8-Post-Process(running in thread_id: 3759)
[2025-11-19 17:12:35.486] [3684] [HailoRT] [info] [pipeline.cpp:891] [print_deep_description] NmsPPMuxEl0YOLOV8-Post-Process | inputs: MultiPushQEl0YOLOV8-Post-Process[0] | outputs: LastAsyncEl0NmsPPMuxEl0YOLOV8-Post-Process
[2025-11-19 17:12:35.486] [3684] [HailoRT] [info] [pipeline.cpp:891] [print_deep_description] LastAsyncEl0NmsPPMuxEl0YOLOV8-Post-Process | inputs: NmsPPMuxEl0YOLOV8-Post-Process[0] | outputs: user
[2025-11-19 17:12:36.269] [3747] [HailoRT] [info] [hef.cpp:1929] [get_network_group_and_network_name] No name was given. Addressing all networks of default network_group: yolov11n
[2025-11-20 10:10:52.932] [2098] [HailoRT] [error] [driver_os_specific.cpp:34] [open_device_file] CHECK failed - Failed to open device file /dev/hailo0 with error 6
[2025-11-20 10:10:52.936] [2098] [HailoRT] [error] [hailort_driver.cpp:176] [create] CHECK_SUCCESS failed with status=HAILO_DRIVER_OPERATION_FAILED(36)
[2025-11-20 10:10:52.936] [2098] [HailoRT] [error] [pcie_device.cpp:91] [create] CHECK_SUCCESS failed with status=HAILO_DRIVER_OPERATION_FAILED(36)
[2025-11-20 10:10:52.936] [2098] [HailoRT] [error] [device.cpp:128] [create_pcie] CHECK_SUCCESS failed with status=HAILO_DRIVER_OPERATION_FAILED(36)
[2025-11-20 10:11:35.296] [2254] [HailoRT] [error] [driver_os_specific.cpp:34] [open_device_file] CHECK failed - Failed to open device file /dev/hailo0 with error 6
[2025-11-20 10:11:35.296] [2254] [HailoRT] [error] [hailort_driver.cpp:176] [create] CHECK_SUCCESS failed with status=HAILO_DRIVER_OPERATION_FAILED(36)
[2025-11-20 10:11:35.296] [2254] [HailoRT] [error] [pcie_device.cpp:91] [create] CHECK_SUCCESS failed with status=HAILO_DRIVER_OPERATION_FAILED(36)
[2025-11-20 10:11:35.296] [2254] [HailoRT] [error] [device.cpp:128] [create_pcie] CHECK_SUCCESS failed with status=HAILO_DRIVER_OPERATION_FAILED(36)
[2025-11-20 10:12:06.574] [2341] [HailoRT] [error] [driver_os_specific.cpp:34] [open_device_file] CHECK failed - Failed to open device file /dev/hailo0 with error 6
[2025-11-20 10:12:06.574] [2341] [HailoRT] [error] [hailort_driver.cpp:176] [create] CHECK_SUCCESS failed with status=HAILO_DRIVER_OPERATION_FAILED(36)
[2025-11-20 10:12:06.574] [2341] [HailoRT] [error] [pcie_device.cpp:91] [create] CHECK_SUCCESS failed with status=HAILO_DRIVER_OPERATION_FAILED(36)
[2025-11-20 10:12:06.574] [2341] [HailoRT] [error] [device.cpp:128] [create_pcie] CHECK_SUCCESS failed with status=HAILO_DRIVER_OPERATION_FAILED(36)
[2025-11-20 10:14:01.964] [2511] [HailoRT] [error] [driver_os_specific.cpp:34] [open_device_file] CHECK failed - Failed to open device file /dev/hailo0 with error 6
[2025-11-20 10:14:01.964] [2511] [HailoRT] [error] [hailort_driver.cpp:176] [create] CHECK_SUCCESS failed with status=HAILO_DRIVER_OPERATION_FAILED(36)
[2025-11-20 10:14:01.964] [2511] [HailoRT] [error] [pcie_device.cpp:91] [create] CHECK_SUCCESS failed with status=HAILO_DRIVER_OPERATION_FAILED(36)
[2025-11-20 10:14:01.964] [2511] [HailoRT] [error] [device.cpp:128] [create_pcie] CHECK_SUCCESS failed with status=HAILO_DRIVER_OPERATION_FAILED(36)
[2025-11-20 10:15:23.372] [1806] [HailoRT] [info] [device.cpp:49] [Device] OS Version: Linux 6.12.47+rpt-rpi-2712 #1 SMP PREEMPT Debian 1:6.12.47-1+rpt1~bookworm (2025-09-16) aarch64
[2025-11-20 10:15:23.373] [1806] [HailoRT] [info] [control.cpp:108] [control__parse_identify_results] firmware_version is: 4.20.0
[2025-11-20 10:15:23.374] [1806] [HailoRT] [info] [control.cpp:108] [control__parse_identify_results] firmware_version is: 4.20.0
[2025-11-20 10:15:23.432] [1817] [HailoRT] [info] [device.cpp:49] [Device] OS Version: Linux 6.12.47+rpt-rpi-2712 #1 SMP PREEMPT Debian 1:6.12.47-1+rpt1~bookworm (2025-09-16) aarch64
[2025-11-20 10:15:23.433] [1817] [HailoRT] [info] [control.cpp:108] [control__parse_identify_results] firmware_version is: 4.20.0
[2025-11-20 10:15:23.434] [1817] [HailoRT] [info] [control.cpp:108] [control__parse_identify_results] firmware_version is: 4.20.0
[2025-11-20 10:15:23.836] [1791] [HailoRT] [info] [vdevice.cpp:523] [create] Creating vdevice with params: device_count: 1, scheduling_algorithm: ROUND_ROBIN, multi_process_service: false
[2025-11-20 10:15:23.860] [1791] [HailoRT] [info] [device.cpp:49] [Device] OS Version: Linux 6.12.47+rpt-rpi-2712 #1 SMP PREEMPT Debian 1:6.12.47-1+rpt1~bookworm (2025-09-16) aarch64
[2025-11-20 10:15:23.861] [1791] [HailoRT] [info] [control.cpp:108] [control__parse_identify_results] firmware_version is: 4.20.0
[2025-11-20 10:15:23.863] [1791] [HailoRT] [info] [vdevice.cpp:651] [create] VDevice Infos: 0001:01:00.0
[2025-11-20 10:15:23.981] [1791] [HailoRT] [info] [hef.cpp:1929] [get_network_group_and_network_name] No name was given. Addressing all networks of default network_group: yolov11n
[2025-11-20 10:15:23.981] [1791] [HailoRT] [info] [hef.cpp:1929] [get_network_group_and_network_name] No name was given. Addressing all networks of default network_group: yolov11n
[2025-11-20 10:15:24.046] [1791] [HailoRT] [info] [internal_buffer_manager.cpp:204] [print_execution_results] Planned internal buffer memory: CMA memory 0, user memory 2772480. memory to edge layer usage factor is 1
[2025-11-20 10:15:24.046] [1791] [HailoRT] [info] [internal_buffer_manager.cpp:212] [print_execution_results] Default Internal buffer planner executed successfully
[2025-11-20 10:15:24.070] [1791] [HailoRT] [info] [device_internal.cpp:57] [configure] Configuring HEF took 37.115064 milliseconds
[2025-11-20 10:15:24.071] [1791] [HailoRT] [info] [vdevice.cpp:749] [configure] Configuring HEF on VDevice took 38.20974 milliseconds
[2025-11-20 10:15:24.071] [1791] [HailoRT] [info] [infer_model.cpp:436] [configure] Configuring network group 'yolov11n' with params: batch size: 2, power mode: PERFORMANCE, latency: NONE
[2025-11-20 10:15:24.075] [1791] [HailoRT] [info] [multi_io_elements.cpp:756] [create] Created (AsyncHwEl)
[2025-11-20 10:15:24.076] [1791] [HailoRT] [info] [queue_elements.cpp:450] [create] Created (EntryPushQEl0yolov11n/input_layer1 | timeout: 10s)
[2025-11-20 10:15:24.076] [1791] [HailoRT] [info] [filter_elements.cpp:101] [create] Created (PreInferEl3yolov11n/input_layer1 | Reorder - src_order: RGB4, src_shape: (640, 640, 3), dst_order: NHCW, dst_shape: (640, 640, 3))
[2025-11-20 10:15:24.076] [1791] [HailoRT] [info] [queue_elements.cpp:450] [create] Created (PushQEl3yolov11n/input_layer1 | timeout: 10s)
[2025-11-20 10:15:24.076] [1791] [HailoRT] [info] [multi_io_elements.cpp:135] [create] Created (NmsPPMuxEl0YOLOV8-Post-Process | Op YOLOV8, Name: YOLOV8-Post-Process, Score threshold: 0.300, IoU threshold: 0.45, Classes: 80, Cross classes: false, NMS results order: BY_CLASS, Max bboxes per class: 100, Image height: 640, Image width: 640)
[2025-11-20 10:15:24.077] [1791] [HailoRT] [info] [queue_elements.cpp:942] [create] Created (MultiPushQEl0YOLOV8-Post-Process | timeout: 10s)
[2025-11-20 10:15:24.077] [1791] [HailoRT] [info] [edge_elements.cpp:187] [create] Created (LastAsyncEl0NmsPPMuxEl0YOLOV8-Post-Process)
[2025-11-20 10:15:24.077] [1791] [HailoRT] [info] [pipeline.cpp:891] [print_deep_description] EntryPushQEl0yolov11n/input_layer1 | inputs: user | outputs: PreInferEl3yolov11n/input_layer1(running in thread_id: 1864)
[2025-11-20 10:15:24.077] [1791] [HailoRT] [info] [pipeline.cpp:891] [print_deep_description] PreInferEl3yolov11n/input_layer1 | inputs: EntryPushQEl0yolov11n/input_layer1[0] | outputs: PushQEl3yolov11n/input_layer1
[2025-11-20 10:15:24.077] [1791] [HailoRT] [info] [pipeline.cpp:891] [print_deep_description] PushQEl3yolov11n/input_layer1 | inputs: PreInferEl3yolov11n/input_layer1[0] | outputs: AsyncHwEl(running in thread_id: 1865)
[2025-11-20 10:15:24.077] [1791] [HailoRT] [info] [pipeline.cpp:891] [print_deep_description] AsyncHwEl | inputs: PushQEl3yolov11n/input_layer1[0] | outputs: MultiPushQEl0YOLOV8-Post-Process MultiPushQEl0YOLOV8-Post-Process MultiPushQEl0YOLOV8-Post-Process MultiPushQEl0YOLOV8-Post-Process MultiPushQEl0YOLOV8-Post-Process MultiPushQEl0YOLOV8-Post-Process
[2025-11-20 10:15:24.077] [1791] [HailoRT] [info] [pipeline.cpp:891] [print_deep_description] MultiPushQEl0YOLOV8-Post-Process | inputs: AsyncHwEl[0] AsyncHwEl[1] AsyncHwEl[2] AsyncHwEl[3] AsyncHwEl[4] AsyncHwEl[5] | outputs: NmsPPMuxEl0YOLOV8-Post-Process(running in thread_id: 1866)
[2025-11-20 10:15:24.077] [1791] [HailoRT] [info] [pipeline.cpp:891] [print_deep_description] NmsPPMuxEl0YOLOV8-Post-Process | inputs: MultiPushQEl0YOLOV8-Post-Process[0] | outputs: LastAsyncEl0NmsPPMuxEl0YOLOV8-Post-Process
[2025-11-20 10:15:24.077] [1791] [HailoRT] [info] [pipeline.cpp:891] [print_deep_description] LastAsyncEl0NmsPPMuxEl0YOLOV8-Post-Process | inputs: NmsPPMuxEl0YOLOV8-Post-Process[0] | outputs: user
[2025-11-20 10:15:24.872] [1854] [HailoRT] [info] [hef.cpp:1929] [get_network_group_and_network_name] No name was given. Addressing all networks of default network_group: yolov11n
[2025-11-20 10:18:30.810] [2599] [HailoRT] [info] [async_infer_runner.cpp:86] [shutdown] Pipeline was aborted. Shutting it down
[2025-11-20 10:18:30.812] [2599] [HailoRT] [info] [queue_elements.cpp:1131] [execute_deactivate] enqueue() in element MultiPushQEl0YOLOV8-Post-Process was aborted, got status = HAILO_SHUTDOWN_EVENT_SIGNALED(57)
[2025-11-20 10:18:30.812] [2599] [HailoRT] [info] [queue_elements.cpp:1131] [execute_deactivate] enqueue() in element MultiPushQEl0YOLOV8-Post-Process was aborted, got status = HAILO_SHUTDOWN_EVENT_SIGNALED(57)
[2025-11-20 10:18:30.812] [2599] [HailoRT] [info] [queue_elements.cpp:1131] [execute_deactivate] enqueue() in element MultiPushQEl0YOLOV8-Post-Process was aborted, got status = HAILO_SHUTDOWN_EVENT_SIGNALED(57)
[2025-11-20 10:18:30.812] [2599] [HailoRT] [info] [queue_elements.cpp:1131] [execute_deactivate] enqueue() in element MultiPushQEl0YOLOV8-Post-Process was aborted, got status = HAILO_SHUTDOWN_EVENT_SIGNALED(57)
[2025-11-20 10:18:30.812] [2599] [HailoRT] [info] [queue_elements.cpp:1131] [execute_deactivate] enqueue() in element MultiPushQEl0YOLOV8-Post-Process was aborted, got status = HAILO_SHUTDOWN_EVENT_SIGNALED(57)
[2025-11-20 10:18:30.812] [2599] [HailoRT] [info] [queue_elements.cpp:1131] [execute_deactivate] enqueue() in element MultiPushQEl0YOLOV8-Post-Process was aborted, got status = HAILO_SHUTDOWN_EVENT_SIGNALED(57)
[2025-11-20 10:18:30.812] [2599] [HailoRT] [info] [queue_elements.cpp:570] [execute_deactivate] enqueue() in element PushQEl3yolov11n/input_layer1 was aborted, got status = HAILO_SHUTDOWN_EVENT_SIGNALED(57)
[2025-11-20 10:18:30.812] [2599] [HailoRT] [info] [queue_elements.cpp:570] [execute_deactivate] enqueue() in element EntryPushQEl0yolov11n/input_layer1 was aborted, got status = HAILO_SHUTDOWN_EVENT_SIGNALED(57)
[2025-11-20 10:18:30.812] [2599] [HailoRT] [info] [queue_elements.cpp:46] [~BaseQueueElement] Queue element EntryPushQEl0yolov11n/input_layer1 has 0 frames in his Queue on destruction
[2025-11-20 10:18:30.812] [2599] [HailoRT] [info] [queue_elements.cpp:46] [~BaseQueueElement] Queue element PushQEl3yolov11n/input_layer1 has 0 frames in his Queue on destruction
[2025-11-20 10:24:03.738] [2790] [HailoRT] [info] [device.cpp:49] [Device] OS Version: Linux 6.12.47+rpt-rpi-2712 #1 SMP PREEMPT Debian 1:6.12.47-1+rpt1~bookworm (2025-09-16) aarch64
[2025-11-20 10:24:03.740] [2790] [HailoRT] [info] [control.cpp:108] [control__parse_identify_results] firmware_version is: 4.20.0
[2025-11-20 10:24:03.741] [2790] [HailoRT] [info] [control.cpp:108] [control__parse_identify_results] firmware_version is: 4.20.0
[2025-11-20 10:24:03.800] [2801] [HailoRT] [info] [device.cpp:49] [Device] OS Version: Linux 6.12.47+rpt-rpi-2712 #1 SMP PREEMPT Debian 1:6.12.47-1+rpt1~bookworm (2025-09-16) aarch64
[2025-11-20 10:24:03.801] [2801] [HailoRT] [info] [control.cpp:108] [control__parse_identify_results] firmware_version is: 4.20.0
[2025-11-20 10:24:03.802] [2801] [HailoRT] [info] [control.cpp:108] [control__parse_identify_results] firmware_version is: 4.20.0
[2025-11-20 10:24:03.895] [2775] [HailoRT] [info] [vdevice.cpp:523] [create] Creating vdevice with params: device_count: 1, scheduling_algorithm: ROUND_ROBIN, multi_process_service: false
[2025-11-20 10:24:03.907] [2775] [HailoRT] [info] [device.cpp:49] [Device] OS Version: Linux 6.12.47+rpt-rpi-2712 #1 SMP PREEMPT Debian 1:6.12.47-1+rpt1~bookworm (2025-09-16) aarch64
[2025-11-20 10:24:03.909] [2775] [HailoRT] [info] [control.cpp:108] [control__parse_identify_results] firmware_version is: 4.20.0
[2025-11-20 10:24:03.909] [2775] [HailoRT] [info] [vdevice.cpp:651] [create] VDevice Infos: 0001:01:00.0
[2025-11-20 10:24:03.935] [2775] [HailoRT] [info] [hef.cpp:1929] [get_network_group_and_network_name] No name was given. Addressing all networks of default network_group: yolov11n
[2025-11-20 10:24:03.935] [2775] [HailoRT] [info] [hef.cpp:1929] [get_network_group_and_network_name] No name was given. Addressing all networks of default network_group: yolov11n
[2025-11-20 10:24:03.980] [2775] [HailoRT] [info] [internal_buffer_manager.cpp:204] [print_execution_results] Planned internal buffer memory: CMA memory 0, user memory 2772480. memory to edge layer usage factor is 1
[2025-11-20 10:24:03.980] [2775] [HailoRT] [info] [internal_buffer_manager.cpp:212] [print_execution_results] Default Internal buffer planner executed successfully
[2025-11-20 10:24:04.004] [2775] [HailoRT] [info] [device_internal.cpp:57] [configure] Configuring HEF took 35.900633 milliseconds
[2025-11-20 10:24:04.005] [2775] [HailoRT] [info] [vdevice.cpp:749] [configure] Configuring HEF on VDevice took 36.270021 milliseconds
[2025-11-20 10:24:04.005] [2775] [HailoRT] [info] [infer_model.cpp:436] [configure] Configuring network group 'yolov11n' with params: batch size: 2, power mode: PERFORMANCE, latency: NONE
[2025-11-20 10:24:04.005] [2775] [HailoRT] [info] [multi_io_elements.cpp:756] [create] Created (AsyncHwEl)
[2025-11-20 10:24:04.005] [2775] [HailoRT] [info] [queue_elements.cpp:450] [create] Created (EntryPushQEl0yolov11n/input_layer1 | timeout: 10s)
[2025-11-20 10:24:04.005] [2775] [HailoRT] [info] [filter_elements.cpp:101] [create] Created (PreInferEl3yolov11n/input_layer1 | Reorder - src_order: RGB4, src_shape: (640, 640, 3), dst_order: NHCW, dst_shape: (640, 640, 3))
[2025-11-20 10:24:04.005] [2775] [HailoRT] [info] [queue_elements.cpp:450] [create] Created (PushQEl3yolov11n/input_layer1 | timeout: 10s)
[2025-11-20 10:24:04.005] [2775] [HailoRT] [info] [multi_io_elements.cpp:135] [create] Created (NmsPPMuxEl0YOLOV8-Post-Process | Op YOLOV8, Name: YOLOV8-Post-Process, Score threshold: 0.300, IoU threshold: 0.45, Classes: 80, Cross classes: false, NMS results order: BY_CLASS, Max bboxes per class: 100, Image height: 640, Image width: 640)
[2025-11-20 10:24:04.005] [2775] [HailoRT] [info] [queue_elements.cpp:942] [create] Created (MultiPushQEl0YOLOV8-Post-Process | timeout: 10s)
[2025-11-20 10:24:04.005] [2775] [HailoRT] [info] [edge_elements.cpp:187] [create] Created (LastAsyncEl0NmsPPMuxEl0YOLOV8-Post-Process)
[2025-11-20 10:24:04.005] [2775] [HailoRT] [info] [pipeline.cpp:891] [print_deep_description] EntryPushQEl0yolov11n/input_layer1 | inputs: user | outputs: PreInferEl3yolov11n/input_layer1(running in thread_id: 2847)
[2025-11-20 10:24:04.005] [2775] [HailoRT] [info] [pipeline.cpp:891] [print_deep_description] PreInferEl3yolov11n/input_layer1 | inputs: EntryPushQEl0yolov11n/input_layer1[0] | outputs: PushQEl3yolov11n/input_layer1
[2025-11-20 10:24:04.005] [2775] [HailoRT] [info] [pipeline.cpp:891] [print_deep_description] PushQEl3yolov11n/input_layer1 | inputs: PreInferEl3yolov11n/input_layer1[0] | outputs: AsyncHwEl(running in thread_id: 2848)
[2025-11-20 10:24:04.005] [2775] [HailoRT] [info] [pipeline.cpp:891] [print_deep_description] AsyncHwEl | inputs: PushQEl3yolov11n/input_layer1[0] | outputs: MultiPushQEl0YOLOV8-Post-Process MultiPushQEl0YOLOV8-Post-Process MultiPushQEl0YOLOV8-Post-Process MultiPushQEl0YOLOV8-Post-Process MultiPushQEl0YOLOV8-Post-Process MultiPushQEl0YOLOV8-Post-Process
[2025-11-20 10:24:04.005] [2775] [HailoRT] [info] [pipeline.cpp:891] [print_deep_description] MultiPushQEl0YOLOV8-Post-Process | inputs: AsyncHwEl[0] AsyncHwEl[1] AsyncHwEl[2] AsyncHwEl[3] AsyncHwEl[4] AsyncHwEl[5] | outputs: NmsPPMuxEl0YOLOV8-Post-Process(running in thread_id: 2849)
[2025-11-20 10:24:04.005] [2775] [HailoRT] [info] [pipeline.cpp:891] [print_deep_description] NmsPPMuxEl0YOLOV8-Post-Process | inputs: MultiPushQEl0YOLOV8-Post-Process[0] | outputs: LastAsyncEl0NmsPPMuxEl0YOLOV8-Post-Process
[2025-11-20 10:24:04.005] [2775] [HailoRT] [info] [pipeline.cpp:891] [print_deep_description] LastAsyncEl0NmsPPMuxEl0YOLOV8-Post-Process | inputs: NmsPPMuxEl0YOLOV8-Post-Process[0] | outputs: user
[2025-11-20 10:24:04.796] [2836] [HailoRT] [info] [hef.cpp:1929] [get_network_group_and_network_name] No name was given. Addressing all networks of default network_group: yolov11n
[2025-11-20 10:34:46.999] [3088] [HailoRT] [info] [device.cpp:49] [Device] OS Version: Linux 6.12.47+rpt-rpi-2712 #1 SMP PREEMPT Debian 1:6.12.47-1+rpt1~bookworm (2025-09-16) aarch64
[2025-11-20 10:34:47.000] [3088] [HailoRT] [info] [control.cpp:108] [control__parse_identify_results] firmware_version is: 4.20.0
[2025-11-20 10:34:47.001] [3088] [HailoRT] [info] [control.cpp:108] [control__parse_identify_results] firmware_version is: 4.20.0
[2025-11-20 10:34:47.060] [3099] [HailoRT] [info] [device.cpp:49] [Device] OS Version: Linux 6.12.47+rpt-rpi-2712 #1 SMP PREEMPT Debian 1:6.12.47-1+rpt1~bookworm (2025-09-16) aarch64
[2025-11-20 10:34:47.061] [3099] [HailoRT] [info] [control.cpp:108] [control__parse_identify_results] firmware_version is: 4.20.0
[2025-11-20 10:34:47.062] [3099] [HailoRT] [info] [control.cpp:108] [control__parse_identify_results] firmware_version is: 4.20.0
[2025-11-20 10:34:47.138] [3073] [HailoRT] [info] [vdevice.cpp:523] [create] Creating vdevice with params: device_count: 1, scheduling_algorithm: ROUND_ROBIN, multi_process_service: false
[2025-11-20 10:34:47.151] [3073] [HailoRT] [info] [device.cpp:49] [Device] OS Version: Linux 6.12.47+rpt-rpi-2712 #1 SMP PREEMPT Debian 1:6.12.47-1+rpt1~bookworm (2025-09-16) aarch64
[2025-11-20 10:34:47.152] [3073] [HailoRT] [info] [control.cpp:108] [control__parse_identify_results] firmware_version is: 4.20.0
[2025-11-20 10:34:47.152] [3073] [HailoRT] [info] [vdevice.cpp:651] [create] VDevice Infos: 0001:01:00.0
[2025-11-20 10:34:47.179] [3073] [HailoRT] [info] [hef.cpp:1929] [get_network_group_and_network_name] No name was given. Addressing all networks of default network_group: yolov11n
[2025-11-20 10:34:47.179] [3073] [HailoRT] [info] [hef.cpp:1929] [get_network_group_and_network_name] No name was given. Addressing all networks of default network_group: yolov11n
[2025-11-20 10:34:47.218] [3073] [HailoRT] [info] [internal_buffer_manager.cpp:204] [print_execution_results] Planned internal buffer memory: CMA memory 0, user memory 2772480. memory to edge layer usage factor is 1
[2025-11-20 10:34:47.218] [3073] [HailoRT] [info] [internal_buffer_manager.cpp:212] [print_execution_results] Default Internal buffer planner executed successfully
[2025-11-20 10:34:47.248] [3073] [HailoRT] [info] [device_internal.cpp:57] [configure] Configuring HEF took 37.070194 milliseconds
[2025-11-20 10:34:47.248] [3073] [HailoRT] [info] [vdevice.cpp:749] [configure] Configuring HEF on VDevice took 37.456958 milliseconds
[2025-11-20 10:34:47.248] [3073] [HailoRT] [info] [infer_model.cpp:436] [configure] Configuring network group 'yolov11n' with params: batch size: 2, power mode: PERFORMANCE, latency: NONE
[2025-11-20 10:34:47.248] [3073] [HailoRT] [info] [multi_io_elements.cpp:756] [create] Created (AsyncHwEl)
[2025-11-20 10:34:47.249] [3073] [HailoRT] [info] [queue_elements.cpp:450] [create] Created (EntryPushQEl0yolov11n/input_layer1 | timeout: 10s)
[2025-11-20 10:34:47.249] [3073] [HailoRT] [info] [filter_elements.cpp:101] [create] Created (PreInferEl3yolov11n/input_layer1 | Reorder - src_order: RGB4, src_shape: (640, 640, 3), dst_order: NHCW, dst_shape: (640, 640, 3))
[2025-11-20 10:34:47.249] [3073] [HailoRT] [info] [queue_elements.cpp:450] [create] Created (PushQEl3yolov11n/input_layer1 | timeout: 10s)
[2025-11-20 10:34:47.249] [3073] [HailoRT] [info] [multi_io_elements.cpp:135] [create] Created (NmsPPMuxEl0YOLOV8-Post-Process | Op YOLOV8, Name: YOLOV8-Post-Process, Score threshold: 0.300, IoU threshold: 0.45, Classes: 80, Cross classes: false, NMS results order: BY_CLASS, Max bboxes per class: 100, Image height: 640, Image width: 640)
[2025-11-20 10:34:47.250] [3073] [HailoRT] [info] [queue_elements.cpp:942] [create] Created (MultiPushQEl0YOLOV8-Post-Process | timeout: 10s)
[2025-11-20 10:34:47.250] [3073] [HailoRT] [info] [edge_elements.cpp:187] [create] Created (LastAsyncEl0NmsPPMuxEl0YOLOV8-Post-Process)
[2025-11-20 10:34:47.250] [3073] [HailoRT] [info] [pipeline.cpp:891] [print_deep_description] EntryPushQEl0yolov11n/input_layer1 | inputs: user | outputs: PreInferEl3yolov11n/input_layer1(running in thread_id: 3146)
[2025-11-20 10:34:47.250] [3073] [HailoRT] [info] [pipeline.cpp:891] [print_deep_description] PreInferEl3yolov11n/input_layer1 | inputs: EntryPushQEl0yolov11n/input_layer1[0] | outputs: PushQEl3yolov11n/input_layer1
[2025-11-20 10:34:47.250] [3073] [HailoRT] [info] [pipeline.cpp:891] [print_deep_description] PushQEl3yolov11n/input_layer1 | inputs: PreInferEl3yolov11n/input_layer1[0] | outputs: AsyncHwEl(running in thread_id: 3147)
[2025-11-20 10:34:47.250] [3073] [HailoRT] [info] [pipeline.cpp:891] [print_deep_description] AsyncHwEl | inputs: PushQEl3yolov11n/input_layer1[0] | outputs: MultiPushQEl0YOLOV8-Post-Process MultiPushQEl0YOLOV8-Post-Process MultiPushQEl0YOLOV8-Post-Process MultiPushQEl0YOLOV8-Post-Process MultiPushQEl0YOLOV8-Post-Process MultiPushQEl0YOLOV8-Post-Process
[2025-11-20 10:34:47.250] [3073] [HailoRT] [info] [pipeline.cpp:891] [print_deep_description] MultiPushQEl0YOLOV8-Post-Process | inputs: AsyncHwEl[0] AsyncHwEl[1] AsyncHwEl[2] AsyncHwEl[3] AsyncHwEl[4] AsyncHwEl[5] | outputs: NmsPPMuxEl0YOLOV8-Post-Process(running in thread_id: 3148)
[2025-11-20 10:34:47.251] [3073] [HailoRT] [info] [pipeline.cpp:891] [print_deep_description] NmsPPMuxEl0YOLOV8-Post-Process | inputs: MultiPushQEl0YOLOV8-Post-Process[0] | outputs: LastAsyncEl0NmsPPMuxEl0YOLOV8-Post-Process
[2025-11-20 10:34:47.251] [3073] [HailoRT] [info] [pipeline.cpp:891] [print_deep_description] LastAsyncEl0NmsPPMuxEl0YOLOV8-Post-Process | inputs: NmsPPMuxEl0YOLOV8-Post-Process[0] | outputs: user
[2025-11-20 10:34:48.084] [3133] [HailoRT] [info] [hef.cpp:1929] [get_network_group_and_network_name] No name was given. Addressing all networks of default network_group: yolov11n
[2025-11-20 10:36:29.887] [3287] [HailoRT] [info] [device.cpp:49] [Device] OS Version: Linux 6.12.47+rpt-rpi-2712 #1 SMP PREEMPT Debian 1:6.12.47-1+rpt1~bookworm (2025-09-16) aarch64
[2025-11-20 10:36:29.888] [3287] [HailoRT] [info] [control.cpp:108] [control__parse_identify_results] firmware_version is: 4.20.0
[2025-11-20 10:36:29.889] [3287] [HailoRT] [info] [control.cpp:108] [control__parse_identify_results] firmware_version is: 4.20.0
[2025-11-20 10:36:29.940] [3298] [HailoRT] [info] [device.cpp:49] [Device] OS Version: Linux 6.12.47+rpt-rpi-2712 #1 SMP PREEMPT Debian 1:6.12.47-1+rpt1~bookworm (2025-09-16) aarch64
[2025-11-20 10:36:29.942] [3298] [HailoRT] [info] [control.cpp:108] [control__parse_identify_results] firmware_version is: 4.20.0
[2025-11-20 10:36:29.943] [3298] [HailoRT] [info] [control.cpp:108] [control__parse_identify_results] firmware_version is: 4.20.0
[2025-11-20 10:36:30.017] [3272] [HailoRT] [info] [vdevice.cpp:523] [create] Creating vdevice with params: device_count: 1, scheduling_algorithm: ROUND_ROBIN, multi_process_service: false
[2025-11-20 10:36:30.028] [3272] [HailoRT] [info] [device.cpp:49] [Device] OS Version: Linux 6.12.47+rpt-rpi-2712 #1 SMP PREEMPT Debian 1:6.12.47-1+rpt1~bookworm (2025-09-16) aarch64
[2025-11-20 10:36:30.029] [3272] [HailoRT] [info] [control.cpp:108] [control__parse_identify_results] firmware_version is: 4.20.0
[2025-11-20 10:36:30.030] [3272] [HailoRT] [info] [vdevice.cpp:651] [create] VDevice Infos: 0001:01:00.0
[2025-11-20 10:36:30.056] [3272] [HailoRT] [info] [hef.cpp:1929] [get_network_group_and_network_name] No name was given. Addressing all networks of default network_group: yolov11n
[2025-11-20 10:36:30.056] [3272] [HailoRT] [info] [hef.cpp:1929] [get_network_group_and_network_name] No name was given. Addressing all networks of default network_group: yolov11n
[2025-11-20 10:36:30.097] [3272] [HailoRT] [info] [internal_buffer_manager.cpp:204] [print_execution_results] Planned internal buffer memory: CMA memory 0, user memory 2772480. memory to edge layer usage factor is 1
[2025-11-20 10:36:30.097] [3272] [HailoRT] [info] [internal_buffer_manager.cpp:212] [print_execution_results] Default Internal buffer planner executed successfully
[2025-11-20 10:36:30.124] [3272] [HailoRT] [info] [device_internal.cpp:57] [configure] Configuring HEF took 33.252468 milliseconds
[2025-11-20 10:36:30.124] [3272] [HailoRT] [info] [vdevice.cpp:749] [configure] Configuring HEF on VDevice took 33.630454 milliseconds
[2025-11-20 10:36:30.124] [3272] [HailoRT] [info] [infer_model.cpp:436] [configure] Configuring network group 'yolov11n' with params: batch size: 2, power mode: PERFORMANCE, latency: NONE
[2025-11-20 10:36:30.124] [3272] [HailoRT] [info] [multi_io_elements.cpp:756] [create] Created (AsyncHwEl)
[2025-11-20 10:36:30.124] [3272] [HailoRT] [info] [queue_elements.cpp:450] [create] Created (EntryPushQEl0yolov11n/input_layer1 | timeout: 10s)
[2025-11-20 10:36:30.124] [3272] [HailoRT] [info] [filter_elements.cpp:101] [create] Created (PreInferEl3yolov11n/input_layer1 | Reorder - src_order: RGB4, src_shape: (640, 640, 3), dst_order: NHCW, dst_shape: (640, 640, 3))
[2025-11-20 10:36:30.124] [3272] [HailoRT] [info] [queue_elements.cpp:450] [create] Created (PushQEl3yolov11n/input_layer1 | timeout: 10s)
[2025-11-20 10:36:30.124] [3272] [HailoRT] [info] [multi_io_elements.cpp:135] [create] Created (NmsPPMuxEl0YOLOV8-Post-Process | Op YOLOV8, Name: YOLOV8-Post-Process, Score threshold: 0.300, IoU threshold: 0.45, Classes: 80, Cross classes: false, NMS results order: BY_CLASS, Max bboxes per class: 100, Image height: 640, Image width: 640)
[2025-11-20 10:36:30.125] [3272] [HailoRT] [info] [queue_elements.cpp:942] [create] Created (MultiPushQEl0YOLOV8-Post-Process | timeout: 10s)
[2025-11-20 10:36:30.125] [3272] [HailoRT] [info] [edge_elements.cpp:187] [create] Created (LastAsyncEl0NmsPPMuxEl0YOLOV8-Post-Process)
[2025-11-20 10:36:30.125] [3272] [HailoRT] [info] [pipeline.cpp:891] [print_deep_description] EntryPushQEl0yolov11n/input_layer1 | inputs: user | outputs: PreInferEl3yolov11n/input_layer1(running in thread_id: 3344)
[2025-11-20 10:36:30.125] [3272] [HailoRT] [info] [pipeline.cpp:891] [print_deep_description] PreInferEl3yolov11n/input_layer1 | inputs: EntryPushQEl0yolov11n/input_layer1[0] | outputs: PushQEl3yolov11n/input_layer1
[2025-11-20 10:36:30.125] [3272] [HailoRT] [info] [pipeline.cpp:891] [print_deep_description] PushQEl3yolov11n/input_layer1 | inputs: PreInferEl3yolov11n/input_layer1[0] | outputs: AsyncHwEl(running in thread_id: 3345)
[2025-11-20 10:36:30.125] [3272] [HailoRT] [info] [pipeline.cpp:891] [print_deep_description] AsyncHwEl | inputs: PushQEl3yolov11n/input_layer1[0] | outputs: MultiPushQEl0YOLOV8-Post-Process MultiPushQEl0YOLOV8-Post-Process MultiPushQEl0YOLOV8-Post-Process MultiPushQEl0YOLOV8-Post-Process MultiPushQEl0YOLOV8-Post-Process MultiPushQEl0YOLOV8-Post-Process
[2025-11-20 10:36:30.125] [3272] [HailoRT] [info] [pipeline.cpp:891] [print_deep_description] MultiPushQEl0YOLOV8-Post-Process | inputs: AsyncHwEl[0] AsyncHwEl[1] AsyncHwEl[2] AsyncHwEl[3] AsyncHwEl[4] AsyncHwEl[5] | outputs: NmsPPMuxEl0YOLOV8-Post-Process(running in thread_id: 3346)
[2025-11-20 10:36:30.125] [3272] [HailoRT] [info] [pipeline.cpp:891] [print_deep_description] NmsPPMuxEl0YOLOV8-Post-Process | inputs: MultiPushQEl0YOLOV8-Post-Process[0] | outputs: LastAsyncEl0NmsPPMuxEl0YOLOV8-Post-Process
[2025-11-20 10:36:30.125] [3272] [HailoRT] [info] [pipeline.cpp:891] [print_deep_description] LastAsyncEl0NmsPPMuxEl0YOLOV8-Post-Process | inputs: NmsPPMuxEl0YOLOV8-Post-Process[0] | outputs: user
[2025-11-20 10:36:30.937] [3330] [HailoRT] [info] [hef.cpp:1929] [get_network_group_and_network_name] No name was given. Addressing all networks of default network_group: yolov11n
[2025-11-20 10:39:08.644] [3537] [HailoRT] [info] [device.cpp:49] [Device] OS Version: Linux 6.12.47+rpt-rpi-2712 #1 SMP PREEMPT Debian 1:6.12.47-1+rpt1~bookworm (2025-09-16) aarch64
[2025-11-20 10:39:08.645] [3537] [HailoRT] [info] [control.cpp:108] [control__parse_identify_results] firmware_version is: 4.20.0
[2025-11-20 10:39:08.646] [3537] [HailoRT] [info] [control.cpp:108] [control__parse_identify_results] firmware_version is: 4.20.0
[2025-11-20 10:39:08.704] [3548] [HailoRT] [info] [device.cpp:49] [Device] OS Version: Linux 6.12.47+rpt-rpi-2712 #1 SMP PREEMPT Debian 1:6.12.47-1+rpt1~bookworm (2025-09-16) aarch64
[2025-11-20 10:39:08.705] [3548] [HailoRT] [info] [control.cpp:108] [control__parse_identify_results] firmware_version is: 4.20.0
[2025-11-20 10:39:08.706] [3548] [HailoRT] [info] [control.cpp:108] [control__parse_identify_results] firmware_version is: 4.20.0
[2025-11-20 10:39:08.785] [3522] [HailoRT] [info] [vdevice.cpp:523] [create] Creating vdevice with params: device_count: 1, scheduling_algorithm: ROUND_ROBIN, multi_process_service: false
[2025-11-20 10:39:08.796] [3522] [HailoRT] [info] [device.cpp:49] [Device] OS Version: Linux 6.12.47+rpt-rpi-2712 #1 SMP PREEMPT Debian 1:6.12.47-1+rpt1~bookworm (2025-09-16) aarch64
[2025-11-20 10:39:08.797] [3522] [HailoRT] [info] [control.cpp:108] [control__parse_identify_results] firmware_version is: 4.20.0
[2025-11-20 10:39:08.797] [3522] [HailoRT] [info] [vdevice.cpp:651] [create] VDevice Infos: 0001:01:00.0
[2025-11-20 10:39:08.824] [3522] [HailoRT] [info] [hef.cpp:1929] [get_network_group_and_network_name] No name was given. Addressing all networks of default network_group: yolov11n
[2025-11-20 10:39:08.824] [3522] [HailoRT] [info] [hef.cpp:1929] [get_network_group_and_network_name] No name was given. Addressing all networks of default network_group: yolov11n
[2025-11-20 10:39:08.863] [3522] [HailoRT] [info] [internal_buffer_manager.cpp:204] [print_execution_results] Planned internal buffer memory: CMA memory 0, user memory 2772480. memory to edge layer usage factor is 1
[2025-11-20 10:39:08.863] [3522] [HailoRT] [info] [internal_buffer_manager.cpp:212] [print_execution_results] Default Internal buffer planner executed successfully
[2025-11-20 10:39:08.890] [3522] [HailoRT] [info] [device_internal.cpp:57] [configure] Configuring HEF took 33.647295 milliseconds
[2025-11-20 10:39:08.890] [3522] [HailoRT] [info] [vdevice.cpp:749] [configure] Configuring HEF on VDevice took 34.105483 milliseconds
[2025-11-20 10:39:08.890] [3522] [HailoRT] [info] [infer_model.cpp:436] [configure] Configuring network group 'yolov11n' with params: batch size: 2, power mode: PERFORMANCE, latency: NONE
[2025-11-20 10:39:08.890] [3522] [HailoRT] [info] [multi_io_elements.cpp:756] [create] Created (AsyncHwEl)
[2025-11-20 10:39:08.891] [3522] [HailoRT] [info] [queue_elements.cpp:450] [create] Created (EntryPushQEl0yolov11n/input_layer1 | timeout: 10s)
[2025-11-20 10:39:08.891] [3522] [HailoRT] [info] [filter_elements.cpp:101] [create] Created (PreInferEl3yolov11n/input_layer1 | Reorder - src_order: RGB4, src_shape: (640, 640, 3), dst_order: NHCW, dst_shape: (640, 640, 3))
[2025-11-20 10:39:08.891] [3522] [HailoRT] [info] [queue_elements.cpp:450] [create] Created (PushQEl3yolov11n/input_layer1 | timeout: 10s)
[2025-11-20 10:39:08.891] [3522] [HailoRT] [info] [multi_io_elements.cpp:135] [create] Created (NmsPPMuxEl0YOLOV8-Post-Process | Op YOLOV8, Name: YOLOV8-Post-Process, Score threshold: 0.300, IoU threshold: 0.45, Classes: 80, Cross classes: false, NMS results order: BY_CLASS, Max bboxes per class: 100, Image height: 640, Image width: 640)
[2025-11-20 10:39:08.892] [3522] [HailoRT] [info] [queue_elements.cpp:942] [create] Created (MultiPushQEl0YOLOV8-Post-Process | timeout: 10s)
[2025-11-20 10:39:08.892] [3522] [HailoRT] [info] [edge_elements.cpp:187] [create] Created (LastAsyncEl0NmsPPMuxEl0YOLOV8-Post-Process)
[2025-11-20 10:39:08.892] [3522] [HailoRT] [info] [pipeline.cpp:891] [print_deep_description] EntryPushQEl0yolov11n/input_layer1 | inputs: user | outputs: PreInferEl3yolov11n/input_layer1(running in thread_id: 3594)
[2025-11-20 10:39:08.892] [3522] [HailoRT] [info] [pipeline.cpp:891] [print_deep_description] PreInferEl3yolov11n/input_layer1 | inputs: EntryPushQEl0yolov11n/input_layer1[0] | outputs: PushQEl3yolov11n/input_layer1
[2025-11-20 10:39:08.892] [3522] [HailoRT] [info] [pipeline.cpp:891] [print_deep_description] PushQEl3yolov11n/input_layer1 | inputs: PreInferEl3yolov11n/input_layer1[0] | outputs: AsyncHwEl(running in thread_id: 3595)
[2025-11-20 10:39:08.892] [3522] [HailoRT] [info] [pipeline.cpp:891] [print_deep_description] AsyncHwEl | inputs: PushQEl3yolov11n/input_layer1[0] | outputs: MultiPushQEl0YOLOV8-Post-Process MultiPushQEl0YOLOV8-Post-Process MultiPushQEl0YOLOV8-Post-Process MultiPushQEl0YOLOV8-Post-Process MultiPushQEl0YOLOV8-Post-Process MultiPushQEl0YOLOV8-Post-Process
[2025-11-20 10:39:08.892] [3522] [HailoRT] [info] [pipeline.cpp:891] [print_deep_description] MultiPushQEl0YOLOV8-Post-Process | inputs: AsyncHwEl[0] AsyncHwEl[1] AsyncHwEl[2] AsyncHwEl[3] AsyncHwEl[4] AsyncHwEl[5] | outputs: NmsPPMuxEl0YOLOV8-Post-Process(running in thread_id: 3596)
[2025-11-20 10:39:08.892] [3522] [HailoRT] [info] [pipeline.cpp:891] [print_deep_description] NmsPPMuxEl0YOLOV8-Post-Process | inputs: MultiPushQEl0YOLOV8-Post-Process[0] | outputs: LastAsyncEl0NmsPPMuxEl0YOLOV8-Post-Process
[2025-11-20 10:39:08.892] [3522] [HailoRT] [info] [pipeline.cpp:891] [print_deep_description] LastAsyncEl0NmsPPMuxEl0YOLOV8-Post-Process | inputs: NmsPPMuxEl0YOLOV8-Post-Process[0] | outputs: user
[2025-11-20 10:39:09.688] [3584] [HailoRT] [info] [hef.cpp:1929] [get_network_group_and_network_name] No name was given. Addressing all networks of default network_group: yolov11n
[2025-11-20 10:39:47.848] [3699] [HailoRT] [info] [device.cpp:49] [Device] OS Version: Linux 6.12.47+rpt-rpi-2712 #1 SMP PREEMPT Debian 1:6.12.47-1+rpt1~bookworm (2025-09-16) aarch64
[2025-11-20 10:39:47.849] [3699] [HailoRT] [info] [control.cpp:108] [control__parse_identify_results] firmware_version is: 4.20.0
[2025-11-20 10:39:47.850] [3699] [HailoRT] [info] [control.cpp:108] [control__parse_identify_results] firmware_version is: 4.20.0
[2025-11-20 10:39:47.912] [3710] [HailoRT] [info] [device.cpp:49] [Device] OS Version: Linux 6.12.47+rpt-rpi-2712 #1 SMP PREEMPT Debian 1:6.12.47-1+rpt1~bookworm (2025-09-16) aarch64
[2025-11-20 10:39:47.914] [3710] [HailoRT] [info] [control.cpp:108] [control__parse_identify_results] firmware_version is: 4.20.0
[2025-11-20 10:39:47.915] [3710] [HailoRT] [info] [control.cpp:108] [control__parse_identify_results] firmware_version is: 4.20.0
[2025-11-20 10:39:47.986] [3682] [HailoRT] [info] [vdevice.cpp:523] [create] Creating vdevice with params: device_count: 1, scheduling_algorithm: ROUND_ROBIN, multi_process_service: false
[2025-11-20 10:39:47.999] [3682] [HailoRT] [info] [device.cpp:49] [Device] OS Version: Linux 6.12.47+rpt-rpi-2712 #1 SMP PREEMPT Debian 1:6.12.47-1+rpt1~bookworm (2025-09-16) aarch64
[2025-11-20 10:39:48.000] [3682] [HailoRT] [info] [control.cpp:108] [control__parse_identify_results] firmware_version is: 4.20.0
[2025-11-20 10:39:48.000] [3682] [HailoRT] [info] [vdevice.cpp:651] [create] VDevice Infos: 0001:01:00.0
[2025-11-20 10:39:48.027] [3682] [HailoRT] [info] [hef.cpp:1929] [get_network_group_and_network_name] No name was given. Addressing all networks of default network_group: yolov11n
[2025-11-20 10:39:48.027] [3682] [HailoRT] [info] [hef.cpp:1929] [get_network_group_and_network_name] No name was given. Addressing all networks of default network_group: yolov11n
[2025-11-20 10:39:48.070] [3682] [HailoRT] [info] [internal_buffer_manager.cpp:204] [print_execution_results] Planned internal buffer memory: CMA memory 0, user memory 2772480. memory to edge layer usage factor is 1
[2025-11-20 10:39:48.071] [3682] [HailoRT] [info] [internal_buffer_manager.cpp:212] [print_execution_results] Default Internal buffer planner executed successfully
[2025-11-20 10:39:48.096] [3682] [HailoRT] [info] [device_internal.cpp:57] [configure] Configuring HEF took 36.642551 milliseconds
[2025-11-20 10:39:48.096] [3682] [HailoRT] [info] [vdevice.cpp:749] [configure] Configuring HEF on VDevice took 36.993589 milliseconds
[2025-11-20 10:39:48.096] [3682] [HailoRT] [info] [infer_model.cpp:436] [configure] Configuring network group 'yolov11n' with params: batch size: 2, power mode: PERFORMANCE, latency: NONE
[2025-11-20 10:39:48.096] [3682] [HailoRT] [info] [multi_io_elements.cpp:756] [create] Created (AsyncHwEl)
[2025-11-20 10:39:48.097] [3682] [HailoRT] [info] [queue_elements.cpp:450] [create] Created (EntryPushQEl0yolov11n/input_layer1 | timeout: 10s)
[2025-11-20 10:39:48.097] [3682] [HailoRT] [info] [filter_elements.cpp:101] [create] Created (PreInferEl3yolov11n/input_layer1 | Reorder - src_order: RGB4, src_shape: (640, 640, 3), dst_order: NHCW, dst_shape: (640, 640, 3))
[2025-11-20 10:39:48.097] [3682] [HailoRT] [info] [queue_elements.cpp:450] [create] Created (PushQEl3yolov11n/input_layer1 | timeout: 10s)
[2025-11-20 10:39:48.097] [3682] [HailoRT] [info] [multi_io_elements.cpp:135] [create] Created (NmsPPMuxEl0YOLOV8-Post-Process | Op YOLOV8, Name: YOLOV8-Post-Process, Score threshold: 0.300, IoU threshold: 0.45, Classes: 80, Cross classes: false, NMS results order: BY_CLASS, Max bboxes per class: 100, Image height: 640, Image width: 640)
[2025-11-20 10:39:48.098] [3682] [HailoRT] [info] [queue_elements.cpp:942] [create] Created (MultiPushQEl0YOLOV8-Post-Process | timeout: 10s)
[2025-11-20 10:39:48.098] [3682] [HailoRT] [info] [edge_elements.cpp:187] [create] Created (LastAsyncEl0NmsPPMuxEl0YOLOV8-Post-Process)
[2025-11-20 10:39:48.098] [3682] [HailoRT] [info] [pipeline.cpp:891] [print_deep_description] EntryPushQEl0yolov11n/input_layer1 | inputs: user | outputs: PreInferEl3yolov11n/input_layer1(running in thread_id: 3756)
[2025-11-20 10:39:48.098] [3682] [HailoRT] [info] [pipeline.cpp:891] [print_deep_description] PreInferEl3yolov11n/input_layer1 | inputs: EntryPushQEl0yolov11n/input_layer1[0] | outputs: PushQEl3yolov11n/input_layer1
[2025-11-20 10:39:48.098] [3682] [HailoRT] [info] [pipeline.cpp:891] [print_deep_description] PushQEl3yolov11n/input_layer1 | inputs: PreInferEl3yolov11n/input_layer1[0] | outputs: AsyncHwEl(running in thread_id: 3757)
[2025-11-20 10:39:48.098] [3682] [HailoRT] [info] [pipeline.cpp:891] [print_deep_description] AsyncHwEl | inputs: PushQEl3yolov11n/input_layer1[0] | outputs: MultiPushQEl0YOLOV8-Post-Process MultiPushQEl0YOLOV8-Post-Process MultiPushQEl0YOLOV8-Post-Process MultiPushQEl0YOLOV8-Post-Process MultiPushQEl0YOLOV8-Post-Process MultiPushQEl0YOLOV8-Post-Process
[2025-11-20 10:39:48.098] [3682] [HailoRT] [info] [pipeline.cpp:891] [print_deep_description] MultiPushQEl0YOLOV8-Post-Process | inputs: AsyncHwEl[0] AsyncHwEl[1] AsyncHwEl[2] AsyncHwEl[3] AsyncHwEl[4] AsyncHwEl[5] | outputs: NmsPPMuxEl0YOLOV8-Post-Process(running in thread_id: 3758)
[2025-11-20 10:39:48.098] [3682] [HailoRT] [info] [pipeline.cpp:891] [print_deep_description] NmsPPMuxEl0YOLOV8-Post-Process | inputs: MultiPushQEl0YOLOV8-Post-Process[0] | outputs: LastAsyncEl0NmsPPMuxEl0YOLOV8-Post-Process
[2025-11-20 10:39:48.098] [3682] [HailoRT] [info] [pipeline.cpp:891] [print_deep_description] LastAsyncEl0NmsPPMuxEl0YOLOV8-Post-Process | inputs: NmsPPMuxEl0YOLOV8-Post-Process[0] | outputs: user
[2025-11-20 10:39:48.888] [3743] [HailoRT] [info] [hef.cpp:1929] [get_network_group_and_network_name] No name was given. Addressing all networks of default network_group: yolov11n
[2025-11-20 10:48:38.246] [4187] [HailoRT] [info] [device.cpp:49] [Device] OS Version: Linux 6.12.47+rpt-rpi-2712 #1 SMP PREEMPT Debian 1:6.12.47-1+rpt1~bookworm (2025-09-16) aarch64
[2025-11-20 10:48:38.247] [4187] [HailoRT] [info] [control.cpp:108] [control__parse_identify_results] firmware_version is: 4.20.0
[2025-11-20 10:48:38.248] [4187] [HailoRT] [info] [control.cpp:108] [control__parse_identify_results] firmware_version is: 4.20.0
[2025-11-20 10:48:38.300] [4198] [HailoRT] [info] [device.cpp:49] [Device] OS Version: Linux 6.12.47+rpt-rpi-2712 #1 SMP PREEMPT Debian 1:6.12.47-1+rpt1~bookworm (2025-09-16) aarch64
[2025-11-20 10:48:38.301] [4198] [HailoRT] [info] [control.cpp:108] [control__parse_identify_results] firmware_version is: 4.20.0
[2025-11-20 10:48:38.302] [4198] [HailoRT] [info] [control.cpp:108] [control__parse_identify_results] firmware_version is: 4.20.0
[2025-11-20 10:48:38.397] [4172] [HailoRT] [info] [vdevice.cpp:523] [create] Creating vdevice with params: device_count: 1, scheduling_algorithm: ROUND_ROBIN, multi_process_service: false
[2025-11-20 10:48:38.408] [4172] [HailoRT] [info] [device.cpp:49] [Device] OS Version: Linux 6.12.47+rpt-rpi-2712 #1 SMP PREEMPT Debian 1:6.12.47-1+rpt1~bookworm (2025-09-16) aarch64
[2025-11-20 10:48:38.409] [4172] [HailoRT] [info] [control.cpp:108] [control__parse_identify_results] firmware_version is: 4.20.0
[2025-11-20 10:48:38.409] [4172] [HailoRT] [info] [vdevice.cpp:651] [create] VDevice Infos: 0001:01:00.0
[2025-11-20 10:48:38.436] [4172] [HailoRT] [info] [hef.cpp:1929] [get_network_group_and_network_name] No name was given. Addressing all networks of default network_group: yolov11n
[2025-11-20 10:48:38.436] [4172] [HailoRT] [info] [hef.cpp:1929] [get_network_group_and_network_name] No name was given. Addressing all networks of default network_group: yolov11n
[2025-11-20 10:48:38.482] [4172] [HailoRT] [info] [internal_buffer_manager.cpp:204] [print_execution_results] Planned internal buffer memory: CMA memory 0, user memory 2772480. memory to edge layer usage factor is 1
[2025-11-20 10:48:38.482] [4172] [HailoRT] [info] [internal_buffer_manager.cpp:212] [print_execution_results] Default Internal buffer planner executed successfully
[2025-11-20 10:48:38.509] [4172] [HailoRT] [info] [device_internal.cpp:57] [configure] Configuring HEF took 37.891011 milliseconds
[2025-11-20 10:48:38.510] [4172] [HailoRT] [info] [vdevice.cpp:749] [configure] Configuring HEF on VDevice took 38.269975 milliseconds
[2025-11-20 10:48:38.510] [4172] [HailoRT] [info] [infer_model.cpp:436] [configure] Configuring network group 'yolov11n' with params: batch size: 2, power mode: PERFORMANCE, latency: NONE
[2025-11-20 10:48:38.510] [4172] [HailoRT] [info] [multi_io_elements.cpp:756] [create] Created (AsyncHwEl)
[2025-11-20 10:48:38.510] [4172] [HailoRT] [info] [queue_elements.cpp:450] [create] Created (EntryPushQEl0yolov11n/input_layer1 | timeout: 10s)
[2025-11-20 10:48:38.510] [4172] [HailoRT] [info] [filter_elements.cpp:101] [create] Created (PreInferEl3yolov11n/input_layer1 | Reorder - src_order: RGB4, src_shape: (640, 640, 3), dst_order: NHCW, dst_shape: (640, 640, 3))
[2025-11-20 10:48:38.510] [4172] [HailoRT] [info] [queue_elements.cpp:450] [create] Created (PushQEl3yolov11n/input_layer1 | timeout: 10s)
[2025-11-20 10:48:38.510] [4172] [HailoRT] [info] [multi_io_elements.cpp:135] [create] Created (NmsPPMuxEl0YOLOV8-Post-Process | Op YOLOV8, Name: YOLOV8-Post-Process, Score threshold: 0.300, IoU threshold: 0.45, Classes: 80, Cross classes: false, NMS results order: BY_CLASS, Max bboxes per class: 100, Image height: 640, Image width: 640)
[2025-11-20 10:48:38.510] [4172] [HailoRT] [info] [queue_elements.cpp:942] [create] Created (MultiPushQEl0YOLOV8-Post-Process | timeout: 10s)
[2025-11-20 10:48:38.510] [4172] [HailoRT] [info] [edge_elements.cpp:187] [create] Created (LastAsyncEl0NmsPPMuxEl0YOLOV8-Post-Process)
[2025-11-20 10:48:38.510] [4172] [HailoRT] [info] [pipeline.cpp:891] [print_deep_description] EntryPushQEl0yolov11n/input_layer1 | inputs: user | outputs: PreInferEl3yolov11n/input_layer1(running in thread_id: 4244)
[2025-11-20 10:48:38.510] [4172] [HailoRT] [info] [pipeline.cpp:891] [print_deep_description] PreInferEl3yolov11n/input_layer1 | inputs: EntryPushQEl0yolov11n/input_layer1[0] | outputs: PushQEl3yolov11n/input_layer1
[2025-11-20 10:48:38.510] [4172] [HailoRT] [info] [pipeline.cpp:891] [print_deep_description] PushQEl3yolov11n/input_layer1 | inputs: PreInferEl3yolov11n/input_layer1[0] | outputs: AsyncHwEl(running in thread_id: 4245)
[2025-11-20 10:48:38.510] [4172] [HailoRT] [info] [pipeline.cpp:891] [print_deep_description] AsyncHwEl | inputs: PushQEl3yolov11n/input_layer1[0] | outputs: MultiPushQEl0YOLOV8-Post-Process MultiPushQEl0YOLOV8-Post-Process MultiPushQEl0YOLOV8-Post-Process MultiPushQEl0YOLOV8-Post-Process MultiPushQEl0YOLOV8-Post-Process MultiPushQEl0YOLOV8-Post-Process
[2025-11-20 10:48:38.510] [4172] [HailoRT] [info] [pipeline.cpp:891] [print_deep_description] MultiPushQEl0YOLOV8-Post-Process | inputs: AsyncHwEl[0] AsyncHwEl[1] AsyncHwEl[2] AsyncHwEl[3] AsyncHwEl[4] AsyncHwEl[5] | outputs: NmsPPMuxEl0YOLOV8-Post-Process(running in thread_id: 4246)
[2025-11-20 10:48:38.510] [4172] [HailoRT] [info] [pipeline.cpp:891] [print_deep_description] NmsPPMuxEl0YOLOV8-Post-Process | inputs: MultiPushQEl0YOLOV8-Post-Process[0] | outputs: LastAsyncEl0NmsPPMuxEl0YOLOV8-Post-Process
[2025-11-20 10:48:38.510] [4172] [HailoRT] [info] [pipeline.cpp:891] [print_deep_description] LastAsyncEl0NmsPPMuxEl0YOLOV8-Post-Process | inputs: NmsPPMuxEl0YOLOV8-Post-Process[0] | outputs: user
[2025-11-20 10:48:39.290] [4231] [HailoRT] [info] [hef.cpp:1929] [get_network_group_and_network_name] No name was given. Addressing all networks of default network_group: yolov11n
[2025-11-20 10:49:44.674] [4416] [HailoRT] [info] [device.cpp:49] [Device] OS Version: Linux 6.12.47+rpt-rpi-2712 #1 SMP PREEMPT Debian 1:6.12.47-1+rpt1~bookworm (2025-09-16) aarch64
[2025-11-20 10:49:44.676] [4416] [HailoRT] [info] [control.cpp:108] [control__parse_identify_results] firmware_version is: 4.20.0
[2025-11-20 10:49:44.677] [4416] [HailoRT] [info] [control.cpp:108] [control__parse_identify_results] firmware_version is: 4.20.0
[2025-11-20 10:49:44.728] [4427] [HailoRT] [info] [device.cpp:49] [Device] OS Version: Linux 6.12.47+rpt-rpi-2712 #1 SMP PREEMPT Debian 1:6.12.47-1+rpt1~bookworm (2025-09-16) aarch64
[2025-11-20 10:49:44.729] [4427] [HailoRT] [info] [control.cpp:108] [control__parse_identify_results] firmware_version is: 4.20.0
[2025-11-20 10:49:44.730] [4427] [HailoRT] [info] [control.cpp:108] [control__parse_identify_results] firmware_version is: 4.20.0
[2025-11-20 10:49:44.813] [4401] [HailoRT] [info] [vdevice.cpp:523] [create] Creating vdevice with params: device_count: 1, scheduling_algorithm: ROUND_ROBIN, multi_process_service: false
[2025-11-20 10:49:44.824] [4401] [HailoRT] [info] [device.cpp:49] [Device] OS Version: Linux 6.12.47+rpt-rpi-2712 #1 SMP PREEMPT Debian 1:6.12.47-1+rpt1~bookworm (2025-09-16) aarch64
[2025-11-20 10:49:44.825] [4401] [HailoRT] [info] [control.cpp:108] [control__parse_identify_results] firmware_version is: 4.20.0
[2025-11-20 10:49:44.825] [4401] [HailoRT] [info] [vdevice.cpp:651] [create] VDevice Infos: 0001:01:00.0
[2025-11-20 10:49:44.852] [4401] [HailoRT] [info] [hef.cpp:1929] [get_network_group_and_network_name] No name was given. Addressing all networks of default network_group: yolov11n
[2025-11-20 10:49:44.852] [4401] [HailoRT] [info] [hef.cpp:1929] [get_network_group_and_network_name] No name was given. Addressing all networks of default network_group: yolov11n
[2025-11-20 10:49:44.941] [4401] [HailoRT] [info] [internal_buffer_manager.cpp:204] [print_execution_results] Planned internal buffer memory: CMA memory 0, user memory 2772480. memory to edge layer usage factor is 1
[2025-11-20 10:49:44.941] [4401] [HailoRT] [info] [internal_buffer_manager.cpp:212] [print_execution_results] Default Internal buffer planner executed successfully
[2025-11-20 10:49:44.956] [4401] [HailoRT] [info] [device_internal.cpp:57] [configure] Configuring HEF took 27.337582 milliseconds
[2025-11-20 10:49:44.956] [4401] [HailoRT] [info] [vdevice.cpp:749] [configure] Configuring HEF on VDevice took 27.659102 milliseconds
[2025-11-20 10:49:44.956] [4401] [HailoRT] [info] [infer_model.cpp:436] [configure] Configuring network group 'yolov11n' with params: batch size: 2, power mode: PERFORMANCE, latency: NONE
[2025-11-20 10:49:44.956] [4401] [HailoRT] [info] [multi_io_elements.cpp:756] [create] Created (AsyncHwEl)
[2025-11-20 10:49:44.956] [4401] [HailoRT] [info] [queue_elements.cpp:450] [create] Created (EntryPushQEl0yolov11n/input_layer1 | timeout: 10s)
[2025-11-20 10:49:44.956] [4401] [HailoRT] [info] [filter_elements.cpp:101] [create] Created (PreInferEl3yolov11n/input_layer1 | Reorder - src_order: RGB4, src_shape: (640, 640, 3), dst_order: NHCW, dst_shape: (640, 640, 3))
[2025-11-20 10:49:44.956] [4401] [HailoRT] [info] [queue_elements.cpp:450] [create] Created (PushQEl3yolov11n/input_layer1 | timeout: 10s)
[2025-11-20 10:49:44.957] [4401] [HailoRT] [info] [multi_io_elements.cpp:135] [create] Created (NmsPPMuxEl0YOLOV8-Post-Process | Op YOLOV8, Name: YOLOV8-Post-Process, Score threshold: 0.300, IoU threshold: 0.45, Classes: 80, Cross classes: false, NMS results order: BY_CLASS, Max bboxes per class: 100, Image height: 640, Image width: 640)
[2025-11-20 10:49:44.957] [4401] [HailoRT] [info] [queue_elements.cpp:942] [create] Created (MultiPushQEl0YOLOV8-Post-Process | timeout: 10s)
[2025-11-20 10:49:44.957] [4401] [HailoRT] [info] [edge_elements.cpp:187] [create] Created (LastAsyncEl0NmsPPMuxEl0YOLOV8-Post-Process)
[2025-11-20 10:49:44.957] [4401] [HailoRT] [info] [pipeline.cpp:891] [print_deep_description] EntryPushQEl0yolov11n/input_layer1 | inputs: user | outputs: PreInferEl3yolov11n/input_layer1(running in thread_id: 4473)
[2025-11-20 10:49:44.957] [4401] [HailoRT] [info] [pipeline.cpp:891] [print_deep_description] PreInferEl3yolov11n/input_layer1 | inputs: EntryPushQEl0yolov11n/input_layer1[0] | outputs: PushQEl3yolov11n/input_layer1
[2025-11-20 10:49:44.957] [4401] [HailoRT] [info] [pipeline.cpp:891] [print_deep_description] PushQEl3yolov11n/input_layer1 | inputs: PreInferEl3yolov11n/input_layer1[0] | outputs: AsyncHwEl(running in thread_id: 4474)
[2025-11-20 10:49:44.957] [4401] [HailoRT] [info] [pipeline.cpp:891] [print_deep_description] AsyncHwEl | inputs: PushQEl3yolov11n/input_layer1[0] | outputs: MultiPushQEl0YOLOV8-Post-Process MultiPushQEl0YOLOV8-Post-Process MultiPushQEl0YOLOV8-Post-Process MultiPushQEl0YOLOV8-Post-Process MultiPushQEl0YOLOV8-Post-Process MultiPushQEl0YOLOV8-Post-Process
[2025-11-20 10:49:44.957] [4401] [HailoRT] [info] [pipeline.cpp:891] [print_deep_description] MultiPushQEl0YOLOV8-Post-Process | inputs: AsyncHwEl[0] AsyncHwEl[1] AsyncHwEl[2] AsyncHwEl[3] AsyncHwEl[4] AsyncHwEl[5] | outputs: NmsPPMuxEl0YOLOV8-Post-Process(running in thread_id: 4475)
[2025-11-20 10:49:44.957] [4401] [HailoRT] [info] [pipeline.cpp:891] [print_deep_description] NmsPPMuxEl0YOLOV8-Post-Process | inputs: MultiPushQEl0YOLOV8-Post-Process[0] | outputs: LastAsyncEl0NmsPPMuxEl0YOLOV8-Post-Process
[2025-11-20 10:49:44.957] [4401] [HailoRT] [info] [pipeline.cpp:891] [print_deep_description] LastAsyncEl0NmsPPMuxEl0YOLOV8-Post-Process | inputs: NmsPPMuxEl0YOLOV8-Post-Process[0] | outputs: user
[2025-11-20 10:49:45.732] [4464] [HailoRT] [info] [hef.cpp:1929] [get_network_group_and_network_name] No name was given. Addressing all networks of default network_group: yolov11n
[2025-11-20 11:08:04.197] [2090] [HailoRT] [info] [device.cpp:49] [Device] OS Version: Linux 6.12.47+rpt-rpi-2712 #1 SMP PREEMPT Debian 1:6.12.47-1+rpt1~bookworm (2025-09-16) aarch64
[2025-11-20 11:08:04.198] [2090] [HailoRT] [info] [control.cpp:108] [control__parse_identify_results] firmware_version is: 4.20.0
[2025-11-20 11:08:04.199] [2090] [HailoRT] [info] [control.cpp:108] [control__parse_identify_results] firmware_version is: 4.20.0
[2025-11-20 11:08:04.249] [2101] [HailoRT] [info] [device.cpp:49] [Device] OS Version: Linux 6.12.47+rpt-rpi-2712 #1 SMP PREEMPT Debian 1:6.12.47-1+rpt1~bookworm (2025-09-16) aarch64
[2025-11-20 11:08:04.251] [2101] [HailoRT] [info] [control.cpp:108] [control__parse_identify_results] firmware_version is: 4.20.0
[2025-11-20 11:08:04.252] [2101] [HailoRT] [info] [control.cpp:108] [control__parse_identify_results] firmware_version is: 4.20.0
[2025-11-20 11:08:04.616] [2075] [HailoRT] [info] [vdevice.cpp:523] [create] Creating vdevice with params: device_count: 1, scheduling_algorithm: ROUND_ROBIN, multi_process_service: false
[2025-11-20 11:08:04.638] [2075] [HailoRT] [info] [device.cpp:49] [Device] OS Version: Linux 6.12.47+rpt-rpi-2712 #1 SMP PREEMPT Debian 1:6.12.47-1+rpt1~bookworm (2025-09-16) aarch64
[2025-11-20 11:08:04.639] [2075] [HailoRT] [info] [control.cpp:108] [control__parse_identify_results] firmware_version is: 4.20.0
[2025-11-20 11:08:04.641] [2075] [HailoRT] [info] [vdevice.cpp:651] [create] VDevice Infos: 0001:01:00.0
[2025-11-20 11:08:04.768] [2075] [HailoRT] [info] [hef.cpp:1929] [get_network_group_and_network_name] No name was given. Addressing all networks of default network_group: yolov11n
[2025-11-20 11:08:04.768] [2075] [HailoRT] [info] [hef.cpp:1929] [get_network_group_and_network_name] No name was given. Addressing all networks of default network_group: yolov11n
[2025-11-20 11:08:04.873] [2075] [HailoRT] [info] [internal_buffer_manager.cpp:204] [print_execution_results] Planned internal buffer memory: CMA memory 0, user memory 2772480. memory to edge layer usage factor is 1
[2025-11-20 11:08:04.873] [2075] [HailoRT] [info] [internal_buffer_manager.cpp:212] [print_execution_results] Default Internal buffer planner executed successfully
[2025-11-20 11:08:04.888] [2075] [HailoRT] [info] [device_internal.cpp:57] [configure] Configuring HEF took 23.067572 milliseconds
[2025-11-20 11:08:04.888] [2075] [HailoRT] [info] [vdevice.cpp:749] [configure] Configuring HEF on VDevice took 23.794216 milliseconds
[2025-11-20 11:08:04.888] [2075] [HailoRT] [info] [infer_model.cpp:436] [configure] Configuring network group 'yolov11n' with params: batch size: 2, power mode: PERFORMANCE, latency: NONE
[2025-11-20 11:08:04.893] [2075] [HailoRT] [info] [multi_io_elements.cpp:756] [create] Created (AsyncHwEl)
[2025-11-20 11:08:04.894] [2075] [HailoRT] [info] [queue_elements.cpp:450] [create] Created (EntryPushQEl0yolov11n/input_layer1 | timeout: 10s)
[2025-11-20 11:08:04.894] [2075] [HailoRT] [info] [filter_elements.cpp:101] [create] Created (PreInferEl3yolov11n/input_layer1 | Reorder - src_order: RGB4, src_shape: (640, 640, 3), dst_order: NHCW, dst_shape: (640, 640, 3))
[2025-11-20 11:08:04.894] [2075] [HailoRT] [info] [queue_elements.cpp:450] [create] Created (PushQEl3yolov11n/input_layer1 | timeout: 10s)
[2025-11-20 11:08:04.894] [2075] [HailoRT] [info] [multi_io_elements.cpp:135] [create] Created (NmsPPMuxEl0YOLOV8-Post-Process | Op YOLOV8, Name: YOLOV8-Post-Process, Score threshold: 0.300, IoU threshold: 0.45, Classes: 80, Cross classes: false, NMS results order: BY_CLASS, Max bboxes per class: 100, Image height: 640, Image width: 640)
[2025-11-20 11:08:04.894] [2075] [HailoRT] [info] [queue_elements.cpp:942] [create] Created (MultiPushQEl0YOLOV8-Post-Process | timeout: 10s)
[2025-11-20 11:08:04.894] [2075] [HailoRT] [info] [edge_elements.cpp:187] [create] Created (LastAsyncEl0NmsPPMuxEl0YOLOV8-Post-Process)
[2025-11-20 11:08:04.894] [2075] [HailoRT] [info] [pipeline.cpp:891] [print_deep_description] EntryPushQEl0yolov11n/input_layer1 | inputs: user | outputs: PreInferEl3yolov11n/input_layer1(running in thread_id: 2151)
[2025-11-20 11:08:04.895] [2075] [HailoRT] [info] [pipeline.cpp:891] [print_deep_description] PreInferEl3yolov11n/input_layer1 | inputs: EntryPushQEl0yolov11n/input_layer1[0] | outputs: PushQEl3yolov11n/input_layer1
[2025-11-20 11:08:04.895] [2075] [HailoRT] [info] [pipeline.cpp:891] [print_deep_description] PushQEl3yolov11n/input_layer1 | inputs: PreInferEl3yolov11n/input_layer1[0] | outputs: AsyncHwEl(running in thread_id: 2152)
[2025-11-20 11:08:04.895] [2075] [HailoRT] [info] [pipeline.cpp:891] [print_deep_description] AsyncHwEl | inputs: PushQEl3yolov11n/input_layer1[0] | outputs: MultiPushQEl0YOLOV8-Post-Process MultiPushQEl0YOLOV8-Post-Process MultiPushQEl0YOLOV8-Post-Process MultiPushQEl0YOLOV8-Post-Process MultiPushQEl0YOLOV8-Post-Process MultiPushQEl0YOLOV8-Post-Process
[2025-11-20 11:08:04.895] [2075] [HailoRT] [info] [pipeline.cpp:891] [print_deep_description] MultiPushQEl0YOLOV8-Post-Process | inputs: AsyncHwEl[0] AsyncHwEl[1] AsyncHwEl[2] AsyncHwEl[3] AsyncHwEl[4] AsyncHwEl[5] | outputs: NmsPPMuxEl0YOLOV8-Post-Process(running in thread_id: 2153)
[2025-11-20 11:08:04.895] [2075] [HailoRT] [info] [pipeline.cpp:891] [print_deep_description] NmsPPMuxEl0YOLOV8-Post-Process | inputs: MultiPushQEl0YOLOV8-Post-Process[0] | outputs: LastAsyncEl0NmsPPMuxEl0YOLOV8-Post-Process
[2025-11-20 11:08:04.895] [2075] [HailoRT] [info] [pipeline.cpp:891] [print_deep_description] LastAsyncEl0NmsPPMuxEl0YOLOV8-Post-Process | inputs: NmsPPMuxEl0YOLOV8-Post-Process[0] | outputs: user
[2025-11-20 11:08:05.646] [2142] [HailoRT] [info] [hef.cpp:1929] [get_network_group_and_network_name] No name was given. Addressing all networks of default network_group: yolov11n
[2025-11-20 11:12:02.401] [2599] [HailoRT] [info] [device.cpp:49] [Device] OS Version: Linux 6.12.47+rpt-rpi-2712 #1 SMP PREEMPT Debian 1:6.12.47-1+rpt1~bookworm (2025-09-16) aarch64
[2025-11-20 11:12:02.403] [2599] [HailoRT] [info] [control.cpp:108] [control__parse_identify_results] firmware_version is: 4.20.0
[2025-11-20 11:12:02.404] [2599] [HailoRT] [info] [control.cpp:108] [control__parse_identify_results] firmware_version is: 4.20.0
[2025-11-20 11:12:02.449] [2610] [HailoRT] [info] [device.cpp:49] [Device] OS Version: Linux 6.12.47+rpt-rpi-2712 #1 SMP PREEMPT Debian 1:6.12.47-1+rpt1~bookworm (2025-09-16) aarch64
[2025-11-20 11:12:02.451] [2610] [HailoRT] [info] [control.cpp:108] [control__parse_identify_results] firmware_version is: 4.20.0
[2025-11-20 11:12:02.452] [2610] [HailoRT] [info] [control.cpp:108] [control__parse_identify_results] firmware_version is: 4.20.0
[2025-11-20 11:12:02.537] [2584] [HailoRT] [info] [vdevice.cpp:523] [create] Creating vdevice with params: device_count: 1, scheduling_algorithm: ROUND_ROBIN, multi_process_service: false
[2025-11-20 11:12:02.549] [2584] [HailoRT] [info] [device.cpp:49] [Device] OS Version: Linux 6.12.47+rpt-rpi-2712 #1 SMP PREEMPT Debian 1:6.12.47-1+rpt1~bookworm (2025-09-16) aarch64
[2025-11-20 11:12:02.551] [2584] [HailoRT] [info] [control.cpp:108] [control__parse_identify_results] firmware_version is: 4.20.0
[2025-11-20 11:12:02.551] [2584] [HailoRT] [info] [vdevice.cpp:651] [create] VDevice Infos: 0001:01:00.0
[2025-11-20 11:12:02.577] [2584] [HailoRT] [info] [hef.cpp:1929] [get_network_group_and_network_name] No name was given. Addressing all networks of default network_group: yolov11n
[2025-11-20 11:12:02.577] [2584] [HailoRT] [info] [hef.cpp:1929] [get_network_group_and_network_name] No name was given. Addressing all networks of default network_group: yolov11n
[2025-11-20 11:12:02.620] [2584] [HailoRT] [info] [internal_buffer_manager.cpp:204] [print_execution_results] Planned internal buffer memory: CMA memory 0, user memory 2772480. memory to edge layer usage factor is 1
[2025-11-20 11:12:02.620] [2584] [HailoRT] [info] [internal_buffer_manager.cpp:212] [print_execution_results] Default Internal buffer planner executed successfully
[2025-11-20 11:12:02.648] [2584] [HailoRT] [info] [device_internal.cpp:57] [configure] Configuring HEF took 37.698849 milliseconds
[2025-11-20 11:12:02.648] [2584] [HailoRT] [info] [vdevice.cpp:749] [configure] Configuring HEF on VDevice took 38.047443 milliseconds
[2025-11-20 11:12:02.648] [2584] [HailoRT] [info] [infer_model.cpp:436] [configure] Configuring network group 'yolov11n' with params: batch size: 2, power mode: PERFORMANCE, latency: NONE
[2025-11-20 11:12:02.648] [2584] [HailoRT] [info] [multi_io_elements.cpp:756] [create] Created (AsyncHwEl)
[2025-11-20 11:12:02.649] [2584] [HailoRT] [info] [queue_elements.cpp:450] [create] Created (EntryPushQEl0yolov11n/input_layer1 | timeout: 10s)
[2025-11-20 11:12:02.649] [2584] [HailoRT] [info] [filter_elements.cpp:101] [create] Created (PreInferEl3yolov11n/input_layer1 | Reorder - src_order: RGB4, src_shape: (640, 640, 3), dst_order: NHCW, dst_shape: (640, 640, 3))
[2025-11-20 11:12:02.649] [2584] [HailoRT] [info] [queue_elements.cpp:450] [create] Created (PushQEl3yolov11n/input_layer1 | timeout: 10s)
[2025-11-20 11:12:02.649] [2584] [HailoRT] [info] [multi_io_elements.cpp:135] [create] Created (NmsPPMuxEl0YOLOV8-Post-Process | Op YOLOV8, Name: YOLOV8-Post-Process, Score threshold: 0.300, IoU threshold: 0.45, Classes: 80, Cross classes: false, NMS results order: BY_CLASS, Max bboxes per class: 100, Image height: 640, Image width: 640)
[2025-11-20 11:12:02.650] [2584] [HailoRT] [info] [queue_elements.cpp:942] [create] Created (MultiPushQEl0YOLOV8-Post-Process | timeout: 10s)
[2025-11-20 11:12:02.650] [2584] [HailoRT] [info] [edge_elements.cpp:187] [create] Created (LastAsyncEl0NmsPPMuxEl0YOLOV8-Post-Process)
[2025-11-20 11:12:02.650] [2584] [HailoRT] [info] [pipeline.cpp:891] [print_deep_description] EntryPushQEl0yolov11n/input_layer1 | inputs: user | outputs: PreInferEl3yolov11n/input_layer1(running in thread_id: 2656)
[2025-11-20 11:12:02.650] [2584] [HailoRT] [info] [pipeline.cpp:891] [print_deep_description] PreInferEl3yolov11n/input_layer1 | inputs: EntryPushQEl0yolov11n/input_layer1[0] | outputs: PushQEl3yolov11n/input_layer1
[2025-11-20 11:12:02.650] [2584] [HailoRT] [info] [pipeline.cpp:891] [print_deep_description] PushQEl3yolov11n/input_layer1 | inputs: PreInferEl3yolov11n/input_layer1[0] | outputs: AsyncHwEl(running in thread_id: 2657)
[2025-11-20 11:12:02.650] [2584] [HailoRT] [info] [pipeline.cpp:891] [print_deep_description] AsyncHwEl | inputs: PushQEl3yolov11n/input_layer1[0] | outputs: MultiPushQEl0YOLOV8-Post-Process MultiPushQEl0YOLOV8-Post-Process MultiPushQEl0YOLOV8-Post-Process MultiPushQEl0YOLOV8-Post-Process MultiPushQEl0YOLOV8-Post-Process MultiPushQEl0YOLOV8-Post-Process
[2025-11-20 11:12:02.652] [2584] [HailoRT] [info] [pipeline.cpp:891] [print_deep_description] MultiPushQEl0YOLOV8-Post-Process | inputs: AsyncHwEl[0] AsyncHwEl[1] AsyncHwEl[2] AsyncHwEl[3] AsyncHwEl[4] AsyncHwEl[5] | outputs: NmsPPMuxEl0YOLOV8-Post-Process(running in thread_id: 2658)
[2025-11-20 11:12:02.652] [2584] [HailoRT] [info] [pipeline.cpp:891] [print_deep_description] NmsPPMuxEl0YOLOV8-Post-Process | inputs: MultiPushQEl0YOLOV8-Post-Process[0] | outputs: LastAsyncEl0NmsPPMuxEl0YOLOV8-Post-Process
[2025-11-20 11:12:02.652] [2584] [HailoRT] [info] [pipeline.cpp:891] [print_deep_description] LastAsyncEl0NmsPPMuxEl0YOLOV8-Post-Process | inputs: NmsPPMuxEl0YOLOV8-Post-Process[0] | outputs: user
[2025-11-20 11:12:03.452] [2643] [HailoRT] [info] [hef.cpp:1929] [get_network_group_and_network_name] No name was given. Addressing all networks of default network_group: yolov11n
[2025-11-20 11:14:28.737] [2832] [HailoRT] [info] [device.cpp:49] [Device] OS Version: Linux 6.12.47+rpt-rpi-2712 #1 SMP PREEMPT Debian 1:6.12.47-1+rpt1~bookworm (2025-09-16) aarch64
[2025-11-20 11:14:28.739] [2832] [HailoRT] [info] [control.cpp:108] [control__parse_identify_results] firmware_version is: 4.20.0
[2025-11-20 11:14:28.740] [2832] [HailoRT] [info] [control.cpp:108] [control__parse_identify_results] firmware_version is: 4.20.0
[2025-11-20 11:14:28.801] [2843] [HailoRT] [info] [device.cpp:49] [Device] OS Version: Linux 6.12.47+rpt-rpi-2712 #1 SMP PREEMPT Debian 1:6.12.47-1+rpt1~bookworm (2025-09-16) aarch64
[2025-11-20 11:14:28.803] [2843] [HailoRT] [info] [control.cpp:108] [control__parse_identify_results] firmware_version is: 4.20.0
[2025-11-20 11:14:28.804] [2843] [HailoRT] [info] [control.cpp:108] [control__parse_identify_results] firmware_version is: 4.20.0
[2025-11-20 11:14:28.881] [2817] [HailoRT] [info] [vdevice.cpp:523] [create] Creating vdevice with params: device_count: 1, scheduling_algorithm: ROUND_ROBIN, multi_process_service: false
[2025-11-20 11:14:28.893] [2817] [HailoRT] [info] [device.cpp:49] [Device] OS Version: Linux 6.12.47+rpt-rpi-2712 #1 SMP PREEMPT Debian 1:6.12.47-1+rpt1~bookworm (2025-09-16) aarch64
[2025-11-20 11:14:28.895] [2817] [HailoRT] [info] [control.cpp:108] [control__parse_identify_results] firmware_version is: 4.20.0
[2025-11-20 11:14:28.895] [2817] [HailoRT] [info] [vdevice.cpp:651] [create] VDevice Infos: 0001:01:00.0
[2025-11-20 11:14:28.921] [2817] [HailoRT] [info] [hef.cpp:1929] [get_network_group_and_network_name] No name was given. Addressing all networks of default network_group: yolov11n
[2025-11-20 11:14:28.921] [2817] [HailoRT] [info] [hef.cpp:1929] [get_network_group_and_network_name] No name was given. Addressing all networks of default network_group: yolov11n
[2025-11-20 11:14:28.966] [2817] [HailoRT] [info] [internal_buffer_manager.cpp:204] [print_execution_results] Planned internal buffer memory: CMA memory 0, user memory 2772480. memory to edge layer usage factor is 1
[2025-11-20 11:14:28.966] [2817] [HailoRT] [info] [internal_buffer_manager.cpp:212] [print_execution_results] Default Internal buffer planner executed successfully
[2025-11-20 11:14:28.999] [2817] [HailoRT] [info] [device_internal.cpp:57] [configure] Configuring HEF took 43.316573 milliseconds
[2025-11-20 11:14:28.999] [2817] [HailoRT] [info] [vdevice.cpp:749] [configure] Configuring HEF on VDevice took 43.70672 milliseconds
[2025-11-20 11:14:28.999] [2817] [HailoRT] [info] [infer_model.cpp:436] [configure] Configuring network group 'yolov11n' with params: batch size: 2, power mode: PERFORMANCE, latency: NONE
[2025-11-20 11:14:28.999] [2817] [HailoRT] [info] [multi_io_elements.cpp:756] [create] Created (AsyncHwEl)
[2025-11-20 11:14:28.999] [2817] [HailoRT] [info] [queue_elements.cpp:450] [create] Created (EntryPushQEl0yolov11n/input_layer1 | timeout: 10s)
[2025-11-20 11:14:28.999] [2817] [HailoRT] [info] [filter_elements.cpp:101] [create] Created (PreInferEl3yolov11n/input_layer1 | Reorder - src_order: RGB4, src_shape: (640, 640, 3), dst_order: NHCW, dst_shape: (640, 640, 3))
[2025-11-20 11:14:28.999] [2817] [HailoRT] [info] [queue_elements.cpp:450] [create] Created (PushQEl3yolov11n/input_layer1 | timeout: 10s)
[2025-11-20 11:14:28.999] [2817] [HailoRT] [info] [multi_io_elements.cpp:135] [create] Created (NmsPPMuxEl0YOLOV8-Post-Process | Op YOLOV8, Name: YOLOV8-Post-Process, Score threshold: 0.300, IoU threshold: 0.45, Classes: 80, Cross classes: false, NMS results order: BY_CLASS, Max bboxes per class: 100, Image height: 640, Image width: 640)
[2025-11-20 11:14:29.000] [2817] [HailoRT] [info] [queue_elements.cpp:942] [create] Created (MultiPushQEl0YOLOV8-Post-Process | timeout: 10s)
[2025-11-20 11:14:29.000] [2817] [HailoRT] [info] [edge_elements.cpp:187] [create] Created (LastAsyncEl0NmsPPMuxEl0YOLOV8-Post-Process)
[2025-11-20 11:14:29.000] [2817] [HailoRT] [info] [pipeline.cpp:891] [print_deep_description] EntryPushQEl0yolov11n/input_layer1 | inputs: user | outputs: PreInferEl3yolov11n/input_layer1(running in thread_id: 2890)
[2025-11-20 11:14:29.000] [2817] [HailoRT] [info] [pipeline.cpp:891] [print_deep_description] PreInferEl3yolov11n/input_layer1 | inputs: EntryPushQEl0yolov11n/input_layer1[0] | outputs: PushQEl3yolov11n/input_layer1
[2025-11-20 11:14:29.000] [2817] [HailoRT] [info] [pipeline.cpp:891] [print_deep_description] PushQEl3yolov11n/input_layer1 | inputs: PreInferEl3yolov11n/input_layer1[0] | outputs: AsyncHwEl(running in thread_id: 2891)
[2025-11-20 11:14:29.000] [2817] [HailoRT] [info] [pipeline.cpp:891] [print_deep_description] AsyncHwEl | inputs: PushQEl3yolov11n/input_layer1[0] | outputs: MultiPushQEl0YOLOV8-Post-Process MultiPushQEl0YOLOV8-Post-Process MultiPushQEl0YOLOV8-Post-Process MultiPushQEl0YOLOV8-Post-Process MultiPushQEl0YOLOV8-Post-Process MultiPushQEl0YOLOV8-Post-Process
[2025-11-20 11:14:29.000] [2817] [HailoRT] [info] [pipeline.cpp:891] [print_deep_description] MultiPushQEl0YOLOV8-Post-Process | inputs: AsyncHwEl[0] AsyncHwEl[1] AsyncHwEl[2] AsyncHwEl[3] AsyncHwEl[4] AsyncHwEl[5] | outputs: NmsPPMuxEl0YOLOV8-Post-Process(running in thread_id: 2892)
[2025-11-20 11:14:29.000] [2817] [HailoRT] [info] [pipeline.cpp:891] [print_deep_description] NmsPPMuxEl0YOLOV8-Post-Process | inputs: MultiPushQEl0YOLOV8-Post-Process[0] | outputs: LastAsyncEl0NmsPPMuxEl0YOLOV8-Post-Process
[2025-11-20 11:14:29.000] [2817] [HailoRT] [info] [pipeline.cpp:891] [print_deep_description] LastAsyncEl0NmsPPMuxEl0YOLOV8-Post-Process | inputs: NmsPPMuxEl0YOLOV8-Post-Process[0] | outputs: user
[2025-11-20 11:14:29.785] [2876] [HailoRT] [info] [hef.cpp:1929] [get_network_group_and_network_name] No name was given. Addressing all networks of default network_group: yolov11n
[2025-11-20 11:15:54.152] [3056] [HailoRT] [info] [device.cpp:49] [Device] OS Version: Linux 6.12.47+rpt-rpi-2712 #1 SMP PREEMPT Debian 1:6.12.47-1+rpt1~bookworm (2025-09-16) aarch64
[2025-11-20 11:15:54.154] [3056] [HailoRT] [info] [control.cpp:108] [control__parse_identify_results] firmware_version is: 4.20.0
[2025-11-20 11:15:54.155] [3056] [HailoRT] [info] [control.cpp:108] [control__parse_identify_results] firmware_version is: 4.20.0
[2025-11-20 11:15:54.201] [3067] [HailoRT] [info] [device.cpp:49] [Device] OS Version: Linux 6.12.47+rpt-rpi-2712 #1 SMP PREEMPT Debian 1:6.12.47-1+rpt1~bookworm (2025-09-16) aarch64
[2025-11-20 11:15:54.203] [3067] [HailoRT] [info] [control.cpp:108] [control__parse_identify_results] firmware_version is: 4.20.0
[2025-11-20 11:15:54.204] [3067] [HailoRT] [info] [control.cpp:108] [control__parse_identify_results] firmware_version is: 4.20.0
[2025-11-20 11:15:54.281] [3041] [HailoRT] [info] [vdevice.cpp:523] [create] Creating vdevice with params: device_count: 1, scheduling_algorithm: ROUND_ROBIN, multi_process_service: false
[2025-11-20 11:15:54.293] [3041] [HailoRT] [info] [device.cpp:49] [Device] OS Version: Linux 6.12.47+rpt-rpi-2712 #1 SMP PREEMPT Debian 1:6.12.47-1+rpt1~bookworm (2025-09-16) aarch64
[2025-11-20 11:15:54.295] [3041] [HailoRT] [info] [control.cpp:108] [control__parse_identify_results] firmware_version is: 4.20.0
[2025-11-20 11:15:54.295] [3041] [HailoRT] [info] [vdevice.cpp:651] [create] VDevice Infos: 0001:01:00.0
[2025-11-20 11:15:54.322] [3041] [HailoRT] [info] [hef.cpp:1929] [get_network_group_and_network_name] No name was given. Addressing all networks of default network_group: yolov11n
[2025-11-20 11:15:54.322] [3041] [HailoRT] [info] [hef.cpp:1929] [get_network_group_and_network_name] No name was given. Addressing all networks of default network_group: yolov11n
[2025-11-20 11:15:54.370] [3041] [HailoRT] [info] [internal_buffer_manager.cpp:204] [print_execution_results] Planned internal buffer memory: CMA memory 0, user memory 2772480. memory to edge layer usage factor is 1
[2025-11-20 11:15:54.370] [3041] [HailoRT] [info] [internal_buffer_manager.cpp:212] [print_execution_results] Default Internal buffer planner executed successfully
[2025-11-20 11:15:54.393] [3041] [HailoRT] [info] [device_internal.cpp:57] [configure] Configuring HEF took 39.106692 milliseconds
[2025-11-20 11:15:54.393] [3041] [HailoRT] [info] [vdevice.cpp:749] [configure] Configuring HEF on VDevice took 39.541136 milliseconds
[2025-11-20 11:15:54.393] [3041] [HailoRT] [info] [infer_model.cpp:436] [configure] Configuring network group 'yolov11n' with params: batch size: 2, power mode: PERFORMANCE, latency: NONE
[2025-11-20 11:15:54.393] [3041] [HailoRT] [info] [multi_io_elements.cpp:756] [create] Created (AsyncHwEl)
[2025-11-20 11:15:54.393] [3041] [HailoRT] [info] [queue_elements.cpp:450] [create] Created (EntryPushQEl0yolov11n/input_layer1 | timeout: 10s)
[2025-11-20 11:15:54.393] [3041] [HailoRT] [info] [filter_elements.cpp:101] [create] Created (PreInferEl3yolov11n/input_layer1 | Reorder - src_order: RGB4, src_shape: (640, 640, 3), dst_order: NHCW, dst_shape: (640, 640, 3))
[2025-11-20 11:15:54.394] [3041] [HailoRT] [info] [queue_elements.cpp:450] [create] Created (PushQEl3yolov11n/input_layer1 | timeout: 10s)
[2025-11-20 11:15:54.394] [3041] [HailoRT] [info] [multi_io_elements.cpp:135] [create] Created (NmsPPMuxEl0YOLOV8-Post-Process | Op YOLOV8, Name: YOLOV8-Post-Process, Score threshold: 0.300, IoU threshold: 0.45, Classes: 80, Cross classes: false, NMS results order: BY_CLASS, Max bboxes per class: 100, Image height: 640, Image width: 640)
[2025-11-20 11:15:54.394] [3041] [HailoRT] [info] [queue_elements.cpp:942] [create] Created (MultiPushQEl0YOLOV8-Post-Process | timeout: 10s)
[2025-11-20 11:15:54.394] [3041] [HailoRT] [info] [edge_elements.cpp:187] [create] Created (LastAsyncEl0NmsPPMuxEl0YOLOV8-Post-Process)
[2025-11-20 11:15:54.394] [3041] [HailoRT] [info] [pipeline.cpp:891] [print_deep_description] EntryPushQEl0yolov11n/input_layer1 | inputs: user | outputs: PreInferEl3yolov11n/input_layer1(running in thread_id: 3114)
[2025-11-20 11:15:54.394] [3041] [HailoRT] [info] [pipeline.cpp:891] [print_deep_description] PreInferEl3yolov11n/input_layer1 | inputs: EntryPushQEl0yolov11n/input_layer1[0] | outputs: PushQEl3yolov11n/input_layer1
[2025-11-20 11:15:54.394] [3041] [HailoRT] [info] [pipeline.cpp:891] [print_deep_description] PushQEl3yolov11n/input_layer1 | inputs: PreInferEl3yolov11n/input_layer1[0] | outputs: AsyncHwEl(running in thread_id: 3115)
[2025-11-20 11:15:54.394] [3041] [HailoRT] [info] [pipeline.cpp:891] [print_deep_description] AsyncHwEl | inputs: PushQEl3yolov11n/input_layer1[0] | outputs: MultiPushQEl0YOLOV8-Post-Process MultiPushQEl0YOLOV8-Post-Process MultiPushQEl0YOLOV8-Post-Process MultiPushQEl0YOLOV8-Post-Process MultiPushQEl0YOLOV8-Post-Process MultiPushQEl0YOLOV8-Post-Process
[2025-11-20 11:15:54.394] [3041] [HailoRT] [info] [pipeline.cpp:891] [print_deep_description] MultiPushQEl0YOLOV8-Post-Process | inputs: AsyncHwEl[0] AsyncHwEl[1] AsyncHwEl[2] AsyncHwEl[3] AsyncHwEl[4] AsyncHwEl[5] | outputs: NmsPPMuxEl0YOLOV8-Post-Process(running in thread_id: 3116)
[2025-11-20 11:15:54.394] [3041] [HailoRT] [info] [pipeline.cpp:891] [print_deep_description] NmsPPMuxEl0YOLOV8-Post-Process | inputs: MultiPushQEl0YOLOV8-Post-Process[0] | outputs: LastAsyncEl0NmsPPMuxEl0YOLOV8-Post-Process
[2025-11-20 11:15:54.394] [3041] [HailoRT] [info] [pipeline.cpp:891] [print_deep_description] LastAsyncEl0NmsPPMuxEl0YOLOV8-Post-Process | inputs: NmsPPMuxEl0YOLOV8-Post-Process[0] | outputs: user
[2025-11-20 11:15:55.195] [3100] [HailoRT] [info] [hef.cpp:1929] [get_network_group_and_network_name] No name was given. Addressing all networks of default network_group: yolov11n
[2025-11-20 11:16:36.826] [3289] [HailoRT] [info] [device.cpp:49] [Device] OS Version: Linux 6.12.47+rpt-rpi-2712 #1 SMP PREEMPT Debian 1:6.12.47-1+rpt1~bookworm (2025-09-16) aarch64
[2025-11-20 11:16:36.828] [3289] [HailoRT] [info] [control.cpp:108] [control__parse_identify_results] firmware_version is: 4.20.0
[2025-11-20 11:16:36.829] [3289] [HailoRT] [info] [control.cpp:108] [control__parse_identify_results] firmware_version is: 4.20.0
[2025-11-20 11:16:36.884] [3300] [HailoRT] [info] [device.cpp:49] [Device] OS Version: Linux 6.12.47+rpt-rpi-2712 #1 SMP PREEMPT Debian 1:6.12.47-1+rpt1~bookworm (2025-09-16) aarch64
[2025-11-20 11:16:36.885] [3300] [HailoRT] [info] [control.cpp:108] [control__parse_identify_results] firmware_version is: 4.20.0
[2025-11-20 11:16:36.886] [3300] [HailoRT] [info] [control.cpp:108] [control__parse_identify_results] firmware_version is: 4.20.0
[2025-11-20 11:16:36.975] [3274] [HailoRT] [info] [vdevice.cpp:523] [create] Creating vdevice with params: device_count: 1, scheduling_algorithm: ROUND_ROBIN, multi_process_service: false
[2025-11-20 11:16:36.988] [3274] [HailoRT] [info] [device.cpp:49] [Device] OS Version: Linux 6.12.47+rpt-rpi-2712 #1 SMP PREEMPT Debian 1:6.12.47-1+rpt1~bookworm (2025-09-16) aarch64
[2025-11-20 11:16:36.990] [3274] [HailoRT] [info] [control.cpp:108] [control__parse_identify_results] firmware_version is: 4.20.0
[2025-11-20 11:16:36.990] [3274] [HailoRT] [info] [vdevice.cpp:651] [create] VDevice Infos: 0001:01:00.0
[2025-11-20 11:16:37.026] [3274] [HailoRT] [info] [hef.cpp:1929] [get_network_group_and_network_name] No name was given. Addressing all networks of default network_group: yolov11n
[2025-11-20 11:16:37.026] [3274] [HailoRT] [info] [hef.cpp:1929] [get_network_group_and_network_name] No name was given. Addressing all networks of default network_group: yolov11n
[2025-11-20 11:16:37.119] [3274] [HailoRT] [info] [internal_buffer_manager.cpp:204] [print_execution_results] Planned internal buffer memory: CMA memory 0, user memory 2772480. memory to edge layer usage factor is 1
[2025-11-20 11:16:37.119] [3274] [HailoRT] [info] [internal_buffer_manager.cpp:212] [print_execution_results] Default Internal buffer planner executed successfully
[2025-11-20 11:16:37.138] [3274] [HailoRT] [info] [device_internal.cpp:57] [configure] Configuring HEF took 24.820066 milliseconds
[2025-11-20 11:16:37.138] [3274] [HailoRT] [info] [vdevice.cpp:749] [configure] Configuring HEF on VDevice took 25.148898 milliseconds
[2025-11-20 11:16:37.138] [3274] [HailoRT] [info] [infer_model.cpp:436] [configure] Configuring network group 'yolov11n' with params: batch size: 2, power mode: PERFORMANCE, latency: NONE
[2025-11-20 11:16:37.138] [3274] [HailoRT] [info] [multi_io_elements.cpp:756] [create] Created (AsyncHwEl)
[2025-11-20 11:16:37.140] [3274] [HailoRT] [info] [queue_elements.cpp:450] [create] Created (EntryPushQEl0yolov11n/input_layer1 | timeout: 10s)
[2025-11-20 11:16:37.140] [3274] [HailoRT] [info] [filter_elements.cpp:101] [create] Created (PreInferEl3yolov11n/input_layer1 | Reorder - src_order: RGB4, src_shape: (640, 640, 3), dst_order: NHCW, dst_shape: (640, 640, 3))
[2025-11-20 11:16:37.141] [3274] [HailoRT] [info] [queue_elements.cpp:450] [create] Created (PushQEl3yolov11n/input_layer1 | timeout: 10s)
[2025-11-20 11:16:37.141] [3274] [HailoRT] [info] [multi_io_elements.cpp:135] [create] Created (NmsPPMuxEl0YOLOV8-Post-Process | Op YOLOV8, Name: YOLOV8-Post-Process, Score threshold: 0.300, IoU threshold: 0.45, Classes: 80, Cross classes: false, NMS results order: BY_CLASS, Max bboxes per class: 100, Image height: 640, Image width: 640)
[2025-11-20 11:16:37.141] [3274] [HailoRT] [info] [queue_elements.cpp:942] [create] Created (MultiPushQEl0YOLOV8-Post-Process | timeout: 10s)
[2025-11-20 11:16:37.141] [3274] [HailoRT] [info] [edge_elements.cpp:187] [create] Created (LastAsyncEl0NmsPPMuxEl0YOLOV8-Post-Process)
[2025-11-20 11:16:37.141] [3274] [HailoRT] [info] [pipeline.cpp:891] [print_deep_description] EntryPushQEl0yolov11n/input_layer1 | inputs: user | outputs: PreInferEl3yolov11n/input_layer1(running in thread_id: 3346)
[2025-11-20 11:16:37.141] [3274] [HailoRT] [info] [pipeline.cpp:891] [print_deep_description] PreInferEl3yolov11n/input_layer1 | inputs: EntryPushQEl0yolov11n/input_layer1[0] | outputs: PushQEl3yolov11n/input_layer1
[2025-11-20 11:16:37.141] [3274] [HailoRT] [info] [pipeline.cpp:891] [print_deep_description] PushQEl3yolov11n/input_layer1 | inputs: PreInferEl3yolov11n/input_layer1[0] | outputs: AsyncHwEl(running in thread_id: 3347)
[2025-11-20 11:16:37.141] [3274] [HailoRT] [info] [pipeline.cpp:891] [print_deep_description] AsyncHwEl | inputs: PushQEl3yolov11n/input_layer1[0] | outputs: MultiPushQEl0YOLOV8-Post-Process MultiPushQEl0YOLOV8-Post-Process MultiPushQEl0YOLOV8-Post-Process MultiPushQEl0YOLOV8-Post-Process MultiPushQEl0YOLOV8-Post-Process MultiPushQEl0YOLOV8-Post-Process
[2025-11-20 11:16:37.141] [3274] [HailoRT] [info] [pipeline.cpp:891] [print_deep_description] MultiPushQEl0YOLOV8-Post-Process | inputs: AsyncHwEl[0] AsyncHwEl[1] AsyncHwEl[2] AsyncHwEl[3] AsyncHwEl[4] AsyncHwEl[5] | outputs: NmsPPMuxEl0YOLOV8-Post-Process(running in thread_id: 3348)
[2025-11-20 11:16:37.141] [3274] [HailoRT] [info] [pipeline.cpp:891] [print_deep_description] NmsPPMuxEl0YOLOV8-Post-Process | inputs: MultiPushQEl0YOLOV8-Post-Process[0] | outputs: LastAsyncEl0NmsPPMuxEl0YOLOV8-Post-Process
[2025-11-20 11:16:37.141] [3274] [HailoRT] [info] [pipeline.cpp:891] [print_deep_description] LastAsyncEl0NmsPPMuxEl0YOLOV8-Post-Process | inputs: NmsPPMuxEl0YOLOV8-Post-Process[0] | outputs: user
[2025-11-20 11:16:37.910] [3337] [HailoRT] [info] [hef.cpp:1929] [get_network_group_and_network_name] No name was given. Addressing all networks of default network_group: yolov11n
[2025-11-20 11:18:36.673] [3528] [HailoRT] [info] [device.cpp:49] [Device] OS Version: Linux 6.12.47+rpt-rpi-2712 #1 SMP PREEMPT Debian 1:6.12.47-1+rpt1~bookworm (2025-09-16) aarch64
[2025-11-20 11:18:36.675] [3528] [HailoRT] [info] [control.cpp:108] [control__parse_identify_results] firmware_version is: 4.20.0
[2025-11-20 11:18:36.676] [3528] [HailoRT] [info] [control.cpp:108] [control__parse_identify_results] firmware_version is: 4.20.0
[2025-11-20 11:18:36.721] [3539] [HailoRT] [info] [device.cpp:49] [Device] OS Version: Linux 6.12.47+rpt-rpi-2712 #1 SMP PREEMPT Debian 1:6.12.47-1+rpt1~bookworm (2025-09-16) aarch64
[2025-11-20 11:18:36.723] [3539] [HailoRT] [info] [control.cpp:108] [control__parse_identify_results] firmware_version is: 4.20.0
[2025-11-20 11:18:36.724] [3539] [HailoRT] [info] [control.cpp:108] [control__parse_identify_results] firmware_version is: 4.20.0
[2025-11-20 11:18:36.802] [3513] [HailoRT] [info] [vdevice.cpp:523] [create] Creating vdevice with params: device_count: 1, scheduling_algorithm: ROUND_ROBIN, multi_process_service: false
[2025-11-20 11:18:36.813] [3513] [HailoRT] [info] [device.cpp:49] [Device] OS Version: Linux 6.12.47+rpt-rpi-2712 #1 SMP PREEMPT Debian 1:6.12.47-1+rpt1~bookworm (2025-09-16) aarch64
[2025-11-20 11:18:36.815] [3513] [HailoRT] [info] [control.cpp:108] [control__parse_identify_results] firmware_version is: 4.20.0
[2025-11-20 11:18:36.815] [3513] [HailoRT] [info] [vdevice.cpp:651] [create] VDevice Infos: 0001:01:00.0
[2025-11-20 11:18:36.841] [3513] [HailoRT] [info] [hef.cpp:1929] [get_network_group_and_network_name] No name was given. Addressing all networks of default network_group: yolov11n
[2025-11-20 11:18:36.841] [3513] [HailoRT] [info] [hef.cpp:1929] [get_network_group_and_network_name] No name was given. Addressing all networks of default network_group: yolov11n
[2025-11-20 11:18:36.881] [3513] [HailoRT] [info] [internal_buffer_manager.cpp:204] [print_execution_results] Planned internal buffer memory: CMA memory 0, user memory 2772480. memory to edge layer usage factor is 1
[2025-11-20 11:18:36.881] [3513] [HailoRT] [info] [internal_buffer_manager.cpp:212] [print_execution_results] Default Internal buffer planner executed successfully
[2025-11-20 11:18:36.910] [3513] [HailoRT] [info] [device_internal.cpp:57] [configure] Configuring HEF took 35.773424 milliseconds
[2025-11-20 11:18:36.910] [3513] [HailoRT] [info] [vdevice.cpp:749] [configure] Configuring HEF on VDevice took 36.147959 milliseconds
[2025-11-20 11:18:36.910] [3513] [HailoRT] [info] [infer_model.cpp:436] [configure] Configuring network group 'yolov11n' with params: batch size: 2, power mode: PERFORMANCE, latency: NONE
[2025-11-20 11:18:36.910] [3513] [HailoRT] [info] [multi_io_elements.cpp:756] [create] Created (AsyncHwEl)
[2025-11-20 11:18:36.910] [3513] [HailoRT] [info] [queue_elements.cpp:450] [create] Created (EntryPushQEl0yolov11n/input_layer1 | timeout: 10s)
[2025-11-20 11:18:36.910] [3513] [HailoRT] [info] [filter_elements.cpp:101] [create] Created (PreInferEl3yolov11n/input_layer1 | Reorder - src_order: RGB4, src_shape: (640, 640, 3), dst_order: NHCW, dst_shape: (640, 640, 3))
[2025-11-20 11:18:36.911] [3513] [HailoRT] [info] [queue_elements.cpp:450] [create] Created (PushQEl3yolov11n/input_layer1 | timeout: 10s)
[2025-11-20 11:18:36.911] [3513] [HailoRT] [info] [multi_io_elements.cpp:135] [create] Created (NmsPPMuxEl0YOLOV8-Post-Process | Op YOLOV8, Name: YOLOV8-Post-Process, Score threshold: 0.300, IoU threshold: 0.45, Classes: 80, Cross classes: false, NMS results order: BY_CLASS, Max bboxes per class: 100, Image height: 640, Image width: 640)
[2025-11-20 11:18:36.911] [3513] [HailoRT] [info] [queue_elements.cpp:942] [create] Created (MultiPushQEl0YOLOV8-Post-Process | timeout: 10s)
[2025-11-20 11:18:36.911] [3513] [HailoRT] [info] [edge_elements.cpp:187] [create] Created (LastAsyncEl0NmsPPMuxEl0YOLOV8-Post-Process)
[2025-11-20 11:18:36.911] [3513] [HailoRT] [info] [pipeline.cpp:891] [print_deep_description] EntryPushQEl0yolov11n/input_layer1 | inputs: user | outputs: PreInferEl3yolov11n/input_layer1(running in thread_id: 3585)
[2025-11-20 11:18:36.911] [3513] [HailoRT] [info] [pipeline.cpp:891] [print_deep_description] PreInferEl3yolov11n/input_layer1 | inputs: EntryPushQEl0yolov11n/input_layer1[0] | outputs: PushQEl3yolov11n/input_layer1
[2025-11-20 11:18:36.911] [3513] [HailoRT] [info] [pipeline.cpp:891] [print_deep_description] PushQEl3yolov11n/input_layer1 | inputs: PreInferEl3yolov11n/input_layer1[0] | outputs: AsyncHwEl(running in thread_id: 3586)
[2025-11-20 11:18:36.911] [3513] [HailoRT] [info] [pipeline.cpp:891] [print_deep_description] AsyncHwEl | inputs: PushQEl3yolov11n/input_layer1[0] | outputs: MultiPushQEl0YOLOV8-Post-Process MultiPushQEl0YOLOV8-Post-Process MultiPushQEl0YOLOV8-Post-Process MultiPushQEl0YOLOV8-Post-Process MultiPushQEl0YOLOV8-Post-Process MultiPushQEl0YOLOV8-Post-Process
[2025-11-20 11:18:36.911] [3513] [HailoRT] [info] [pipeline.cpp:891] [print_deep_description] MultiPushQEl0YOLOV8-Post-Process | inputs: AsyncHwEl[0] AsyncHwEl[1] AsyncHwEl[2] AsyncHwEl[3] AsyncHwEl[4] AsyncHwEl[5] | outputs: NmsPPMuxEl0YOLOV8-Post-Process(running in thread_id: 3587)
[2025-11-20 11:18:36.911] [3513] [HailoRT] [info] [pipeline.cpp:891] [print_deep_description] NmsPPMuxEl0YOLOV8-Post-Process | inputs: MultiPushQEl0YOLOV8-Post-Process[0] | outputs: LastAsyncEl0NmsPPMuxEl0YOLOV8-Post-Process
[2025-11-20 11:18:36.911] [3513] [HailoRT] [info] [pipeline.cpp:891] [print_deep_description] LastAsyncEl0NmsPPMuxEl0YOLOV8-Post-Process | inputs: NmsPPMuxEl0YOLOV8-Post-Process[0] | outputs: user
[2025-11-20 11:18:37.692] [3571] [HailoRT] [info] [hef.cpp:1929] [get_network_group_and_network_name] No name was given. Addressing all networks of default network_group: yolov11n
[2025-11-20 11:22:17.093] [3941] [HailoRT] [info] [device.cpp:49] [Device] OS Version: Linux 6.12.47+rpt-rpi-2712 #1 SMP PREEMPT Debian 1:6.12.47-1+rpt1~bookworm (2025-09-16) aarch64
[2025-11-20 11:22:17.095] [3941] [HailoRT] [info] [control.cpp:108] [control__parse_identify_results] firmware_version is: 4.20.0
[2025-11-20 11:22:17.096] [3941] [HailoRT] [info] [control.cpp:108] [control__parse_identify_results] firmware_version is: 4.20.0
[2025-11-20 11:22:17.141] [3952] [HailoRT] [info] [device.cpp:49] [Device] OS Version: Linux 6.12.47+rpt-rpi-2712 #1 SMP PREEMPT Debian 1:6.12.47-1+rpt1~bookworm (2025-09-16) aarch64
[2025-11-20 11:22:17.143] [3952] [HailoRT] [info] [control.cpp:108] [control__parse_identify_results] firmware_version is: 4.20.0
[2025-11-20 11:22:17.144] [3952] [HailoRT] [info] [control.cpp:108] [control__parse_identify_results] firmware_version is: 4.20.0
[2025-11-20 11:22:17.226] [3923] [HailoRT] [info] [vdevice.cpp:523] [create] Creating vdevice with params: device_count: 1, scheduling_algorithm: ROUND_ROBIN, multi_process_service: false
[2025-11-20 11:22:17.237] [3923] [HailoRT] [info] [device.cpp:49] [Device] OS Version: Linux 6.12.47+rpt-rpi-2712 #1 SMP PREEMPT Debian 1:6.12.47-1+rpt1~bookworm (2025-09-16) aarch64
[2025-11-20 11:22:17.239] [3923] [HailoRT] [info] [control.cpp:108] [control__parse_identify_results] firmware_version is: 4.20.0
[2025-11-20 11:22:17.239] [3923] [HailoRT] [info] [vdevice.cpp:651] [create] VDevice Infos: 0001:01:00.0
[2025-11-20 11:22:17.266] [3923] [HailoRT] [info] [hef.cpp:1929] [get_network_group_and_network_name] No name was given. Addressing all networks of default network_group: yolov11n
[2025-11-20 11:22:17.266] [3923] [HailoRT] [info] [hef.cpp:1929] [get_network_group_and_network_name] No name was given. Addressing all networks of default network_group: yolov11n
[2025-11-20 11:22:17.311] [3923] [HailoRT] [info] [internal_buffer_manager.cpp:204] [print_execution_results] Planned internal buffer memory: CMA memory 0, user memory 2772480. memory to edge layer usage factor is 1
[2025-11-20 11:22:17.311] [3923] [HailoRT] [info] [internal_buffer_manager.cpp:212] [print_execution_results] Default Internal buffer planner executed successfully
[2025-11-20 11:22:17.340] [3923] [HailoRT] [info] [device_internal.cpp:57] [configure] Configuring HEF took 39.529001 milliseconds
[2025-11-20 11:22:17.340] [3923] [HailoRT] [info] [vdevice.cpp:749] [configure] Configuring HEF on VDevice took 39.926906 milliseconds
[2025-11-20 11:22:17.340] [3923] [HailoRT] [info] [infer_model.cpp:436] [configure] Configuring network group 'yolov11n' with params: batch size: 2, power mode: PERFORMANCE, latency: NONE
[2025-11-20 11:22:17.340] [3923] [HailoRT] [info] [multi_io_elements.cpp:756] [create] Created (AsyncHwEl)
[2025-11-20 11:22:17.340] [3923] [HailoRT] [info] [queue_elements.cpp:450] [create] Created (EntryPushQEl0yolov11n/input_layer1 | timeout: 10s)
[2025-11-20 11:22:17.340] [3923] [HailoRT] [info] [filter_elements.cpp:101] [create] Created (PreInferEl3yolov11n/input_layer1 | Reorder - src_order: RGB4, src_shape: (640, 640, 3), dst_order: NHCW, dst_shape: (640, 640, 3))
[2025-11-20 11:22:17.340] [3923] [HailoRT] [info] [queue_elements.cpp:450] [create] Created (PushQEl3yolov11n/input_layer1 | timeout: 10s)
[2025-11-20 11:22:17.341] [3923] [HailoRT] [info] [multi_io_elements.cpp:135] [create] Created (NmsPPMuxEl0YOLOV8-Post-Process | Op YOLOV8, Name: YOLOV8-Post-Process, Score threshold: 0.300, IoU threshold: 0.45, Classes: 80, Cross classes: false, NMS results order: BY_CLASS, Max bboxes per class: 100, Image height: 640, Image width: 640)
[2025-11-20 11:22:17.341] [3923] [HailoRT] [info] [queue_elements.cpp:942] [create] Created (MultiPushQEl0YOLOV8-Post-Process | timeout: 10s)
[2025-11-20 11:22:17.341] [3923] [HailoRT] [info] [edge_elements.cpp:187] [create] Created (LastAsyncEl0NmsPPMuxEl0YOLOV8-Post-Process)
[2025-11-20 11:22:17.341] [3923] [HailoRT] [info] [pipeline.cpp:891] [print_deep_description] EntryPushQEl0yolov11n/input_layer1 | inputs: user | outputs: PreInferEl3yolov11n/input_layer1(running in thread_id: 3999)
[2025-11-20 11:22:17.341] [3923] [HailoRT] [info] [pipeline.cpp:891] [print_deep_description] PreInferEl3yolov11n/input_layer1 | inputs: EntryPushQEl0yolov11n/input_layer1[0] | outputs: PushQEl3yolov11n/input_layer1
[2025-11-20 11:22:17.341] [3923] [HailoRT] [info] [pipeline.cpp:891] [print_deep_description] PushQEl3yolov11n/input_layer1 | inputs: PreInferEl3yolov11n/input_layer1[0] | outputs: AsyncHwEl(running in thread_id: 4000)
[2025-11-20 11:22:17.341] [3923] [HailoRT] [info] [pipeline.cpp:891] [print_deep_description] AsyncHwEl | inputs: PushQEl3yolov11n/input_layer1[0] | outputs: MultiPushQEl0YOLOV8-Post-Process MultiPushQEl0YOLOV8-Post-Process MultiPushQEl0YOLOV8-Post-Process MultiPushQEl0YOLOV8-Post-Process MultiPushQEl0YOLOV8-Post-Process MultiPushQEl0YOLOV8-Post-Process
[2025-11-20 11:22:17.341] [3923] [HailoRT] [info] [pipeline.cpp:891] [print_deep_description] MultiPushQEl0YOLOV8-Post-Process | inputs: AsyncHwEl[0] AsyncHwEl[1] AsyncHwEl[2] AsyncHwEl[3] AsyncHwEl[4] AsyncHwEl[5] | outputs: NmsPPMuxEl0YOLOV8-Post-Process(running in thread_id: 4001)
[2025-11-20 11:22:17.341] [3923] [HailoRT] [info] [pipeline.cpp:891] [print_deep_description] NmsPPMuxEl0YOLOV8-Post-Process | inputs: MultiPushQEl0YOLOV8-Post-Process[0] | outputs: LastAsyncEl0NmsPPMuxEl0YOLOV8-Post-Process
[2025-11-20 11:22:17.341] [3923] [HailoRT] [info] [pipeline.cpp:891] [print_deep_description] LastAsyncEl0NmsPPMuxEl0YOLOV8-Post-Process | inputs: NmsPPMuxEl0YOLOV8-Post-Process[0] | outputs: user
[2025-11-20 11:22:18.143] [3985] [HailoRT] [info] [hef.cpp:1929] [get_network_group_and_network_name] No name was given. Addressing all networks of default network_group: yolov11n
[2025-11-20 11:28:52.149] [4813] [HailoRT] [info] [device.cpp:49] [Device] OS Version: Linux 6.12.47+rpt-rpi-2712 #1 SMP PREEMPT Debian 1:6.12.47-1+rpt1~bookworm (2025-09-16) aarch64
[2025-11-20 11:28:52.150] [4813] [HailoRT] [info] [control.cpp:108] [control__parse_identify_results] firmware_version is: 4.20.0
[2025-11-20 11:28:52.151] [4813] [HailoRT] [info] [control.cpp:108] [control__parse_identify_results] firmware_version is: 4.20.0
[2025-11-20 11:28:52.221] [4825] [HailoRT] [info] [device.cpp:49] [Device] OS Version: Linux 6.12.47+rpt-rpi-2712 #1 SMP PREEMPT Debian 1:6.12.47-1+rpt1~bookworm (2025-09-16) aarch64
[2025-11-20 11:28:52.223] [4825] [HailoRT] [info] [control.cpp:108] [control__parse_identify_results] firmware_version is: 4.20.0
[2025-11-20 11:28:52.224] [4825] [HailoRT] [info] [control.cpp:108] [control__parse_identify_results] firmware_version is: 4.20.0
[2025-11-20 11:28:52.294] [4798] [HailoRT] [info] [vdevice.cpp:523] [create] Creating vdevice with params: device_count: 1, scheduling_algorithm: ROUND_ROBIN, multi_process_service: false
[2025-11-20 11:28:52.305] [4798] [HailoRT] [info] [device.cpp:49] [Device] OS Version: Linux 6.12.47+rpt-rpi-2712 #1 SMP PREEMPT Debian 1:6.12.47-1+rpt1~bookworm (2025-09-16) aarch64
[2025-11-20 11:28:52.307] [4798] [HailoRT] [info] [control.cpp:108] [control__parse_identify_results] firmware_version is: 4.20.0
[2025-11-20 11:28:52.307] [4798] [HailoRT] [info] [vdevice.cpp:651] [create] VDevice Infos: 0001:01:00.0
[2025-11-20 11:28:52.333] [4798] [HailoRT] [info] [hef.cpp:1929] [get_network_group_and_network_name] No name was given. Addressing all networks of default network_group: yolov11n
[2025-11-20 11:28:52.333] [4798] [HailoRT] [info] [hef.cpp:1929] [get_network_group_and_network_name] No name was given. Addressing all networks of default network_group: yolov11n
[2025-11-20 11:28:52.375] [4798] [HailoRT] [info] [internal_buffer_manager.cpp:204] [print_execution_results] Planned internal buffer memory: CMA memory 0, user memory 2772480. memory to edge layer usage factor is 1
[2025-11-20 11:28:52.375] [4798] [HailoRT] [info] [internal_buffer_manager.cpp:212] [print_execution_results] Default Internal buffer planner executed successfully
[2025-11-20 11:28:52.399] [4798] [HailoRT] [info] [device_internal.cpp:57] [configure] Configuring HEF took 31.25456 milliseconds
[2025-11-20 11:28:52.400] [4798] [HailoRT] [info] [vdevice.cpp:749] [configure] Configuring HEF on VDevice took 31.638879 milliseconds
[2025-11-20 11:28:52.400] [4798] [HailoRT] [info] [infer_model.cpp:436] [configure] Configuring network group 'yolov11n' with params: batch size: 2, power mode: PERFORMANCE, latency: NONE
[2025-11-20 11:28:52.400] [4798] [HailoRT] [info] [multi_io_elements.cpp:756] [create] Created (AsyncHwEl)
[2025-11-20 11:28:52.400] [4798] [HailoRT] [info] [queue_elements.cpp:450] [create] Created (EntryPushQEl0yolov11n/input_layer1 | timeout: 10s)
[2025-11-20 11:28:52.400] [4798] [HailoRT] [info] [filter_elements.cpp:101] [create] Created (PreInferEl3yolov11n/input_layer1 | Reorder - src_order: RGB4, src_shape: (640, 640, 3), dst_order: NHCW, dst_shape: (640, 640, 3))
[2025-11-20 11:28:52.400] [4798] [HailoRT] [info] [queue_elements.cpp:450] [create] Created (PushQEl3yolov11n/input_layer1 | timeout: 10s)
[2025-11-20 11:28:52.400] [4798] [HailoRT] [info] [multi_io_elements.cpp:135] [create] Created (NmsPPMuxEl0YOLOV8-Post-Process | Op YOLOV8, Name: YOLOV8-Post-Process, Score threshold: 0.300, IoU threshold: 0.45, Classes: 80, Cross classes: false, NMS results order: BY_CLASS, Max bboxes per class: 100, Image height: 640, Image width: 640)
[2025-11-20 11:28:52.400] [4798] [HailoRT] [info] [queue_elements.cpp:942] [create] Created (MultiPushQEl0YOLOV8-Post-Process | timeout: 10s)
[2025-11-20 11:28:52.400] [4798] [HailoRT] [info] [edge_elements.cpp:187] [create] Created (LastAsyncEl0NmsPPMuxEl0YOLOV8-Post-Process)
[2025-11-20 11:28:52.400] [4798] [HailoRT] [info] [pipeline.cpp:891] [print_deep_description] EntryPushQEl0yolov11n/input_layer1 | inputs: user | outputs: PreInferEl3yolov11n/input_layer1(running in thread_id: 4871)
[2025-11-20 11:28:52.400] [4798] [HailoRT] [info] [pipeline.cpp:891] [print_deep_description] PreInferEl3yolov11n/input_layer1 | inputs: EntryPushQEl0yolov11n/input_layer1[0] | outputs: PushQEl3yolov11n/input_layer1
[2025-11-20 11:28:52.400] [4798] [HailoRT] [info] [pipeline.cpp:891] [print_deep_description] PushQEl3yolov11n/input_layer1 | inputs: PreInferEl3yolov11n/input_layer1[0] | outputs: AsyncHwEl(running in thread_id: 4872)
[2025-11-20 11:28:52.400] [4798] [HailoRT] [info] [pipeline.cpp:891] [print_deep_description] AsyncHwEl | inputs: PushQEl3yolov11n/input_layer1[0] | outputs: MultiPushQEl0YOLOV8-Post-Process MultiPushQEl0YOLOV8-Post-Process MultiPushQEl0YOLOV8-Post-Process MultiPushQEl0YOLOV8-Post-Process MultiPushQEl0YOLOV8-Post-Process MultiPushQEl0YOLOV8-Post-Process
[2025-11-20 11:28:52.400] [4798] [HailoRT] [info] [pipeline.cpp:891] [print_deep_description] MultiPushQEl0YOLOV8-Post-Process | inputs: AsyncHwEl[0] AsyncHwEl[1] AsyncHwEl[2] AsyncHwEl[3] AsyncHwEl[4] AsyncHwEl[5] | outputs: NmsPPMuxEl0YOLOV8-Post-Process(running in thread_id: 4873)
[2025-11-20 11:28:52.401] [4798] [HailoRT] [info] [pipeline.cpp:891] [print_deep_description] NmsPPMuxEl0YOLOV8-Post-Process | inputs: MultiPushQEl0YOLOV8-Post-Process[0] | outputs: LastAsyncEl0NmsPPMuxEl0YOLOV8-Post-Process
[2025-11-20 11:28:52.401] [4798] [HailoRT] [info] [pipeline.cpp:891] [print_deep_description] LastAsyncEl0NmsPPMuxEl0YOLOV8-Post-Process | inputs: NmsPPMuxEl0YOLOV8-Post-Process[0] | outputs: user
[2025-11-20 11:28:53.211] [4858] [HailoRT] [info] [hef.cpp:1929] [get_network_group_and_network_name] No name was given. Addressing all networks of default network_group: yolov11n
[2025-11-20 14:47:40.678] [2259] [HailoRT] [info] [device.cpp:49] [Device] OS Version: Linux 6.12.47+rpt-rpi-2712 #1 SMP PREEMPT Debian 1:6.12.47-1+rpt1~bookworm (2025-09-16) aarch64
[2025-11-20 14:47:40.679] [2259] [HailoRT] [info] [control.cpp:108] [control__parse_identify_results] firmware_version is: 4.20.0
[2025-11-20 14:47:40.680] [2259] [HailoRT] [info] [control.cpp:108] [control__parse_identify_results] firmware_version is: 4.20.0
[2025-11-20 14:47:40.740] [2270] [HailoRT] [info] [device.cpp:49] [Device] OS Version: Linux 6.12.47+rpt-rpi-2712 #1 SMP PREEMPT Debian 1:6.12.47-1+rpt1~bookworm (2025-09-16) aarch64
[2025-11-20 14:47:40.741] [2270] [HailoRT] [info] [control.cpp:108] [control__parse_identify_results] firmware_version is: 4.20.0
[2025-11-20 14:47:40.742] [2270] [HailoRT] [info] [control.cpp:108] [control__parse_identify_results] firmware_version is: 4.20.0
[2025-11-20 14:47:41.112] [2244] [HailoRT] [info] [vdevice.cpp:523] [create] Creating vdevice with params: device_count: 1, scheduling_algorithm: ROUND_ROBIN, multi_process_service: false
[2025-11-20 14:47:41.135] [2244] [HailoRT] [info] [device.cpp:49] [Device] OS Version: Linux 6.12.47+rpt-rpi-2712 #1 SMP PREEMPT Debian 1:6.12.47-1+rpt1~bookworm (2025-09-16) aarch64
[2025-11-20 14:47:41.137] [2244] [HailoRT] [info] [control.cpp:108] [control__parse_identify_results] firmware_version is: 4.20.0
[2025-11-20 14:47:41.139] [2244] [HailoRT] [info] [vdevice.cpp:651] [create] VDevice Infos: 0001:01:00.0
[2025-11-20 14:47:41.256] [2244] [HailoRT] [info] [hef.cpp:1929] [get_network_group_and_network_name] No name was given. Addressing all networks of default network_group: yolov11n
[2025-11-20 14:47:41.256] [2244] [HailoRT] [info] [hef.cpp:1929] [get_network_group_and_network_name] No name was given. Addressing all networks of default network_group: yolov11n
[2025-11-20 14:47:41.322] [2244] [HailoRT] [info] [internal_buffer_manager.cpp:204] [print_execution_results] Planned internal buffer memory: CMA memory 0, user memory 2772480. memory to edge layer usage factor is 1
[2025-11-20 14:47:41.322] [2244] [HailoRT] [info] [internal_buffer_manager.cpp:212] [print_execution_results] Default Internal buffer planner executed successfully
[2025-11-20 14:47:41.347] [2244] [HailoRT] [info] [device_internal.cpp:57] [configure] Configuring HEF took 39.709444 milliseconds
[2025-11-20 14:47:41.347] [2244] [HailoRT] [info] [vdevice.cpp:749] [configure] Configuring HEF on VDevice took 40.455929 milliseconds
[2025-11-20 14:47:41.347] [2244] [HailoRT] [info] [infer_model.cpp:436] [configure] Configuring network group 'yolov11n' with params: batch size: 2, power mode: PERFORMANCE, latency: NONE
[2025-11-20 14:47:41.352] [2244] [HailoRT] [info] [multi_io_elements.cpp:756] [create] Created (AsyncHwEl)
[2025-11-20 14:47:41.352] [2244] [HailoRT] [info] [queue_elements.cpp:450] [create] Created (EntryPushQEl0yolov11n/input_layer1 | timeout: 10s)
[2025-11-20 14:47:41.352] [2244] [HailoRT] [info] [filter_elements.cpp:101] [create] Created (PreInferEl3yolov11n/input_layer1 | Reorder - src_order: RGB4, src_shape: (640, 640, 3), dst_order: NHCW, dst_shape: (640, 640, 3))
[2025-11-20 14:47:41.352] [2244] [HailoRT] [info] [queue_elements.cpp:450] [create] Created (PushQEl3yolov11n/input_layer1 | timeout: 10s)
[2025-11-20 14:47:41.352] [2244] [HailoRT] [info] [multi_io_elements.cpp:135] [create] Created (NmsPPMuxEl0YOLOV8-Post-Process | Op YOLOV8, Name: YOLOV8-Post-Process, Score threshold: 0.300, IoU threshold: 0.45, Classes: 80, Cross classes: false, NMS results order: BY_CLASS, Max bboxes per class: 100, Image height: 640, Image width: 640)
[2025-11-20 14:47:41.353] [2244] [HailoRT] [info] [queue_elements.cpp:942] [create] Created (MultiPushQEl0YOLOV8-Post-Process | timeout: 10s)
[2025-11-20 14:47:41.353] [2244] [HailoRT] [info] [edge_elements.cpp:187] [create] Created (LastAsyncEl0NmsPPMuxEl0YOLOV8-Post-Process)
[2025-11-20 14:47:41.353] [2244] [HailoRT] [info] [pipeline.cpp:891] [print_deep_description] EntryPushQEl0yolov11n/input_layer1 | inputs: user | outputs: PreInferEl3yolov11n/input_layer1(running in thread_id: 2317)
[2025-11-20 14:47:41.354] [2244] [HailoRT] [info] [pipeline.cpp:891] [print_deep_description] PreInferEl3yolov11n/input_layer1 | inputs: EntryPushQEl0yolov11n/input_layer1[0] | outputs: PushQEl3yolov11n/input_layer1
[2025-11-20 14:47:41.354] [2244] [HailoRT] [info] [pipeline.cpp:891] [print_deep_description] PushQEl3yolov11n/input_layer1 | inputs: PreInferEl3yolov11n/input_layer1[0] | outputs: AsyncHwEl(running in thread_id: 2318)
[2025-11-20 14:47:41.354] [2244] [HailoRT] [info] [pipeline.cpp:891] [print_deep_description] AsyncHwEl | inputs: PushQEl3yolov11n/input_layer1[0] | outputs: MultiPushQEl0YOLOV8-Post-Process MultiPushQEl0YOLOV8-Post-Process MultiPushQEl0YOLOV8-Post-Process MultiPushQEl0YOLOV8-Post-Process MultiPushQEl0YOLOV8-Post-Process MultiPushQEl0YOLOV8-Post-Process
[2025-11-20 14:47:41.354] [2244] [HailoRT] [info] [pipeline.cpp:891] [print_deep_description] MultiPushQEl0YOLOV8-Post-Process | inputs: AsyncHwEl[0] AsyncHwEl[1] AsyncHwEl[2] AsyncHwEl[3] AsyncHwEl[4] AsyncHwEl[5] | outputs: NmsPPMuxEl0YOLOV8-Post-Process(running in thread_id: 2319)
[2025-11-20 14:47:41.354] [2244] [HailoRT] [info] [pipeline.cpp:891] [print_deep_description] NmsPPMuxEl0YOLOV8-Post-Process | inputs: MultiPushQEl0YOLOV8-Post-Process[0] | outputs: LastAsyncEl0NmsPPMuxEl0YOLOV8-Post-Process
[2025-11-20 14:47:41.354] [2244] [HailoRT] [info] [pipeline.cpp:891] [print_deep_description] LastAsyncEl0NmsPPMuxEl0YOLOV8-Post-Process | inputs: NmsPPMuxEl0YOLOV8-Post-Process[0] | outputs: user
[2025-11-20 14:47:42.164] [2305] [HailoRT] [info] [hef.cpp:1929] [get_network_group_and_network_name] No name was given. Addressing all networks of default network_group: yolov11n
[2025-11-21 16:08:24.762] [3216] [HailoRT] [info] [device.cpp:49] [Device] OS Version: Linux 6.12.47+rpt-rpi-2712 #1 SMP PREEMPT Debian 1:6.12.47-1+rpt1~bookworm (2025-09-16) aarch64
[2025-11-21 16:08:24.763] [3216] [HailoRT] [info] [control.cpp:108] [control__parse_identify_results] firmware_version is: 4.20.0
[2025-11-21 16:08:24.764] [3216] [HailoRT] [info] [control.cpp:108] [control__parse_identify_results] firmware_version is: 4.20.0
[2025-11-21 16:08:24.818] [3227] [HailoRT] [info] [device.cpp:49] [Device] OS Version: Linux 6.12.47+rpt-rpi-2712 #1 SMP PREEMPT Debian 1:6.12.47-1+rpt1~bookworm (2025-09-16) aarch64
[2025-11-21 16:08:24.819] [3227] [HailoRT] [info] [control.cpp:108] [control__parse_identify_results] firmware_version is: 4.20.0
[2025-11-21 16:08:24.820] [3227] [HailoRT] [info] [control.cpp:108] [control__parse_identify_results] firmware_version is: 4.20.0
[2025-11-21 16:08:25.038] [3201] [HailoRT] [info] [vdevice.cpp:523] [create] Creating vdevice with params: device_count: 1, scheduling_algorithm: ROUND_ROBIN, multi_process_service: false
[2025-11-21 16:08:25.062] [3201] [HailoRT] [info] [device.cpp:49] [Device] OS Version: Linux 6.12.47+rpt-rpi-2712 #1 SMP PREEMPT Debian 1:6.12.47-1+rpt1~bookworm (2025-09-16) aarch64
[2025-11-21 16:08:25.063] [3201] [HailoRT] [info] [control.cpp:108] [control__parse_identify_results] firmware_version is: 4.20.0
[2025-11-21 16:08:25.065] [3201] [HailoRT] [info] [vdevice.cpp:651] [create] VDevice Infos: 0001:01:00.0
[2025-11-21 16:08:25.183] [3201] [HailoRT] [info] [hef.cpp:1929] [get_network_group_and_network_name] No name was given. Addressing all networks of default network_group: yolov11n
[2025-11-21 16:08:25.183] [3201] [HailoRT] [info] [hef.cpp:1929] [get_network_group_and_network_name] No name was given. Addressing all networks of default network_group: yolov11n
[2025-11-21 16:08:25.294] [3201] [HailoRT] [info] [internal_buffer_manager.cpp:204] [print_execution_results] Planned internal buffer memory: CMA memory 0, user memory 2772480. memory to edge layer usage factor is 1
[2025-11-21 16:08:25.294] [3201] [HailoRT] [info] [internal_buffer_manager.cpp:212] [print_execution_results] Default Internal buffer planner executed successfully
[2025-11-21 16:08:25.309] [3201] [HailoRT] [info] [device_internal.cpp:57] [configure] Configuring HEF took 23.223868 milliseconds
[2025-11-21 16:08:25.310] [3201] [HailoRT] [info] [vdevice.cpp:749] [configure] Configuring HEF on VDevice took 23.98468 milliseconds
[2025-11-21 16:08:25.310] [3201] [HailoRT] [info] [infer_model.cpp:436] [configure] Configuring network group 'yolov11n' with params: batch size: 2, power mode: PERFORMANCE, latency: NONE
[2025-11-21 16:08:25.314] [3201] [HailoRT] [info] [multi_io_elements.cpp:756] [create] Created (AsyncHwEl)
[2025-11-21 16:08:25.315] [3201] [HailoRT] [info] [queue_elements.cpp:450] [create] Created (EntryPushQEl0yolov11n/input_layer1 | timeout: 10s)
[2025-11-21 16:08:25.315] [3201] [HailoRT] [info] [filter_elements.cpp:101] [create] Created (PreInferEl3yolov11n/input_layer1 | Reorder - src_order: RGB4, src_shape: (640, 640, 3), dst_order: NHCW, dst_shape: (640, 640, 3))
[2025-11-21 16:08:25.315] [3201] [HailoRT] [info] [queue_elements.cpp:450] [create] Created (PushQEl3yolov11n/input_layer1 | timeout: 10s)
[2025-11-21 16:08:25.315] [3201] [HailoRT] [info] [multi_io_elements.cpp:135] [create] Created (NmsPPMuxEl0YOLOV8-Post-Process | Op YOLOV8, Name: YOLOV8-Post-Process, Score threshold: 0.300, IoU threshold: 0.45, Classes: 80, Cross classes: false, NMS results order: BY_CLASS, Max bboxes per class: 100, Image height: 640, Image width: 640)
[2025-11-21 16:08:25.315] [3201] [HailoRT] [info] [queue_elements.cpp:942] [create] Created (MultiPushQEl0YOLOV8-Post-Process | timeout: 10s)
[2025-11-21 16:08:25.315] [3201] [HailoRT] [info] [edge_elements.cpp:187] [create] Created (LastAsyncEl0NmsPPMuxEl0YOLOV8-Post-Process)
[2025-11-21 16:08:25.315] [3201] [HailoRT] [info] [pipeline.cpp:891] [print_deep_description] EntryPushQEl0yolov11n/input_layer1 | inputs: user | outputs: PreInferEl3yolov11n/input_layer1(running in thread_id: 3273)
[2025-11-21 16:08:25.316] [3201] [HailoRT] [info] [pipeline.cpp:891] [print_deep_description] PreInferEl3yolov11n/input_layer1 | inputs: EntryPushQEl0yolov11n/input_layer1[0] | outputs: PushQEl3yolov11n/input_layer1
[2025-11-21 16:08:25.316] [3201] [HailoRT] [info] [pipeline.cpp:891] [print_deep_description] PushQEl3yolov11n/input_layer1 | inputs: PreInferEl3yolov11n/input_layer1[0] | outputs: AsyncHwEl(running in thread_id: 3274)
[2025-11-21 16:08:25.316] [3201] [HailoRT] [info] [pipeline.cpp:891] [print_deep_description] AsyncHwEl | inputs: PushQEl3yolov11n/input_layer1[0] | outputs: MultiPushQEl0YOLOV8-Post-Process MultiPushQEl0YOLOV8-Post-Process MultiPushQEl0YOLOV8-Post-Process MultiPushQEl0YOLOV8-Post-Process MultiPushQEl0YOLOV8-Post-Process MultiPushQEl0YOLOV8-Post-Process
[2025-11-21 16:08:25.316] [3201] [HailoRT] [info] [pipeli[2025-12-09 16:00:23.796] [4027] [HailoRT] [info] [device.cpp:49] [Device] OS Version: Linux 6.12.47+rpt-rpi-2712 #1 SMP PREEMPT Debian 1:6.12.47-1+rpt1~bookworm (2025-09-16) aarch64
[2025-12-09 16:00:23.798] [4027] [HailoRT] [info] [control.cpp:108] [control__parse_identify_results] firmware_version is: 4.20.0
[2025-12-09 16:00:23.799] [4027] [HailoRT] [info] [control.cpp:108] [control__parse_identify_results] firmware_version is: 4.20.0
[2025-12-09 16:00:23.845] [4035] [HailoRT] [info] [device.cpp:49] [Device] OS Version: Linux 6.12.47+rpt-rpi-2712 #1 SMP PREEMPT Debian 1:6.12.47-1+rpt1~bookworm (2025-09-16) aarch64
[2025-12-09 16:00:23.846] [4035] [HailoRT] [info] [control.cpp:108] [control__parse_identify_results] firmware_version is: 4.20.0
[2025-12-09 16:00:23.847] [4035] [HailoRT] [info] [control.cpp:108] [control__parse_identify_results] firmware_version is: 4.20.0
[2025-12-09 16:00:23.925] [4014] [HailoRT] [info] [vdevice.cpp:523] [create] Creating vdevice with params: device_count: 1, scheduling_algorithm: ROUND_ROBIN, multi_process_service: false
[2025-12-09 16:00:23.936] [4014] [HailoRT] [info] [device.cpp:49] [Device] OS Version: Linux 6.12.47+rpt-rpi-2712 #1 SMP PREEMPT Debian 1:6.12.47-1+rpt1~bookworm (2025-09-16) aarch64
[2025-12-09 16:00:23.938] [4014] [HailoRT] [info] [control.cpp:108] [control__parse_identify_results] firmware_version is: 4.20.0
[2025-12-09 16:00:23.938] [4014] [HailoRT] [info] [vdevice.cpp:651] [create] VDevice Infos: 0001:01:00.0
[2025-12-09 16:00:23.965] [4014] [HailoRT] [info] [hef.cpp:1929] [get_network_group_and_network_name] No name was given. Addressing all networks of default network_group: yolov11n
[2025-12-09 16:00:23.965] [4014] [HailoRT] [info] [hef.cpp:1929] [get_network_group_and_network_name] No name was given. Addressing all networks of default network_group: yolov11n
[2025-12-09 16:00:24.052] [4052] [HailoRT] [info] [internal_buffer_manager.cpp:204] [print_execution_results] Planned internal buffer memory: CMA memory 0, user memory 2772480. memory to edge layer usage factor is 1
[2025-12-09 16:00:24.052] [4052] [HailoRT] [info] [internal_buffer_manager.cpp:212] [print_execution_results] Default Internal buffer planner executed successfully
[2025-12-09 16:00:24.090] [4052] [HailoRT] [info] [device_internal.cpp:57] [configure] Configuring HEF took 44.978923 milliseconds
[2025-12-09 16:00:24.090] [4052] [HailoRT] [info] [vdevice.cpp:749] [configure] Configuring HEF on VDevice took 45.310107 milliseconds
[2025-12-09 16:00:24.090] [4052] [HailoRT] [info] [infer_model.cpp:436] [configure] Configuring network group 'yolov11n' with params: batch size: 2, power mode: PERFORMANCE, latency: NONE
[2025-12-09 16:00:24.090] [4052] [HailoRT] [info] [multi_io_elements.cpp:756] [create] Created (AsyncHwEl)
[2025-12-09 16:00:24.090] [4052] [HailoRT] [info] [queue_elements.cpp:450] [create] Created (EntryPushQEl0yolov11n/input_layer1 | timeout: 10s)
[2025-12-09 16:00:24.090] [4052] [HailoRT] [info] [filter_elements.cpp:101] [create] Created (PreInferEl3yolov11n/input_layer1 | Reorder - src_order: RGB4, src_shape: (640, 640, 3), dst_order: NHCW, dst_shape: (640, 640, 3))
[2025-12-09 16:00:24.091] [4052] [HailoRT] [info] [queue_elements.cpp:450] [create] Created (PushQEl3yolov11n/input_layer1 | timeout: 10s)
[2025-12-09 16:00:24.091] [4052] [HailoRT] [info] [multi_io_elements.cpp:135] [create] Created (NmsPPMuxEl0YOLOV8-Post-Process | Op YOLOV8, Name: YOLOV8-Post-Process, Score threshold: 0.300, IoU threshold: 0.45, Classes: 80, Cross classes: false, NMS results order: BY_CLASS, Max bboxes per class: 100, Image height: 640, Image width: 640)
[2025-12-09 16:00:24.091] [4052] [HailoRT] [info] [queue_elements.cpp:942] [create] Created (MultiPushQEl0YOLOV8-Post-Process | timeout: 10s)
[2025-12-09 16:00:24.091] [4052] [HailoRT] [info] [edge_elements.cpp:187] [create] Created (LastAsyncEl0NmsPPMuxEl0YOLOV8-Post-Process)
[2025-12-09 16:00:24.091] [4052] [HailoRT] [info] [pipeline.cpp:891] [print_deep_description] EntryPushQEl0yolov11n/input_layer1 | inputs: user | outputs: PreInferEl3yolov11n/input_layer1(running in thread_id: 4083)
[2025-12-09 16:00:24.091] [4052] [HailoRT] [info] [pipeline.cpp:891] [print_deep_description] PreInferEl3yolov11n/input_layer1 | inputs: EntryPushQEl0yolov11n/input_layer1[0] | outputs: PushQEl3yolov11n/input_layer1
[2025-12-09 16:00:24.091] [4052] [HailoRT] [info] [pipeline.cpp:891] [print_deep_description] PushQEl3yolov11n/input_layer1 | inputs: PreInferEl3yolov11n/input_layer1[0] | outputs: AsyncHwEl(running in thread_id: 4084)
[2025-12-09 16:00:24.091] [4052] [HailoRT] [info] [pipeline.cpp:891] [print_deep_description] AsyncHwEl | inputs: PushQEl3yolov11n/input_layer1[0] | outputs: MultiPushQEl0YOLOV8-Post-Process MultiPushQEl0YOLOV8-Post-Process MultiPushQEl0YOLOV8-Post-Process MultiPushQEl0YOLOV8-Post-Process MultiPushQEl0YOLOV8-Post-Process MultiPushQEl0YOLOV8-Post-Process
[2025-12-09 16:00:24.091] [4052] [HailoRT] [info] [pipeline.cpp:891] [print_deep_description] MultiPushQEl0YOLOV8-Post-Process | inputs: AsyncHwEl[0] AsyncHwEl[1] AsyncHwEl[2] AsyncHwEl[3] AsyncHwEl[4] AsyncHwEl[5] | outputs: NmsPPMuxEl0YOLOV8-Post-Process(running in thread_id: 4085)
[2025-12-09 16:00:24.091] [4052] [HailoRT] [info] [pipeline.cpp:891] [print_deep_description] NmsPPMuxEl0YOLOV8-Post-Process | inputs: MultiPushQEl0YOLOV8-Post-Process[0] | outputs: LastAsyncEl0NmsPPMuxEl0YOLOV8-Post-Process
[2025-12-09 16:00:24.091] [4052] [HailoRT] [info] [pipeline.cpp:891] [print_deep_description] LastAsyncEl0NmsPPMuxEl0YOLOV8-Post-Process | inputs: NmsPPMuxEl0YOLOV8-Post-Process[0] | outputs: user
[2025-12-09 16:00:25.414] [4070] [HailoRT] [info] [hef.cpp:1929] [get_network_group_and_network_name] No name was given. Addressing all networks of default network_group: yolov11n
[2025-12-09 16:01:49.603] [4299] [HailoRT] [info] [device.cpp:49] [Device] OS Version: Linux 6.12.47+rpt-rpi-2712 #1 SMP PREEMPT Debian 1:6.12.47-1+rpt1~bookworm (2025-09-16) aarch64
[2025-12-09 16:01:49.604] [4299] [HailoRT] [info] [control.cpp:108] [control__parse_identify_results] firmware_version is: 4.20.0
[2025-12-09 16:01:49.605] [4299] [HailoRT] [info] [control.cpp:108] [control__parse_identify_results] firmware_version is: 4.20.0
[2025-12-09 16:01:49.668] [4315] [HailoRT] [info] [device.cpp:49] [Device] OS Version: Linux 6.12.47+rpt-rpi-2712 #1 SMP PREEMPT Debian 1:6.12.47-1+rpt1~bookworm (2025-09-16) aarch64
[2025-12-09 16:01:49.670] [4315] [HailoRT] [info] [control.cpp:108] [control__parse_identify_results] firmware_version is: 4.20.0
[2025-12-09 16:01:49.671] [4315] [HailoRT] [info] [control.cpp:108] [control__parse_identify_results] firmware_version is: 4.20.0
[2025-12-09 16:01:49.735] [4237] [HailoRT] [info] [vdevice.cpp:523] [create] Creating vdevice with params: device_count: 1, scheduling_algorithm: ROUND_ROBIN, multi_process_service: false
[2025-12-09 16:01:49.747] [4237] [HailoRT] [info] [device.cpp:49] [Device] OS Version: Linux 6.12.47+rpt-rpi-2712 #1 SMP PREEMPT Debian 1:6.12.47-1+rpt1~bookworm (2025-09-16) aarch64
[2025-12-09 16:01:49.749] [4237] [HailoRT] [info] [control.cpp:108] [control__parse_identify_results] firmware_version is: 4.20.0
[2025-12-09 16:01:49.749] [4237] [HailoRT] [info] [vdevice.cpp:651] [create] VDevice Infos: 0001:01:00.0
[2025-12-09 16:01:49.775] [4237] [HailoRT] [info] [hef.cpp:1929] [get_network_group_and_network_name] No name was given. Addressing all networks of default network_group: yolov11n
[2025-12-09 16:01:49.775] [4237] [HailoRT] [info] [hef.cpp:1929] [get_network_group_and_network_name] No name was given. Addressing all networks of default network_group: yolov11n
[2025-12-09 16:01:49.845] [4332] [HailoRT] [info] [internal_buffer_manager.cpp:204] [print_execution_results] Planned internal buffer memory: CMA memory 0, user memory 2772480. memory to edge layer usage factor is 1
[2025-12-09 16:01:49.845] [4332] [HailoRT] [info] [internal_buffer_manager.cpp:212] [print_execution_results] Default Internal buffer planner executed successfully
[2025-12-09 16:01:49.871] [4332] [HailoRT] [info] [device_internal.cpp:57] [configure] Configuring HEF took 35.402002 milliseconds
[2025-12-09 16:01:49.871] [4332] [HailoRT] [info] [vdevice.cpp:749] [configure] Configuring HEF on VDevice took 35.82652 milliseconds
[2025-12-09 16:01:49.871] [4332] [HailoRT] [info] [infer_model.cpp:436] [configure] Configuring network group 'yolov11n' with params: batch size: 2, power mode: PERFORMANCE, latency: NONE
[2025-12-09 16:01:49.871] [4332] [HailoRT] [info] [multi_io_elements.cpp:756] [create] Created (AsyncHwEl)
[2025-12-09 16:01:49.871] [4332] [HailoRT] [info] [queue_elements.cpp:450] [create] Created (EntryPushQEl0yolov11n/input_layer1 | timeout: 10s)
[2025-12-09 16:01:49.871] [4332] [HailoRT] [info] [filter_elements.cpp:101] [create] Created (PreInferEl3yolov11n/input_layer1 | Reorder - src_order: RGB4, src_shape: (640, 640, 3), dst_order: NHCW, dst_shape: (640, 640, 3))
[2025-12-09 16:01:49.871] [4332] [HailoRT] [info] [queue_elements.cpp:450] [create] Created (PushQEl3yolov11n/input_layer1 | timeout: 10s)
[2025-12-09 16:01:49.871] [4332] [HailoRT] [info] [multi_io_elements.cpp:135] [create] Created (NmsPPMuxEl0YOLOV8-Post-Process | Op YOLOV8, Name: YOLOV8-Post-Process, Score threshold: 0.300, IoU threshold: 0.45, Classes: 80, Cross classes: false, NMS results order: BY_CLASS, Max bboxes per class: 100, Image height: 640, Image width: 640)
[2025-12-09 16:01:49.872] [4332] [HailoRT] [info] [queue_elements.cpp:942] [create] Created (MultiPushQEl0YOLOV8-Post-Process | timeout: 10s)
[2025-12-09 16:01:49.872] [4332] [HailoRT] [info] [edge_elements.cpp:187] [create] Created (LastAsyncEl0NmsPPMuxEl0YOLOV8-Post-Process)
[2025-12-09 16:01:49.872] [4332] [HailoRT] [info] [pipeline.cpp:891] [print_deep_description] EntryPushQEl0yolov11n/input_layer1 | inputs: user | outputs: PreInferEl3yolov11n/input_layer1(running in thread_id: 4365)
[2025-12-09 16:01:49.872] [4332] [HailoRT] [info] [pipeline.cpp:891] [print_deep_description] PreInferEl3yolov11n/input_layer1 | inputs: EntryPushQEl0yolov11n/input_layer1[0] | outputs: PushQEl3yolov11n/input_layer1
[2025-12-09 16:01:49.872] [4332] [HailoRT] [info] [pipeline.cpp:891] [print_deep_description] PushQEl3yolov11n/input_layer1 | inputs: PreInferEl3yolov11n/input_layer1[0] | outputs: AsyncHwEl(running in thread_id: 4366)
[2025-12-09 16:01:49.872] [4332] [HailoRT] [info] [pipeline.cpp:891] [print_deep_description] AsyncHwEl | inputs: PushQEl3yolov11n/input_layer1[0] | outputs: MultiPushQEl0YOLOV8-Post-Process MultiPushQEl0YOLOV8-Post-Process MultiPushQEl0YOLOV8-Post-Process MultiPushQEl0YOLOV8-Post-Process MultiPushQEl0YOLOV8-Post-Process MultiPushQEl0YOLOV8-Post-Process
[2025-12-09 16:01:49.872] [4332] [HailoRT] [info] [pipeline.cpp:891] [print_deep_description] MultiPushQEl0YOLOV8-Post-Process | inputs: AsyncHwEl[0] AsyncHwEl[1] AsyncHwEl[2] AsyncHwEl[3] AsyncHwEl[4] AsyncHwEl[5] | outputs: NmsPPMuxEl0YOLOV8-Post-Process(running in thread_id: 4367)
[2025-12-09 16:01:49.872] [4332] [HailoRT] [info] [pipeline.cpp:891] [print_deep_description] NmsPPMuxEl0YOLOV8-Post-Process | inputs: MultiPushQEl0YOLOV8-Post-Process[0] | outputs: LastAsyncEl0NmsPPMuxEl0YOLOV8-Post-Process
[2025-12-09 16:01:49.872] [4332] [HailoRT] [info] [pipeline.cpp:891] [print_deep_description] LastAsyncEl0NmsPPMuxEl0YOLOV8-Post-Process | inputs: NmsPPMuxEl0YOLOV8-Post-Process[0] | outputs: user
[2025-12-09 16:01:51.202] [4352] [HailoRT] [info] [hef.cpp:1929] [get_network_group_and_network_name] No name was given. Addressing all networks of default network_group: yolov11n
[2025-12-09 16:13:56.312] [4786] [HailoRT] [info] [device.cpp:49] [Device] OS Version: Linux 6.12.47+rpt-rpi-2712 #1 SMP PREEMPT Debian 1:6.12.47-1+rpt1~bookworm (2025-09-16) aarch64
[2025-12-09 16:13:56.313] [4786] [HailoRT] [info] [control.cpp:108] [control__parse_identify_results] firmware_version is: 4.20.0
[2025-12-09 16:13:56.316] [4786] [HailoRT] [info] [control.cpp:108] [control__parse_identify_results] firmware_version is: 4.20.0
[2025-12-09 16:13:56.384] [4794] [HailoRT] [info] [device.cpp:49] [Device] OS Version: Linux 6.12.47+rpt-rpi-2712 #1 SMP PREEMPT Debian 1:6.12.47-1+rpt1~bookworm (2025-09-16) aarch64
[2025-12-09 16:13:56.386] [4794] [HailoRT] [info] [control.cpp:108] [control__parse_identify_results] firmware_version is: 4.20.0
[2025-12-09 16:13:56.387] [4794] [HailoRT] [info] [control.cpp:108] [control__parse_identify_results] firmware_version is: 4.20.0
[2025-12-09 16:13:56.450] [4772] [HailoRT] [info] [vdevice.cpp:523] [create] Creating vdevice with params: device_count: 1, scheduling_algorithm: ROUND_ROBIN, multi_process_service: false
[2025-12-09 16:13:56.462] [4772] [HailoRT] [info] [device.cpp:49] [Device] OS Version: Linux 6.12.47+rpt-rpi-2712 #1 SMP PREEMPT Debian 1:6.12.47-1+rpt1~bookworm (2025-09-16) aarch64
[2025-12-09 16:13:56.464] [4772] [HailoRT] [info] [control.cpp:108] [control__parse_identify_results] firmware_version is: 4.20.0
[2025-12-09 16:13:56.464] [4772] [HailoRT] [info] [vdevice.cpp:651] [create] VDevice Infos: 0001:01:00.0
[2025-12-09 16:13:56.490] [4772] [HailoRT] [info] [hef.cpp:1929] [get_network_group_and_network_name] No name was given. Addressing all networks of default network_group: yolov11n
[2025-12-09 16:13:56.490] [4772] [HailoRT] [info] [hef.cpp:1929] [get_network_group_and_network_name] No name was given. Addressing all networks of default network_group: yolov11n
[2025-12-09 16:13:56.572] [4811] [HailoRT] [info] [internal_buffer_manager.cpp:204] [print_execution_results] Planned internal buffer memory: CMA memory 0, user memory 2772480. memory to edge layer usage factor is 1
[2025-12-09 16:13:56.572] [4811] [HailoRT] [info] [internal_buffer_manager.cpp:212] [print_execution_results] Default Internal buffer planner executed successfully
[2025-12-09 16:13:56.637] [4811] [HailoRT] [info] [device_internal.cpp:57] [configure] Configuring HEF took 76.332166 milliseconds
[2025-12-09 16:13:56.638] [4811] [HailoRT] [info] [vdevice.cpp:749] [configure] Configuring HEF on VDevice took 76.738611 milliseconds
[2025-12-09 16:13:56.638] [4811] [HailoRT] [info] [infer_model.cpp:436] [configure] Configuring network group 'yolov11n' with params: batch size: 2, power mode: PERFORMANCE, latency: NONE
[2025-12-09 16:13:56.638] [4811] [HailoRT] [info] [multi_io_elements.cpp:756] [create] Created (AsyncHwEl)
[2025-12-09 16:13:56.638] [4811] [HailoRT] [info] [queue_elements.cpp:450] [create] Created (EntryPushQEl0yolov11n/input_layer1 | timeout: 10s)
[2025-12-09 16:13:56.638] [4811] [HailoRT] [info] [filter_elements.cpp:101] [create] Created (PreInferEl3yolov11n/input_layer1 | Reorder - src_order: RGB4, src_shape: (640, 640, 3), dst_order: NHCW, dst_shape: (640, 640, 3))
[2025-12-09 16:13:56.638] [4811] [HailoRT] [info] [queue_elements.cpp:450] [create] Created (PushQEl3yolov11n/input_layer1 | timeout: 10s)
[2025-12-09 16:13:56.638] [4811] [HailoRT] [info] [multi_io_elements.cpp:135] [create] Created (NmsPPMuxEl0YOLOV8-Post-Process | Op YOLOV8, Name: YOLOV8-Post-Process, Score threshold: 0.300, IoU threshold: 0.45, Classes: 80, Cross classes: false, NMS results order: BY_CLASS, Max bboxes per class: 100, Image height: 640, Image width: 640)
[2025-12-09 16:13:56.639] [4811] [HailoRT] [info] [queue_elements.cpp:942] [create] Created (MultiPushQEl0YOLOV8-Post-Process | timeout: 10s)
[2025-12-09 16:13:56.639] [4811] [HailoRT] [info] [edge_elements.cpp:187] [create] Created (LastAsyncEl0NmsPPMuxEl0YOLOV8-Post-Process)
[2025-12-09 16:13:56.639] [4811] [HailoRT] [info] [pipeline.cpp:891] [print_deep_description] EntryPushQEl0yolov11n/input_layer1 | inputs: user | outputs: PreInferEl3yolov11n/input_layer1(running in thread_id: 4843)
[2025-12-09 16:13:56.639] [4811] [HailoRT] [info] [pipeline.cpp:891] [print_deep_description] PreInferEl3yolov11n/input_layer1 | inputs: EntryPushQEl0yolov11n/input_layer1[0] | outputs: PushQEl3yolov11n/input_layer1
[2025-12-09 16:13:56.639] [4811] [HailoRT] [info] [pipeline.cpp:891] [print_deep_description] PushQEl3yolov11n/input_layer1 | inputs: PreInferEl3yolov11n/input_layer1[0] | outputs: AsyncHwEl(running in thread_id: 4844)
[2025-12-09 16:13:56.639] [4811] [HailoRT] [info] [pipeline.cpp:891] [print_deep_description] AsyncHwEl | inputs: PushQEl3yolov11n/input_layer1[0] | outputs: MultiPushQEl0YOLOV8-Post-Process MultiPushQEl0YOLOV8-Post-Process MultiPushQEl0YOLOV8-Post-Process MultiPushQEl0YOLOV8-Post-Process MultiPushQEl0YOLOV8-Post-Process MultiPushQEl0YOLOV8-Post-Process
[2025-12-09 16:13:56.641] [4811] [HailoRT] [info] [pipeline.cpp:891] [print_deep_description] MultiPushQEl0YOLOV8-Post-Process | inputs: AsyncHwEl[0] AsyncHwEl[1] AsyncHwEl[2] AsyncHwEl[3] AsyncHwEl[4] AsyncHwEl[5] | outputs: NmsPPMuxEl0YOLOV8-Post-Process(running in thread_id: 4845)
[2025-12-09 16:13:56.641] [4811] [HailoRT] [info] [pipeline.cpp:891] [print_deep_description] NmsPPMuxEl0YOLOV8-Post-Process | inputs: MultiPushQEl0YOLOV8-Post-Process[0] | outputs: LastAsyncEl0NmsPPMuxEl0YOLOV8-Post-Process
[2025-12-09 16:13:56.641] [4811] [HailoRT] [info] [pipeline.cpp:891] [print_deep_description] LastAsyncEl0NmsPPMuxEl0YOLOV8-Post-Process | inputs: NmsPPMuxEl0YOLOV8-Post-Process[0] | outputs: user
[2025-12-09 16:13:57.972] [4829] [HailoRT] [info] [hef.cpp:1929] [get_network_group_and_network_name] No name was given. Addressing all networks of default network_group: yolov11n
